{
  "Dataset": {
    "AtomTypeStyle": "chemicalsymbol",
    "Data": [
      {
        "AtomTypes": [
          "C",
          "C",
          "C",
          "C",
          "C",
          "C",
          "C",
          "C",
          "C",
          "C",
          "C",
          "C",
          "C",
          "C",
          "C",
          "C",
          "C",
          "C",
          "C",
          "C",
          "C",
          "C",
          "C",
          "C",
          "C",
          "C",
          "C",
          "C",
          "C",
          "C",
          "C",
          "C",
          "C",
          "C",
          "C",
          "C",
          "C",
          "C",
          "C",
          "C",
          "C",
          "C",
          "C",
          "C",
          "C",
          "C",
          "C",
          "C",
          "C",
          "C",
          "C",
          "C",
          "C",
          "C",
          "C",
          "C",
          "C",
          "C",
          "C",
          "C",
          "C",
          "C",
          "C",
          "C",
          "C",
          "C",
          "C",
          "C",
          "C",
          "H"
        ],
        "Energy": -540.89131884,
        "Forces": [
          [
            0.015442,
            0.00572,
            0.0
          ],
          [
            0.017261,
            0.027955,
            0.0
          ],
          [
            0.010809,
            -0.005995,
            0.0
          ],
          [
            -0.004724,
            0.003741,
            0.0
          ],
          [
            0.004603,
            0.001018,
            0.0
          ],
          [
            0.005271,
            0.009608,
            0.0
          ],
          [
            0.004427,
            0.001003,
            0.0
          ],
          [
            -0.0019,
            0.033497,
            0.0
          ],
          [
            -0.025704,
            0.002129,
            0.0
          ],
          [
            0.007247,
            -0.000752,
            0.0
          ],
          [
            0.000114,
            0.010178,
            0.0
          ],
          [
            -0.002337,
            -0.000824,
            0.0
          ],
          [
            -0.00954,
            0.006562,
            0.0
          ],
          [
            0.005685,
            0.027983,
            0.0
          ],
          [
            -0.019413,
            -0.008006,
            0.0
          ],
          [
            -0.002752,
            -0.00653,
            0.0
          ],
          [
            -0.007364,
            -0.010149,
            0.0
          ],
          [
            -0.005103,
            -0.002092,
            0.0
          ],
          [
            -0.003791,
            -0.001158,
            0.0
          ],
          [
            0.011516,
            -0.003218,
            0.0
          ],
          [
            -0.017104,
            -0.050286,
            0.0
          ],
          [
            -0.005651,
            -0.013185,
            0.0
          ],
          [
            -0.000578,
            0.002759,
            0.0
          ],
          [
            0.001192,
            -0.000944,
            0.0
          ],
          [
            -0.026024,
            0.016283,
            0.0
          ],
          [
            -0.012395,
            -0.010316,
            0.0
          ],
          [
            -0.003572,
            -0.007896,
            0.0
          ],
          [
            0.001522,
            -0.004423,
            0.0
          ],
          [
            -0.004826,
            -0.03347,
            0.0
          ],
          [
            0.003079,
            0.008438,
            0.0
          ],
          [
            0.001147,
            0.003655,
            0.0
          ],
          [
            0.008572,
            0.000216,
            0.0
          ],
          [
            -5.6e-05,
            0.005374,
            0.0
          ],
          [
            0.005118,
            0.012946,
            0.0
          ],
          [
            -0.002708,
            0.025568,
            0.0
          ],
          [
            0.011776,
            0.03809,
            0.0
          ],
          [
            0.039367,
            -0.008981,
            0.0
          ],
          [
            -0.006823,
            0.001607,
            0.0
          ],
          [
            -0.000858,
            0.002565,
            0.0
          ],
          [
            0.001471,
            0.002141,
            0.0
          ],
          [
            -0.006607,
            0.020343,
            0.0
          ],
          [
            -0.008772,
            0.023608,
            0.0
          ],
          [
            0.042858,
            -0.045154,
            0.0
          ],
          [
            0.009424,
            0.005118,
            0.0
          ],
          [
            0.015062,
            -0.005754,
            0.0
          ],
          [
            -0.000809,
            0.003163,
            0.0
          ],
          [
            0.004372,
            0.002263,
            0.0
          ],
          [
            0.0164,
            0.020902,
            0.0
          ],
          [
            0.002394,
            -0.02605,
            0.0
          ],
          [
            -0.011496,
            -0.023087,
            0.0
          ],
          [
            -0.001519,
            0.003877,
            0.0
          ],
          [
            -0.002789,
            -0.001482,
            0.0
          ],
          [
            0.006531,
            0.000697,
            0.0
          ],
          [
            0.014823,
            -0.002225,
            0.0
          ],
          [
            -0.010742,
            -0.039286,
            0.0
          ],
          [
            0.00197,
            0.008121,
            0.0
          ],
          [
            0.011965,
            -0.000839,
            0.0
          ],
          [
            0.010707,
            -0.006082,
            0.0
          ],
          [
            -0.006659,
            0.000549,
            0.0
          ],
          [
            -0.004798,
            -0.012132,
            0.0
          ],
          [
            -0.010856,
            -0.019964,
            0.0
          ],
          [
            -0.016245,
            0.012871,
            0.0
          ],
          [
            0.0029,
            0.005217,
            0.0
          ],
          [
            -0.004598,
            -0.004721,
            0.0
          ],
          [
            0.001857,
            -0.011298,
            0.0
          ],
          [
            -0.003251,
            0.002532,
            0.0
          ],
          [
            0.002702,
            0.002778,
            0.0
          ],
          [
            0.003275,
            0.001802,
            0.0
          ],
          [
            -0.027036,
            -0.005399,
            0.0
          ],
          [
            -0.023457,
            0.008822,
            0.0
          ]
        ],
        "Lattice": [
          [
            14.79,
            0.0,
            0.0
          ],
          [
            -7.395,
            12.808514835,
            0.0
          ],
          [
            0.0,
            0.0,
            14.909274194
          ]
        ],
        "NumAtoms": 70,
        "Positions": [
          [
            0.0225,
            0.06287,
            0.74546
          ],
          [
            13.51589,
            2.14337,
            0.74546
          ],
          [
            12.25773,
            4.2588,
            0.74546
          ],
          [
            11.05918,
            6.40699,
            0.74546
          ],
          [
            9.80197,
            8.55271,
            0.74546
          ],
          [
            -6.15271,
            10.70238,
            0.74546
          ],
          [
            2.47714,
            0.03773,
            0.74546
          ],
          [
            1.23311,
            2.21475,
            0.74546
          ],
          [
            -0.12624,
            4.22278,
            0.74546
          ],
          [
            -1.18686,
            6.37047,
            0.74546
          ],
          [
            -2.46861,
            8.51497,
            0.74546
          ],
          [
            -3.68556,
            10.6717,
            0.74546
          ],
          [
            4.93936,
            0.00122,
            0.74546
          ],
          [
            3.65464,
            2.21732,
            0.74546
          ],
          [
            1.61994,
            6.63087,
            0.74546
          ],
          [
            0.02984,
            8.44469,
            0.74546
          ],
          [
            -1.19004,
            10.62372,
            0.74546
          ],
          [
            0.02779,
            12.739,
            0.74546
          ],
          [
            6.13966,
            2.14361,
            0.74546
          ],
          [
            4.90403,
            4.34145,
            0.74546
          ],
          [
            2.33813,
            7.92163,
            0.74546
          ],
          [
            1.34236,
            10.50657,
            0.74546
          ],
          [
            2.50254,
            12.70561,
            0.74546
          ],
          [
            8.61482,
            2.0849,
            0.74546
          ],
          [
            7.37383,
            4.25972,
            0.74546
          ],
          [
            6.0308,
            6.40907,
            0.74546
          ],
          [
            3.81357,
            7.96016,
            0.74546
          ],
          [
            3.89273,
            10.5735,
            0.74546
          ],
          [
            12.33554,
            0.03832,
            0.74546
          ],
          [
            11.04812,
            2.11851,
            0.74546
          ],
          [
            9.80797,
            4.27368,
            0.74546
          ],
          [
            8.5378,
            6.43322,
            0.74546
          ],
          [
            7.24088,
            8.59312,
            0.74546
          ],
          [
            6.2148,
            10.77672,
            0.74546
          ],
          [
            1.25512,
            0.7737,
            0.74546
          ],
          [
            -0.06204,
            2.85882,
            0.74546
          ],
          [
            -1.29589,
            4.94709,
            0.74546
          ],
          [
            -2.45104,
            7.09513,
            0.74546
          ],
          [
            -3.72039,
            9.24171,
            0.74546
          ],
          [
            -4.91293,
            11.40217,
            0.74546
          ],
          [
            3.69645,
            0.75401,
            0.74546
          ],
          [
            2.43104,
            2.92171,
            0.74546
          ],
          [
            2.49077,
            5.39185,
            0.74546
          ],
          [
            0.10898,
            7.015,
            0.74546
          ],
          [
            -1.20762,
            9.19065,
            0.74546
          ],
          [
            -2.43602,
            11.37055,
            0.74546
          ],
          [
            6.17732,
            0.69092,
            0.74546
          ],
          [
            4.89952,
            2.91814,
            0.74546
          ],
          [
            3.88052,
            5.43164,
            0.74546
          ],
          [
            1.32387,
            9.04878,
            0.74546
          ],
          [
            0.07341,
            11.28624,
            0.74546
          ],
          [
            8.65254,
            0.63739,
            0.74546
          ],
          [
            7.37959,
            2.82454,
            0.74546
          ],
          [
            6.15615,
            4.97756,
            0.74546
          ],
          [
            4.58117,
            6.72028,
            0.74546
          ],
          [
            4.50641,
            9.21285,
            0.74546
          ],
          [
            2.57934,
            11.23088,
            0.74546
          ],
          [
            11.07859,
            0.69471,
            0.74546
          ],
          [
            9.82014,
            2.83278,
            0.74546
          ],
          [
            8.58008,
            4.99898,
            0.74546
          ],
          [
            7.25621,
            7.15413,
            0.74546
          ],
          [
            6.01401,
            9.38235,
            0.74546
          ],
          [
            4.98952,
            11.45958,
            0.74546
          ],
          [
            13.55897,
            0.74068,
            0.74546
          ],
          [
            12.27581,
            2.84101,
            0.74546
          ],
          [
            11.03465,
            4.98177,
            0.74546
          ],
          [
            9.80319,
            7.12491,
            0.74546
          ],
          [
            8.54745,
            9.27351,
            0.74546
          ],
          [
            7.43674,
            11.45413,
            0.74546
          ],
          [
            0.8093,
            4.73055,
            0.74546
          ]
        ],
        "Stress": [
          [
            -23.3596,
            19.81326,
            0.0
          ],
          [
            19.81326,
            -22.22327,
            0.0
          ],
          [
            0.0,
            0.0,
            -1.05795
          ]
        ],
        "computation_code": "VASP",
        "pseudopotential_information": [
          [
            "PAW_PBE",
            "C",
            "08Apr2002"
          ],
          [
            "PAW_PBE",
            "H",
            "15Jun2001"
          ]
        ]
      }
    ],
    "EnergyStyle": "electronvolt",
    "ForcesStyle": "electronvoltperangstrom",
    "LatticeStyle": "angstrom",
    "PositionsStyle": "angstrom",
    "StressStyle": "kB"
  }
}