{
  "Dataset": {
    "AtomTypeStyle": "chemicalsymbol",
    "Data": [
      {
        "AtomTypes": [
          "C",
          "C",
          "C",
          "C",
          "C",
          "C",
          "C",
          "C",
          "C",
          "C",
          "C",
          "C",
          "C",
          "C",
          "C",
          "C",
          "C",
          "C",
          "C",
          "C",
          "C",
          "C",
          "C",
          "C",
          "C",
          "C",
          "C",
          "C",
          "C",
          "C",
          "C",
          "C",
          "C",
          "C",
          "C",
          "C",
          "C",
          "C",
          "C",
          "C",
          "C",
          "C",
          "C",
          "C",
          "C",
          "C",
          "C",
          "C",
          "C",
          "C",
          "C",
          "C",
          "C",
          "C",
          "C",
          "C",
          "C",
          "C",
          "C",
          "C",
          "C",
          "C",
          "C",
          "C",
          "C",
          "C",
          "C",
          "C",
          "C",
          "H"
        ],
        "Energy": -540.89295062,
        "Forces": [
          [
            0.00026,
            0.019111,
            0.0
          ],
          [
            -0.006759,
            -0.005627,
            0.0
          ],
          [
            -0.009249,
            0.001679,
            0.0
          ],
          [
            0.013811,
            -0.007137,
            0.0
          ],
          [
            -0.00469,
            0.006873,
            0.0
          ],
          [
            0.010831,
            0.006466,
            0.0
          ],
          [
            -0.005163,
            0.026134,
            0.0
          ],
          [
            0.002222,
            -0.007491,
            0.0
          ],
          [
            -0.023065,
            -0.008098,
            0.0
          ],
          [
            -0.016407,
            0.004987,
            0.0
          ],
          [
            -0.005372,
            -0.005655,
            0.0
          ],
          [
            -0.002725,
            0.012579,
            0.0
          ],
          [
            -0.005442,
            0.00568,
            0.0
          ],
          [
            0.002744,
            0.005136,
            0.0
          ],
          [
            0.015153,
            -0.024678,
            0.0
          ],
          [
            -0.003468,
            -0.015773,
            0.0
          ],
          [
            -0.004654,
            0.007097,
            0.0
          ],
          [
            -0.004003,
            -0.000529,
            0.0
          ],
          [
            -0.007282,
            0.0083,
            0.0
          ],
          [
            0.005992,
            -0.007107,
            0.0
          ],
          [
            -0.001724,
            -0.012243,
            0.0
          ],
          [
            0.007066,
            -0.009889,
            0.0
          ],
          [
            0.000257,
            -0.013677,
            0.0
          ],
          [
            0.00138,
            0.002137,
            0.0
          ],
          [
            0.01142,
            -0.006183,
            0.0
          ],
          [
            0.001049,
            -0.004226,
            0.0
          ],
          [
            -0.003387,
            -0.023074,
            0.0
          ],
          [
            0.007821,
            -0.010163,
            0.0
          ],
          [
            0.012509,
            0.023418,
            0.0
          ],
          [
            0.011008,
            0.001804,
            0.0
          ],
          [
            0.012475,
            0.000569,
            0.0
          ],
          [
            -0.013457,
            0.009434,
            0.0
          ],
          [
            -0.005313,
            0.004204,
            0.0
          ],
          [
            0.01732,
            0.005363,
            0.0
          ],
          [
            -0.006683,
            0.002517,
            0.0
          ],
          [
            -0.016015,
            -0.007202,
            0.0
          ],
          [
            -0.016612,
            0.001786,
            0.0
          ],
          [
            0.010182,
            -4.4e-05,
            0.0
          ],
          [
            0.000232,
            -0.000537,
            0.0
          ],
          [
            -0.00829,
            0.021057,
            0.0
          ],
          [
            -0.004147,
            0.010913,
            0.0
          ],
          [
            -0.004963,
            0.001477,
            0.0
          ],
          [
            -0.012129,
            -0.007492,
            0.0
          ],
          [
            -0.007312,
            -0.00972,
            0.0
          ],
          [
            -0.017962,
            0.00293,
            0.0
          ],
          [
            0.002476,
            0.00958,
            0.0
          ],
          [
            -0.000167,
            0.008758,
            0.0
          ],
          [
            0.003587,
            -0.016143,
            0.0
          ],
          [
            0.023645,
            -0.002425,
            0.0
          ],
          [
            -0.003233,
            -0.016312,
            0.0
          ],
          [
            0.009202,
            -0.007635,
            0.0
          ],
          [
            0.001835,
            0.00368,
            0.0
          ],
          [
            0.009669,
            -0.001453,
            0.0
          ],
          [
            0.017456,
            -0.005624,
            0.0
          ],
          [
            0.0148,
            -0.013416,
            0.0
          ],
          [
            -0.003307,
            -0.006731,
            0.0
          ],
          [
            -0.001636,
            -0.005859,
            0.0
          ],
          [
            0.005935,
            0.007658,
            0.0
          ],
          [
            0.007073,
            -0.003277,
            0.0
          ],
          [
            0.009184,
            -0.001551,
            0.0
          ],
          [
            -0.001161,
            0.002169,
            0.0
          ],
          [
            0.002269,
            0.007375,
            0.0
          ],
          [
            0.001307,
            0.021201,
            0.0
          ],
          [
            0.005094,
            -0.001259,
            0.0
          ],
          [
            0.008375,
            -0.001862,
            0.0
          ],
          [
            -0.00465,
            -0.003405,
            0.0
          ],
          [
            -0.003282,
            -0.00583,
            0.0
          ],
          [
            -0.016457,
            0.001191,
            0.0
          ],
          [
            0.00505,
            0.018938,
            0.0
          ],
          [
            -0.020523,
            0.007128,
            0.0
          ]
        ],
        "Lattice": [
          [
            14.79,
            0.0,
            0.0
          ],
          [
            -7.395,
            12.808514835,
            0.0
          ],
          [
            0.0,
            0.0,
            14.909274194
          ]
        ],
        "NumAtoms": 70,
        "Positions": [
          [
            0.02324,
            0.06395,
            0.74546
          ],
          [
            13.51726,
            2.1447,
            0.74546
          ],
          [
            12.25846,
            4.25897,
            0.74546
          ],
          [
            11.05877,
            6.40741,
            0.74546
          ],
          [
            9.80231,
            8.55291,
            0.74546
          ],
          [
            -6.15311,
            10.7029,
            0.74546
          ],
          [
            2.47738,
            0.03922,
            0.74546
          ],
          [
            1.23436,
            2.21941,
            0.74546
          ],
          [
            -0.12576,
            4.22489,
            0.74546
          ],
          [
            -1.18646,
            6.37083,
            0.74546
          ],
          [
            -2.4682,
            8.51544,
            0.74546
          ],
          [
            -3.68588,
            10.67196,
            0.74546
          ],
          [
            4.93873,
            0.0022,
            0.74546
          ],
          [
            3.65445,
            2.22155,
            0.74546
          ],
          [
            1.61913,
            6.62694,
            0.74546
          ],
          [
            0.03042,
            8.44406,
            0.74546
          ],
          [
            -1.19029,
            10.62328,
            0.74546
          ],
          [
            0.02763,
            12.73855,
            0.74546
          ],
          [
            6.14028,
            2.14323,
            0.74546
          ],
          [
            4.90586,
            4.34098,
            0.74546
          ],
          [
            2.33725,
            7.91655,
            0.74546
          ],
          [
            1.34205,
            10.50533,
            0.74546
          ],
          [
            2.50232,
            12.7055,
            0.74546
          ],
          [
            8.61474,
            2.08473,
            0.74546
          ],
          [
            7.37328,
            4.26017,
            0.74546
          ],
          [
            6.02968,
            6.40881,
            0.74546
          ],
          [
            3.8126,
            7.95799,
            0.74546
          ],
          [
            3.89185,
            10.57247,
            0.74546
          ],
          [
            12.33543,
            0.03688,
            0.74546
          ],
          [
            11.04829,
            2.1183,
            0.74546
          ],
          [
            9.80787,
            4.27366,
            0.74546
          ],
          [
            8.5379,
            6.43287,
            0.74546
          ],
          [
            7.24067,
            8.59298,
            0.74546
          ],
          [
            6.21414,
            10.77644,
            0.74546
          ],
          [
            1.25587,
            0.7771,
            0.74546
          ],
          [
            -0.06078,
            2.86145,
            0.74546
          ],
          [
            -1.29502,
            4.94766,
            0.74546
          ],
          [
            -2.45138,
            7.09551,
            0.74546
          ],
          [
            -3.72018,
            9.24203,
            0.74546
          ],
          [
            -4.91304,
            11.40281,
            0.74546
          ],
          [
            3.69602,
            0.75688,
            0.74546
          ],
          [
            2.43156,
            2.93001,
            0.74546
          ],
          [
            2.49268,
            5.38086,
            0.74546
          ],
          [
            0.10942,
            7.01405,
            0.74546
          ],
          [
            -1.20664,
            9.19021,
            0.74546
          ],
          [
            -2.43657,
            11.37092,
            0.74546
          ],
          [
            6.1774,
            0.69067,
            0.74546
          ],
          [
            4.90089,
            2.91921,
            0.74546
          ],
          [
            3.88074,
            5.42792,
            0.74546
          ],
          [
            1.3238,
            9.04697,
            0.74546
          ],
          [
            0.07294,
            11.28583,
            0.74546
          ],
          [
            8.65224,
            0.63714,
            0.74546
          ],
          [
            7.37956,
            2.82464,
            0.74546
          ],
          [
            6.15654,
            4.97797,
            0.74546
          ],
          [
            4.57931,
            6.71806,
            0.74546
          ],
          [
            4.5051,
            9.21202,
            0.74546
          ],
          [
            2.57895,
            11.23048,
            0.74546
          ],
          [
            11.07872,
            0.69405,
            0.74546
          ],
          [
            9.82004,
            2.83263,
            0.74546
          ],
          [
            8.57979,
            4.9987,
            0.74546
          ],
          [
            7.25547,
            7.15343,
            0.74546
          ],
          [
            6.01325,
            9.38191,
            0.74546
          ],
          [
            4.989,
            11.45845,
            0.74546
          ],
          [
            13.55915,
            0.74108,
            0.74546
          ],
          [
            12.27627,
            2.8411,
            0.74546
          ],
          [
            11.03482,
            4.98191,
            0.74546
          ],
          [
            9.80309,
            7.12519,
            0.74546
          ],
          [
            8.54778,
            9.27376,
            0.74546
          ],
          [
            7.43598,
            11.45432,
            0.74546
          ],
          [
            0.80822,
            4.7339,
            0.74546
          ]
        ],
        "Stress": [
          [
            -23.348,
            19.76453,
            0.0
          ],
          [
            19.76453,
            -22.73667,
            0.0
          ],
          [
            0.0,
            0.0,
            -1.05715
          ]
        ],
        "computation_code": "VASP",
        "pseudopotential_information": [
          [
            "PAW_PBE",
            "C",
            "08Apr2002"
          ],
          [
            "PAW_PBE",
            "H",
            "15Jun2001"
          ]
        ]
      }
    ],
    "EnergyStyle": "electronvolt",
    "ForcesStyle": "electronvoltperangstrom",
    "LatticeStyle": "angstrom",
    "PositionsStyle": "angstrom",
    "StressStyle": "kB"
  }
}