{
  "Dataset": {
    "AtomTypeStyle": "chemicalsymbol",
    "Data": [
      {
        "AtomTypes": [
          "C",
          "C",
          "C",
          "C",
          "C",
          "C",
          "C",
          "C",
          "C",
          "C",
          "C",
          "C",
          "C",
          "C",
          "C",
          "C",
          "C",
          "C",
          "C",
          "C",
          "C",
          "C",
          "C",
          "C",
          "C",
          "C",
          "C",
          "C",
          "C",
          "C",
          "C",
          "C",
          "C",
          "C",
          "C",
          "C",
          "C",
          "C",
          "C",
          "C",
          "C",
          "C",
          "C",
          "C",
          "C",
          "C",
          "C",
          "C",
          "C",
          "C",
          "C",
          "C",
          "C",
          "C",
          "C",
          "C",
          "C",
          "C",
          "C",
          "C",
          "C",
          "C",
          "C",
          "C",
          "C",
          "C",
          "C",
          "C",
          "C",
          "C",
          "H"
        ],
        "Energy": -613.00505405,
        "Forces": [
          [
            0.021149,
            -0.007216,
            0.008122
          ],
          [
            0.017155,
            0.014594,
            -0.019567
          ],
          [
            -0.000275,
            -0.000461,
            0.002606
          ],
          [
            -0.007038,
            -0.009313,
            0.006153
          ],
          [
            -0.000841,
            0.008684,
            0.000874
          ],
          [
            0.005229,
            -0.019801,
            0.005368
          ],
          [
            0.005596,
            0.000235,
            0.008075
          ],
          [
            0.012411,
            -0.006107,
            -0.0149
          ],
          [
            0.005913,
            0.007321,
            -0.004501
          ],
          [
            0.020952,
            0.008729,
            -0.007752
          ],
          [
            0.002459,
            0.008399,
            0.00756
          ],
          [
            -0.007044,
            -0.007115,
            -0.004525
          ],
          [
            0.008687,
            -0.008149,
            -0.004568
          ],
          [
            -0.003959,
            0.008789,
            -0.002503
          ],
          [
            -0.00409,
            0.032338,
            -0.00409
          ],
          [
            -0.002612,
            -0.005251,
            -0.01991
          ],
          [
            -0.001407,
            -0.005242,
            -0.003779
          ],
          [
            -0.006524,
            -0.008274,
            -0.013053
          ],
          [
            -0.010154,
            0.005574,
            0.000102
          ],
          [
            0.009482,
            0.010261,
            0.006416
          ],
          [
            0.011477,
            -0.003549,
            -0.010477
          ],
          [
            -0.000271,
            0.002462,
            0.006923
          ],
          [
            0.015548,
            -0.007696,
            -0.002216
          ],
          [
            0.002748,
            0.006113,
            0.006582
          ],
          [
            -0.009299,
            -0.00665,
            0.014982
          ],
          [
            -0.00876,
            0.001377,
            0.005199
          ],
          [
            -0.000679,
            0.006524,
            0.015578
          ],
          [
            0.00997,
            0.001947,
            -0.005334
          ],
          [
            -0.00141,
            0.002079,
            -0.007175
          ],
          [
            0.004794,
            -0.016851,
            -0.013194
          ],
          [
            -0.003882,
            0.002074,
            0.016154
          ],
          [
            0.006963,
            0.001879,
            0.01094
          ],
          [
            0.001021,
            -0.011702,
            -0.003751
          ],
          [
            0.003308,
            -0.005796,
            0.013969
          ],
          [
            -0.009564,
            -0.013012,
            0.000433
          ],
          [
            -0.023864,
            0.002037,
            0.004449
          ],
          [
            -0.038087,
            -0.015412,
            -0.029215
          ],
          [
            -0.010971,
            -0.013024,
            0.003132
          ],
          [
            0.002653,
            -0.001946,
            0.003109
          ],
          [
            0.002025,
            0.007343,
            -0.001737
          ],
          [
            0.015702,
            -0.001754,
            0.006193
          ],
          [
            -0.008491,
            0.004325,
            -0.015741
          ],
          [
            0.010841,
            -0.018782,
            0.000542
          ],
          [
            0.007017,
            -0.003851,
            -0.005231
          ],
          [
            -0.011908,
            0.016527,
            0.006545
          ],
          [
            0.007047,
            -0.000631,
            -0.012494
          ],
          [
            0.006138,
            -0.016535,
            0.006073
          ],
          [
            -0.005201,
            0.000373,
            -0.004054
          ],
          [
            -0.002611,
            0.005521,
            0.003242
          ],
          [
            0.008606,
            0.007232,
            0.005453
          ],
          [
            -0.007715,
            -0.002259,
            -0.001268
          ],
          [
            -0.009248,
            0.000299,
            -0.003407
          ],
          [
            0.016467,
            -0.002004,
            0.017554
          ],
          [
            0.000918,
            0.011527,
            -0.000498
          ],
          [
            -0.020342,
            0.002515,
            -0.006893
          ],
          [
            0.006252,
            -0.016773,
            -0.000481
          ],
          [
            -0.014168,
            -0.002396,
            -0.01437
          ],
          [
            -0.001358,
            -0.000647,
            -0.004464
          ],
          [
            0.006209,
            0.000252,
            0.009457
          ],
          [
            0.009673,
            0.003276,
            0.004876
          ],
          [
            -0.022851,
            -0.004648,
            0.027897
          ],
          [
            -0.016017,
            -0.005759,
            -0.002653
          ],
          [
            0.00764,
            0.009714,
            -0.000508
          ],
          [
            0.000444,
            0.022185,
            -0.016202
          ],
          [
            -0.017557,
            0.009793,
            -0.009161
          ],
          [
            -0.000695,
            -0.004141,
            0.011133
          ],
          [
            0.014727,
            -0.009049,
            0.000635
          ],
          [
            0.002452,
            0.012628,
            0.006762
          ],
          [
            0.000664,
            0.004314,
            0.01532
          ],
          [
            -0.004549,
            0.00882,
            0.00529
          ],
          [
            0.003104,
            0.003736,
            -0.004024
          ]
        ],
        "Lattice": [
          [
            14.88,
            0.0,
            0.0
          ],
          [
            -7.44,
            12.886457116,
            0.0
          ],
          [
            0.0,
            0.0,
            15.0
          ]
        ],
        "NumAtoms": 71,
        "Positions": [
          [
            7.437,
            12.87554,
            0.72547
          ],
          [
            13.60601,
            2.12146,
            0.75414
          ],
          [
            -2.40901,
            4.28717,
            0.78234
          ],
          [
            -3.71073,
            6.4341,
            0.77819
          ],
          [
            9.874,
            8.58054,
            0.76032
          ],
          [
            -6.19494,
            10.72674,
            0.73149
          ],
          [
            -4.95697,
            12.86807,
            0.73149
          ],
          [
            1.18902,
            2.06053,
            0.74216
          ],
          [
            0.15344,
            4.16685,
            0.79611
          ],
          [
            -1.13242,
            6.40459,
            0.83587
          ],
          [
            -2.46604,
            8.55811,
            0.78049
          ],
          [
            -3.70491,
            10.71492,
            0.74929
          ],
          [
            4.94135,
            0.02156,
            0.74788
          ],
          [
            3.60636,
            2.23946,
            0.74665
          ],
          [
            1.67782,
            4.3046,
            0.7779
          ],
          [
            1.60492,
            6.79961,
            1.16243
          ],
          [
            0.01926,
            8.55456,
            0.80805
          ],
          [
            -1.21354,
            10.72164,
            0.76191
          ],
          [
            0.01091,
            12.85314,
            0.74764
          ],
          [
            6.13922,
            2.17991,
            0.75113
          ],
          [
            4.88432,
            4.39345,
            0.77856
          ],
          [
            2.3487,
            8.11509,
            0.89482
          ],
          [
            1.33624,
            10.63653,
            0.76773
          ],
          [
            2.51463,
            12.81879,
            0.74163
          ],
          [
            8.66355,
            2.126,
            0.742
          ],
          [
            7.41524,
            4.29808,
            0.76181
          ],
          [
            6.04878,
            6.44985,
            0.80042
          ],
          [
            3.82013,
            8.06044,
            0.83835
          ],
          [
            3.90363,
            10.66056,
            0.75878
          ],
          [
            12.40121,
            0.03262,
            0.73215
          ],
          [
            11.137,
            2.15235,
            0.74321
          ],
          [
            9.91922,
            4.30686,
            0.7592
          ],
          [
            8.6032,
            6.46342,
            0.77104
          ],
          [
            7.28485,
            8.62274,
            0.75985
          ],
          [
            6.23527,
            10.81092,
            0.73036
          ],
          [
            1.23592,
            0.66538,
            0.72992
          ],
          [
            -0.04075,
            2.77826,
            0.76595
          ],
          [
            -1.09644,
            4.95767,
            0.81123
          ],
          [
            -2.42886,
            7.12288,
            0.79596
          ],
          [
            -3.73312,
            9.27826,
            0.76221
          ],
          [
            -4.94494,
            11.42997,
            0.73401
          ],
          [
            3.68164,
            0.76358,
            0.74234
          ],
          [
            2.29806,
            2.91277,
            0.74319
          ],
          [
            2.40101,
            5.48946,
            0.83985
          ],
          [
            0.08947,
            7.14847,
            0.86607
          ],
          [
            -1.22675,
            9.28364,
            0.77748
          ],
          [
            -2.46568,
            11.45485,
            0.75229
          ],
          [
            6.18598,
            0.72299,
            0.7484
          ],
          [
            4.86519,
            2.94865,
            0.75815
          ],
          [
            3.86284,
            5.51082,
            0.81659
          ],
          [
            1.34006,
            9.17183,
            0.8113
          ],
          [
            0.06072,
            11.39752,
            0.75717
          ],
          [
            8.6965,
            0.67184,
            0.74097
          ],
          [
            7.40632,
            2.86041,
            0.75048
          ],
          [
            6.16776,
            5.01782,
            0.78039
          ],
          [
            4.57818,
            6.76884,
            0.83544
          ],
          [
            4.54,
            9.27285,
            0.7744
          ],
          [
            2.58988,
            11.33594,
            0.75709
          ],
          [
            11.15154,
            0.71629,
            0.73649
          ],
          [
            9.89602,
            2.86529,
            0.74658
          ],
          [
            8.65566,
            5.0253,
            0.76252
          ],
          [
            7.29926,
            7.18447,
            0.78019
          ],
          [
            6.03814,
            9.41874,
            0.75012
          ],
          [
            5.00726,
            11.52249,
            0.73537
          ],
          [
            13.63627,
            0.70938,
            0.73353
          ],
          [
            12.38916,
            2.85772,
            0.75848
          ],
          [
            11.19139,
            5.00463,
            0.77533
          ],
          [
            9.88501,
            7.14895,
            0.76864
          ],
          [
            8.60119,
            9.2971,
            0.74765
          ],
          [
            7.46612,
            11.46612,
            0.7235
          ],
          [
            1.57532,
            6.75275,
            2.27983
          ]
        ],
        "Stress": [
          [
            -37.47242,
            22.52099,
            0.00198
          ],
          [
            22.52099,
            -10.25298,
            0.00242
          ],
          [
            0.00198,
            0.00242,
            -1.10575
          ]
        ],
        "computation_code": "VASP",
        "pseudopotential_information": [
          [
            "PAW_PBE",
            "C",
            "08Apr2002"
          ],
          [
            "PAW_PBE",
            "H",
            "15Jun2001"
          ]
        ]
      }
    ],
    "EnergyStyle": "electronvolt",
    "ForcesStyle": "electronvoltperangstrom",
    "LatticeStyle": "angstrom",
    "PositionsStyle": "angstrom",
    "StressStyle": "kB"
  }
}