{
  "Dataset": {
    "AtomTypeStyle": "chemicalsymbol",
    "Data": [
      {
        "AtomTypes": [
          "C",
          "C",
          "C",
          "C",
          "C",
          "C",
          "C",
          "C",
          "C",
          "C",
          "C",
          "C",
          "C",
          "C",
          "C",
          "C",
          "C",
          "C",
          "C",
          "C",
          "C",
          "C",
          "C",
          "C",
          "C",
          "C",
          "C",
          "C",
          "C",
          "C",
          "C",
          "C",
          "C",
          "C",
          "C",
          "C",
          "C",
          "C",
          "C",
          "C",
          "C",
          "C",
          "C",
          "C",
          "C",
          "C",
          "C",
          "C",
          "C",
          "C",
          "C",
          "C",
          "C",
          "C",
          "C",
          "C",
          "C",
          "C",
          "C",
          "C",
          "C",
          "C",
          "C",
          "C",
          "C",
          "C",
          "C",
          "C",
          "C",
          "C",
          "H",
          "H",
          "H",
          "H"
        ],
        "Energy": -622.64981498,
        "Forces": [
          [
            -0.026002,
            -0.012819,
            -0.000262
          ],
          [
            0.001426,
            0.032096,
            -0.034729
          ],
          [
            0.024738,
            0.035437,
            0.006373
          ],
          [
            -0.003025,
            -0.014425,
            0.022181
          ],
          [
            0.019804,
            0.003192,
            -0.021983
          ],
          [
            0.006667,
            0.023187,
            0.020943
          ],
          [
            -0.007635,
            -0.012462,
            -0.011482
          ],
          [
            -0.014763,
            0.009679,
            -0.046468
          ],
          [
            0.007499,
            0.02678,
            -0.00607
          ],
          [
            0.011951,
            -0.047387,
            0.002328
          ],
          [
            0.007677,
            -0.004149,
            0.014531
          ],
          [
            -0.022473,
            0.004443,
            -0.052329
          ],
          [
            0.009578,
            -0.006997,
            0.01815
          ],
          [
            -0.00945,
            -0.058445,
            -0.005611
          ],
          [
            -0.043504,
            -0.029995,
            0.010302
          ],
          [
            0.021849,
            -0.010107,
            0.01069
          ],
          [
            0.004418,
            -0.015141,
            0.037821
          ],
          [
            -0.007372,
            0.025586,
            0.006297
          ],
          [
            -0.011633,
            -0.002697,
            0.010532
          ],
          [
            0.012047,
            0.011514,
            0.051604
          ],
          [
            0.021576,
            0.021096,
            0.018774
          ],
          [
            -0.046249,
            0.022549,
            -0.046416
          ],
          [
            0.026604,
            -0.008073,
            0.022142
          ],
          [
            -0.015576,
            0.00986,
            -0.036798
          ],
          [
            -0.009854,
            0.004673,
            -0.007022
          ],
          [
            -0.004131,
            -0.001457,
            -0.013459
          ],
          [
            0.001891,
            0.000741,
            0.022962
          ],
          [
            -0.006253,
            -0.021252,
            -0.03449
          ],
          [
            0.027318,
            0.022201,
            -0.016724
          ],
          [
            -0.014807,
            0.002319,
            -0.002005
          ],
          [
            -0.009932,
            0.001023,
            0.032111
          ],
          [
            -0.028173,
            0.03082,
            0.00965
          ],
          [
            0.00728,
            -0.010957,
            0.005092
          ],
          [
            -0.008671,
            -0.021476,
            0.007422
          ],
          [
            0.022234,
            0.063555,
            -0.005212
          ],
          [
            0.018922,
            0.002643,
            0.00854
          ],
          [
            -0.014384,
            -0.032376,
            -0.073986
          ],
          [
            0.005648,
            0.00022,
            -0.011645
          ],
          [
            -0.007894,
            0.012895,
            0.04378
          ],
          [
            0.045752,
            -0.002392,
            -0.034259
          ],
          [
            0.046431,
            0.0042,
            0.027673
          ],
          [
            0.022467,
            -0.017343,
            -0.030412
          ],
          [
            -0.001228,
            0.000851,
            -0.026485
          ],
          [
            -0.015229,
            0.001113,
            0.008103
          ],
          [
            -0.016784,
            0.016269,
            0.014627
          ],
          [
            -0.023898,
            0.035624,
            -0.004304
          ],
          [
            -0.011146,
            -0.012673,
            0.019919
          ],
          [
            -0.004864,
            -0.009962,
            -0.009069
          ],
          [
            -0.033698,
            -0.051432,
            0.065157
          ],
          [
            0.005737,
            0.009219,
            -0.014741
          ],
          [
            -0.012659,
            -0.015631,
            -0.004894
          ],
          [
            -0.012584,
            -0.001889,
            0.036879
          ],
          [
            -0.011667,
            0.006662,
            -0.001963
          ],
          [
            0.019535,
            -0.043091,
            -0.023808
          ],
          [
            0.012983,
            0.006239,
            0.019378
          ],
          [
            -0.013065,
            -0.017821,
            -0.047197
          ],
          [
            0.01439,
            -0.017232,
            0.065165
          ],
          [
            0.006584,
            0.049462,
            0.004747
          ],
          [
            -0.015119,
            -0.003371,
            0.006104
          ],
          [
            -0.005942,
            -0.000837,
            -0.057927
          ],
          [
            0.021147,
            0.007742,
            0.066657
          ],
          [
            0.029579,
            0.020751,
            -0.03628
          ],
          [
            -0.019754,
            0.022107,
            0.018149
          ],
          [
            -0.005515,
            -0.001686,
            0.005385
          ],
          [
            -0.012382,
            -0.000507,
            -0.012209
          ],
          [
            -0.027531,
            -0.00466,
            0.023002
          ],
          [
            -0.008599,
            0.00548,
            -0.004004
          ],
          [
            0.014901,
            -0.002537,
            0.02386
          ],
          [
            0.001938,
            -0.008304,
            -0.004043
          ],
          [
            0.000872,
            -0.030621,
            -0.012157
          ],
          [
            0.002139,
            0.009636,
            0.038158
          ],
          [
            0.007088,
            0.018265,
            -0.035389
          ],
          [
            0.075181,
            -0.041391,
            -0.032908
          ],
          [
            -0.022405,
            0.013466,
            -0.006444
          ]
        ],
        "Lattice": [
          [
            14.88,
            0.0,
            0.0
          ],
          [
            -7.44,
            12.886457116,
            0.0
          ],
          [
            0.0,
            0.0,
            15.0
          ]
        ],
        "NumAtoms": 74,
        "Positions": [
          [
            -7.43883,
            12.87072,
            0.37646
          ],
          [
            13.60275,
            2.11757,
            0.48469
          ],
          [
            -2.41694,
            4.27788,
            0.74189
          ],
          [
            -3.70383,
            6.43307,
            0.81615
          ],
          [
            9.88069,
            8.58155,
            0.78253
          ],
          [
            -6.19548,
            10.72273,
            0.58276
          ],
          [
            -4.95677,
            12.86381,
            0.59886
          ],
          [
            1.19345,
            2.05515,
            0.60052
          ],
          [
            0.10649,
            4.14089,
            0.83865
          ],
          [
            -1.11932,
            6.40463,
            0.897
          ],
          [
            -2.46581,
            8.55678,
            0.81927
          ],
          [
            -3.70698,
            10.71614,
            0.73006
          ],
          [
            4.93861,
            0.01515,
            0.77513
          ],
          [
            3.60273,
            2.22128,
            0.84137
          ],
          [
            1.65283,
            4.2512,
            1.22564
          ],
          [
            1.61073,
            6.79792,
            1.28536
          ],
          [
            0.024,
            8.56509,
            0.8872
          ],
          [
            -1.21331,
            10.72151,
            0.81425
          ],
          [
            0.00724,
            12.85868,
            0.81476
          ],
          [
            6.14079,
            2.1783,
            0.83482
          ],
          [
            4.88002,
            4.37951,
            0.92436
          ],
          [
            2.36972,
            8.10861,
            1.01146
          ],
          [
            1.32747,
            10.63717,
            0.88044
          ],
          [
            2.51393,
            12.827,
            0.72215
          ],
          [
            8.6639,
            2.1246,
            0.77027
          ],
          [
            7.41832,
            4.29518,
            0.83623
          ],
          [
            6.0968,
            6.43852,
            0.94811
          ],
          [
            3.75362,
            8.07808,
            1.00238
          ],
          [
            3.89168,
            10.71876,
            0.80726
          ],
          [
            12.39503,
            0.03329,
            0.44684
          ],
          [
            11.13487,
            2.15224,
            0.61941
          ],
          [
            9.92448,
            4.30225,
            0.77043
          ],
          [
            8.61608,
            6.45697,
            0.8425
          ],
          [
            7.29807,
            8.63586,
            0.83163
          ],
          [
            6.23612,
            10.79804,
            0.54061
          ],
          [
            1.23793,
            0.65876,
            0.47742
          ],
          [
            -0.04469,
            2.77573,
            0.60475
          ],
          [
            -1.1061,
            4.94408,
            0.84999
          ],
          [
            -2.42522,
            7.12331,
            0.83827
          ],
          [
            -3.73312,
            9.27725,
            0.77635
          ],
          [
            -4.94219,
            11.42687,
            0.62013
          ],
          [
            3.67952,
            0.75406,
            0.73585
          ],
          [
            2.30085,
            2.86008,
            0.84592
          ],
          [
            2.43871,
            5.50533,
            1.00721
          ],
          [
            0.09464,
            7.14324,
            0.94038
          ],
          [
            -1.22637,
            9.28547,
            0.83306
          ],
          [
            -2.4706,
            11.45659,
            0.76827
          ],
          [
            6.18644,
            0.72352,
            0.81593
          ],
          [
            4.86545,
            2.94644,
            0.88038
          ],
          [
            3.82291,
            5.47407,
            1.01065
          ],
          [
            1.31172,
            9.20336,
            0.92389
          ],
          [
            0.05194,
            11.40373,
            0.8345
          ],
          [
            8.69514,
            0.6799,
            0.77367
          ],
          [
            7.40597,
            2.85987,
            0.81792
          ],
          [
            6.16782,
            5.01706,
            0.89351
          ],
          [
            4.57982,
            6.78631,
            1.28717
          ],
          [
            4.54303,
            9.33356,
            1.19768
          ],
          [
            2.59065,
            11.36037,
            0.82445
          ],
          [
            11.15092,
            0.71584,
            0.58278
          ],
          [
            9.90023,
            2.86366,
            0.72834
          ],
          [
            8.65683,
            5.0235,
            0.81613
          ],
          [
            7.31016,
            7.17684,
            0.90091
          ],
          [
            6.08506,
            9.43628,
            0.79544
          ],
          [
            4.99776,
            11.52033,
            0.54106
          ],
          [
            13.63437,
            0.70836,
            0.37923
          ],
          [
            12.38874,
            2.85515,
            0.60055
          ],
          [
            11.19058,
            4.99797,
            0.78067
          ],
          [
            9.89464,
            7.14705,
            0.81784
          ],
          [
            8.60853,
            9.30046,
            0.72875
          ],
          [
            7.47109,
            11.45877,
            0.44646
          ],
          [
            1.56553,
            4.17215,
            2.33582
          ],
          [
            4.63977,
            9.42142,
            2.309
          ],
          [
            1.51731,
            6.77684,
            2.40196
          ],
          [
            4.65674,
            6.81335,
            2.40353
          ]
        ],
        "Stress": [
          [
            -35.39456,
            21.64057,
            0.05484
          ],
          [
            21.64057,
            -8.7536,
            -0.02635
          ],
          [
            0.05484,
            -0.02635,
            -1.12651
          ]
        ],
        "computation_code": "VASP",
        "pseudopotential_information": [
          [
            "PAW_PBE",
            "C",
            "08Apr2002"
          ],
          [
            "PAW_PBE",
            "H",
            "15Jun2001"
          ]
        ]
      }
    ],
    "EnergyStyle": "electronvolt",
    "ForcesStyle": "electronvoltperangstrom",
    "LatticeStyle": "angstrom",
    "PositionsStyle": "angstrom",
    "StressStyle": "kB"
  }
}