{
  "Dataset": {
    "AtomTypeStyle": "chemicalsymbol",
    "Data": [
      {
        "AtomTypes": [
          "C",
          "C",
          "C",
          "C",
          "C",
          "C",
          "C",
          "C",
          "C",
          "C",
          "C",
          "C",
          "C",
          "C",
          "C",
          "C",
          "C",
          "C",
          "C",
          "C",
          "C",
          "C",
          "C",
          "C",
          "C",
          "C",
          "C",
          "C",
          "C",
          "C",
          "C",
          "C",
          "C",
          "C",
          "C",
          "C",
          "C",
          "C",
          "C",
          "C",
          "C",
          "C",
          "C",
          "C",
          "C",
          "C",
          "C",
          "C",
          "C",
          "C",
          "C",
          "C",
          "C",
          "C",
          "C",
          "C",
          "C",
          "C",
          "C",
          "C",
          "C",
          "C",
          "C",
          "C",
          "C",
          "C",
          "C",
          "C",
          "C",
          "C",
          "H"
        ],
        "Energy": -612.64508051,
        "Forces": [
          [
            -0.003677,
            0.002796,
            -0.000723
          ],
          [
            -0.014734,
            -0.006123,
            -0.009364
          ],
          [
            0.007916,
            -0.005895,
            -0.007275
          ],
          [
            -0.000951,
            -0.010521,
            0.005121
          ],
          [
            -0.000902,
            0.007405,
            -0.003562
          ],
          [
            0.002208,
            0.001316,
            -0.011913
          ],
          [
            0.004978,
            -0.001429,
            -0.002616
          ],
          [
            -0.00717,
            0.003014,
            0.007158
          ],
          [
            -0.009692,
            -0.008619,
            0.003029
          ],
          [
            0.0056,
            -0.002549,
            -0.009511
          ],
          [
            0.005302,
            0.005664,
            0.005625
          ],
          [
            -0.002287,
            0.000684,
            -0.000335
          ],
          [
            0.002336,
            0.000188,
            0.003416
          ],
          [
            -0.004441,
            0.001317,
            0.006294
          ],
          [
            0.000509,
            -0.005133,
            -0.002936
          ],
          [
            -0.007205,
            0.004514,
            0.006001
          ],
          [
            -0.006587,
            0.002819,
            -0.010401
          ],
          [
            0.007641,
            -0.000656,
            -0.013038
          ],
          [
            0.004631,
            -0.006191,
            0.001351
          ],
          [
            0.004713,
            3.3e-05,
            -0.002265
          ],
          [
            0.002779,
            0.00904,
            -0.00017
          ],
          [
            0.0039,
            -0.001747,
            -0.000738
          ],
          [
            0.007545,
            0.002316,
            -0.001767
          ],
          [
            0.004376,
            -0.001449,
            0.000432
          ],
          [
            0.00117,
            -0.004179,
            0.010605
          ],
          [
            -0.002325,
            0.003161,
            0.008252
          ],
          [
            -0.000604,
            0.009262,
            0.001351
          ],
          [
            0.002273,
            -0.001264,
            0.001078
          ],
          [
            0.000673,
            -0.004027,
            -0.003283
          ],
          [
            0.004684,
            0.00643,
            -0.002791
          ],
          [
            0.001503,
            -0.007277,
            -0.000484
          ],
          [
            2.6e-05,
            0.002024,
            0.005939
          ],
          [
            0.000555,
            0.000452,
            0.006235
          ],
          [
            -0.003902,
            -0.002053,
            0.008938
          ],
          [
            0.012522,
            0.011563,
            -0.00504
          ],
          [
            0.005184,
            0.001533,
            0.005982
          ],
          [
            0.030432,
            0.018473,
            0.001463
          ],
          [
            -0.013189,
            -0.001125,
            -0.010685
          ],
          [
            -0.001072,
            -0.009939,
            0.002397
          ],
          [
            -0.000605,
            -0.003164,
            0.000148
          ],
          [
            -9.6e-05,
            -0.000221,
            -0.014393
          ],
          [
            -0.002661,
            -0.000572,
            0.009709
          ],
          [
            -0.006558,
            -0.003451,
            0.003007
          ],
          [
            0.004432,
            0.003852,
            -0.00192
          ],
          [
            0.004514,
            -0.002474,
            0.000328
          ],
          [
            0.004617,
            0.00017,
            -0.007525
          ],
          [
            -0.004677,
            -0.00495,
            -0.001248
          ],
          [
            0.0006,
            0.005301,
            3.3e-05
          ],
          [
            0.003481,
            -0.005443,
            0.000866
          ],
          [
            -0.007123,
            0.001919,
            0.010433
          ],
          [
            -0.003643,
            -0.000374,
            -0.012572
          ],
          [
            -0.004641,
            0.006717,
            -0.007948
          ],
          [
            -0.009674,
            0.004584,
            0.007323
          ],
          [
            0.002941,
            -0.00026,
            0.002212
          ],
          [
            0.001272,
            -0.002311,
            -0.000654
          ],
          [
            0.001299,
            -0.005041,
            0.01303
          ],
          [
            -0.006614,
            -0.000665,
            -0.006096
          ],
          [
            -0.004873,
            0.000789,
            -0.010583
          ],
          [
            0.003828,
            -0.001985,
            -0.003192
          ],
          [
            -0.013701,
            0.008572,
            0.010292
          ],
          [
            -0.004694,
            -0.005985,
            0.005568
          ],
          [
            -0.001765,
            -0.003358,
            0.012123
          ],
          [
            0.002955,
            -0.000578,
            -0.012659
          ],
          [
            0.003832,
            -0.004105,
            -0.001247
          ],
          [
            -0.008177,
            -0.01096,
            -0.007418
          ],
          [
            0.00253,
            0.011643,
            -0.009398
          ],
          [
            0.003528,
            0.007123,
            0.001513
          ],
          [
            0.00395,
            0.002927,
            0.009844
          ],
          [
            0.001607,
            -0.000458,
            -0.00119
          ],
          [
            -0.00952,
            -0.011739,
            -0.000556
          ],
          [
            -0.001084,
            0.000668,
            0.020399
          ]
        ],
        "Lattice": [
          [
            14.88,
            0.0,
            0.0
          ],
          [
            -7.44,
            12.886457116,
            0.0
          ],
          [
            0.0,
            0.0,
            15.0
          ]
        ],
        "NumAtoms": 71,
        "Positions": [
          [
            -7.44031,
            12.87124,
            0.73599
          ],
          [
            13.6048,
            2.11451,
            0.74637
          ],
          [
            -2.40936,
            4.28624,
            0.74121
          ],
          [
            -3.70396,
            6.43395,
            0.73161
          ],
          [
            9.87943,
            8.57918,
            0.73447
          ],
          [
            -6.18961,
            10.72429,
            0.73429
          ],
          [
            -4.95565,
            12.86845,
            0.73063
          ],
          [
            1.18674,
            2.05926,
            0.72823
          ],
          [
            0.15367,
            4.16408,
            0.73525
          ],
          [
            -1.11207,
            6.39975,
            0.7313
          ],
          [
            -2.46758,
            8.55352,
            0.72728
          ],
          [
            -3.70565,
            10.71675,
            0.73442
          ],
          [
            4.93844,
            0.02129,
            0.7639
          ],
          [
            3.60134,
            2.24725,
            0.75023
          ],
          [
            1.65544,
            4.31568,
            0.74199
          ],
          [
            1.61922,
            6.82114,
            0.76255
          ],
          [
            0.01238,
            8.56034,
            0.73583
          ],
          [
            -1.22005,
            10.71894,
            0.75857
          ],
          [
            0.00363,
            12.85659,
            0.8398
          ],
          [
            6.13855,
            2.18597,
            0.78387
          ],
          [
            4.87528,
            4.39983,
            0.76469
          ],
          [
            2.3367,
            8.0548,
            0.80005
          ],
          [
            1.29797,
            10.60397,
            0.86992
          ],
          [
            2.50841,
            12.86107,
            0.89758
          ],
          [
            8.66073,
            2.1364,
            0.79037
          ],
          [
            7.41167,
            4.30286,
            0.76233
          ],
          [
            6.05948,
            6.44841,
            0.77189
          ],
          [
            3.82518,
            8.03481,
            0.81579
          ],
          [
            3.93978,
            10.60903,
            0.8804
          ],
          [
            12.40046,
            0.01555,
            0.81207
          ],
          [
            11.13492,
            2.15788,
            0.77182
          ],
          [
            9.92101,
            4.31105,
            0.75089
          ],
          [
            8.60785,
            6.46163,
            0.74728
          ],
          [
            7.29,
            8.62501,
            0.75959
          ],
          [
            6.2502,
            10.80076,
            0.76083
          ],
          [
            1.23379,
            0.6651,
            0.72598
          ],
          [
            -0.04591,
            2.76806,
            0.73119
          ],
          [
            -1.094,
            4.95794,
            0.73726
          ],
          [
            -2.41937,
            7.12073,
            0.72684
          ],
          [
            -3.73095,
            9.27606,
            0.73023
          ],
          [
            -4.93987,
            11.4327,
            0.73272
          ],
          [
            3.68021,
            0.76769,
            0.74506
          ],
          [
            2.2919,
            2.92279,
            0.73834
          ],
          [
            2.37431,
            5.53383,
            0.75672
          ],
          [
            0.12671,
            7.13937,
            0.73393
          ],
          [
            -1.22747,
            9.28083,
            0.73645
          ],
          [
            -2.47163,
            11.45862,
            0.74874
          ],
          [
            6.19073,
            0.72269,
            0.79778
          ],
          [
            4.86355,
            2.95463,
            0.76653
          ],
          [
            3.85267,
            5.51786,
            0.76591
          ],
          [
            1.30637,
            9.18948,
            0.78807
          ],
          [
            0.04636,
            11.39061,
            0.82219
          ],
          [
            8.69826,
            0.68612,
            0.84627
          ],
          [
            7.40273,
            2.86611,
            0.77728
          ],
          [
            6.16703,
            5.02056,
            0.76603
          ],
          [
            4.5722,
            6.76959,
            0.78162
          ],
          [
            4.53335,
            9.2695,
            0.84661
          ],
          [
            2.5824,
            11.32406,
            1.20276
          ],
          [
            11.14236,
            0.71899,
            0.82632
          ],
          [
            9.89613,
            2.87011,
            0.77009
          ],
          [
            8.65529,
            5.02833,
            0.752
          ],
          [
            7.30113,
            7.17946,
            0.76059
          ],
          [
            6.0613,
            9.414,
            0.78665
          ],
          [
            5.013,
            11.5012,
            0.81003
          ],
          [
            13.63004,
            0.69621,
            0.76118
          ],
          [
            12.38767,
            2.85873,
            0.75068
          ],
          [
            11.19202,
            5.00409,
            0.7399
          ],
          [
            9.89206,
            7.14784,
            0.73594
          ],
          [
            8.60807,
            9.29797,
            0.74089
          ],
          [
            7.47505,
            11.46259,
            0.73619
          ],
          [
            2.57861,
            11.33269,
            2.32172
          ]
        ],
        "Stress": [
          [
            -36.50375,
            22.49187,
            -0.00293
          ],
          [
            22.49187,
            -10.81486,
            0.00073
          ],
          [
            -0.00293,
            0.00073,
            -1.08182
          ]
        ],
        "computation_code": "VASP",
        "pseudopotential_information": [
          [
            "PAW_PBE",
            "C",
            "08Apr2002"
          ],
          [
            "PAW_PBE",
            "H",
            "15Jun2001"
          ]
        ]
      }
    ],
    "EnergyStyle": "electronvolt",
    "ForcesStyle": "electronvoltperangstrom",
    "LatticeStyle": "angstrom",
    "PositionsStyle": "angstrom",
    "StressStyle": "kB"
  }
}