{
  "Dataset": {
    "AtomTypeStyle": "chemicalsymbol",
    "Data": [
      {
        "AtomTypes": [
          "C",
          "C",
          "C",
          "C",
          "C",
          "C",
          "C",
          "C",
          "C",
          "C",
          "C",
          "C",
          "C",
          "C",
          "C",
          "C",
          "C",
          "C",
          "C",
          "C",
          "C",
          "C",
          "C",
          "C",
          "C",
          "C",
          "C",
          "C",
          "C",
          "C",
          "C",
          "C",
          "C",
          "C",
          "C",
          "C",
          "C",
          "C",
          "C",
          "C",
          "C",
          "C",
          "C",
          "C",
          "C",
          "C",
          "C",
          "C",
          "C",
          "C",
          "C",
          "C",
          "C",
          "C",
          "C",
          "C",
          "C",
          "C",
          "C",
          "C",
          "C",
          "C",
          "C",
          "C",
          "C",
          "C",
          "C",
          "C",
          "C",
          "C",
          "H",
          "H",
          "H",
          "H"
        ],
        "Energy": -622.66452839,
        "Forces": [
          [
            0.015649,
            0.005729,
            -0.001241
          ],
          [
            0.008858,
            0.01294,
            0.001938
          ],
          [
            0.010218,
            0.005725,
            -0.004606
          ],
          [
            0.000532,
            -0.009186,
            -0.001872
          ],
          [
            0.001384,
            -0.003654,
            0.008785
          ],
          [
            0.01365,
            -0.005993,
            -0.001856
          ],
          [
            0.000926,
            -0.00367,
            0.008646
          ],
          [
            -0.005748,
            -0.00033,
            -0.001168
          ],
          [
            -0.0039,
            0.010018,
            -0.011915
          ],
          [
            0.010907,
            -0.003987,
            -0.00096
          ],
          [
            0.016702,
            0.008531,
            0.011274
          ],
          [
            -0.003516,
            0.006681,
            0.009787
          ],
          [
            0.004118,
            -0.014208,
            0.00165
          ],
          [
            -0.003013,
            0.005753,
            -0.016856
          ],
          [
            0.023559,
            -0.003428,
            0.002597
          ],
          [
            -0.003287,
            0.016533,
            -0.016887
          ],
          [
            0.006662,
            0.005779,
            0.006458
          ],
          [
            -0.001393,
            0.007926,
            0.000298
          ],
          [
            -0.009714,
            0.003533,
            0.004391
          ],
          [
            -0.020599,
            0.012959,
            0.005544
          ],
          [
            -0.002538,
            -0.014204,
            0.000188
          ],
          [
            0.014199,
            0.00567,
            -0.012343
          ],
          [
            0.004199,
            -0.004109,
            -0.005998
          ],
          [
            -0.008972,
            -0.01735,
            0.000143
          ],
          [
            -0.00288,
            -0.008675,
            0.002795
          ],
          [
            -0.009192,
            0.007003,
            -0.004386
          ],
          [
            -0.005354,
            0.003661,
            -0.000747
          ],
          [
            -0.003275,
            0.008253,
            0.00569
          ],
          [
            -0.012402,
            -0.004254,
            0.006701
          ],
          [
            -0.005186,
            -0.001793,
            -0.012887
          ],
          [
            0.000348,
            -0.005911,
            0.023398
          ],
          [
            -0.003687,
            0.017953,
            0.008303
          ],
          [
            0.003355,
            -0.01791,
            -0.003075
          ],
          [
            0.012268,
            0.003774,
            0.010726
          ],
          [
            0.000287,
            -0.015416,
            -0.00738
          ],
          [
            -0.015626,
            0.009724,
            -0.012161
          ],
          [
            -0.003416,
            -0.012449,
            -0.004577
          ],
          [
            -0.010785,
            -0.001477,
            0.000363
          ],
          [
            0.000217,
            -0.001312,
            0.006529
          ],
          [
            -0.013937,
            0.001048,
            0.004113
          ],
          [
            -0.014181,
            -0.007959,
            0.020358
          ],
          [
            0.004199,
            0.001877,
            -0.004963
          ],
          [
            -0.008029,
            0.008542,
            0.006246
          ],
          [
            -0.029525,
            -0.007306,
            0.003633
          ],
          [
            -0.001605,
            -0.01935,
            -0.004439
          ],
          [
            -0.008176,
            -0.002519,
            0.002492
          ],
          [
            8.2e-05,
            0.014985,
            0.007984
          ],
          [
            0.011758,
            0.00261,
            0.001148
          ],
          [
            0.00359,
            0.008307,
            -0.011092
          ],
          [
            0.010289,
            -0.006367,
            -0.00365
          ],
          [
            0.005106,
            -0.00349,
            -0.012397
          ],
          [
            0.001581,
            0.005099,
            0.002806
          ],
          [
            -0.007906,
            0.007301,
            0.003844
          ],
          [
            0.011803,
            -0.000152,
            0.006499
          ],
          [
            -0.004645,
            0.003789,
            0.003299
          ],
          [
            0.005636,
            -0.011831,
            -0.00655
          ],
          [
            -0.010841,
            -0.005415,
            -0.009057
          ],
          [
            0.014104,
            0.008272,
            -0.003418
          ],
          [
            0.009119,
            0.003765,
            0.006741
          ],
          [
            0.006234,
            -0.001458,
            0.007104
          ],
          [
            0.009099,
            -0.002045,
            0.001982
          ],
          [
            -0.01021,
            0.010625,
            0.005752
          ],
          [
            -0.001354,
            0.002108,
            -0.011035
          ],
          [
            0.010809,
            -0.010011,
            -0.011433
          ],
          [
            -0.002168,
            -0.011992,
            -0.001616
          ],
          [
            0.012932,
            0.005677,
            0.004582
          ],
          [
            0.003796,
            -0.004613,
            0.000768
          ],
          [
            -0.003829,
            0.015696,
            0.000765
          ],
          [
            -0.006978,
            -0.008323,
            -0.004748
          ],
          [
            -0.016454,
            -0.006009,
            0.0004
          ],
          [
            0.002439,
            -0.000856,
            -0.00564
          ],
          [
            0.0095,
            0.007031,
            0.009471
          ],
          [
            -0.008398,
            0.001427,
            0.000954
          ],
          [
            0.00261,
            -0.007288,
            -0.016191
          ]
        ],
        "Lattice": [
          [
            14.88,
            0.0,
            0.0
          ],
          [
            -7.44,
            12.886457116,
            0.0
          ],
          [
            0.0,
            0.0,
            15.0
          ]
        ],
        "NumAtoms": 74,
        "Positions": [
          [
            -7.43937,
            12.87147,
            0.31317
          ],
          [
            13.60052,
            2.12284,
            0.40969
          ],
          [
            -2.41756,
            4.27899,
            0.72627
          ],
          [
            -3.70358,
            6.43288,
            0.84195
          ],
          [
            9.88205,
            8.58248,
            0.785
          ],
          [
            -6.19437,
            10.72365,
            0.55675
          ],
          [
            -4.95543,
            12.8632,
            0.55281
          ],
          [
            1.19534,
            2.05815,
            0.52571
          ],
          [
            0.10623,
            4.13829,
            0.80648
          ],
          [
            -1.1182,
            6.40131,
            0.9247
          ],
          [
            -2.46476,
            8.55573,
            0.84303
          ],
          [
            -3.70559,
            10.71487,
            0.71296
          ],
          [
            4.9385,
            0.01294,
            0.77987
          ],
          [
            3.60064,
            2.21607,
            0.83707
          ],
          [
            1.64627,
            4.24134,
            1.21433
          ],
          [
            1.61607,
            6.79341,
            1.30596
          ],
          [
            0.02368,
            8.56406,
            0.93102
          ],
          [
            -1.21283,
            10.72114,
            0.83871
          ],
          [
            0.00725,
            12.85792,
            0.83664
          ],
          [
            6.14026,
            2.17605,
            0.86704
          ],
          [
            4.88038,
            4.37747,
            0.95742
          ],
          [
            2.3698,
            8.10887,
            1.02757
          ],
          [
            1.32972,
            10.63784,
            0.90709
          ],
          [
            2.51283,
            12.82974,
            0.71256
          ],
          [
            8.66248,
            2.12536,
            0.77325
          ],
          [
            7.41849,
            4.29437,
            0.86939
          ],
          [
            6.09711,
            6.43883,
            0.97924
          ],
          [
            3.75437,
            8.08124,
            1.01241
          ],
          [
            3.89419,
            10.7245,
            0.80907
          ],
          [
            12.39269,
            0.03611,
            0.40845
          ],
          [
            11.13177,
            2.15512,
            0.58699
          ],
          [
            9.9228,
            4.30365,
            0.77907
          ],
          [
            8.61623,
            6.45868,
            0.87032
          ],
          [
            7.29766,
            8.63907,
            0.83904
          ],
          [
            6.23695,
            10.80265,
            0.52861
          ],
          [
            1.24053,
            0.65952,
            0.40815
          ],
          [
            -0.04418,
            2.78011,
            0.52763
          ],
          [
            -1.10584,
            4.9419,
            0.84354
          ],
          [
            -2.42443,
            7.12224,
            0.86967
          ],
          [
            -3.7306,
            9.2765,
            0.77511
          ],
          [
            -4.93923,
            11.42627,
            0.58673
          ],
          [
            3.67983,
            0.75114,
            0.71614
          ],
          [
            2.29851,
            2.85667,
            0.8131
          ],
          [
            2.4383,
            5.49933,
            1.01657
          ],
          [
            0.09527,
            7.14189,
            0.98121
          ],
          [
            -1.22609,
            9.28545,
            0.86561
          ],
          [
            -2.46999,
            11.45462,
            0.77138
          ],
          [
            6.18553,
            0.72146,
            0.8382
          ],
          [
            4.86273,
            2.94218,
            0.91183
          ],
          [
            3.82235,
            5.47181,
            1.02912
          ],
          [
            1.3119,
            9.2031,
            0.95541
          ],
          [
            0.0526,
            11.40327,
            0.86391
          ],
          [
            8.6941,
            0.68077,
            0.77837
          ],
          [
            7.40517,
            2.85849,
            0.84159
          ],
          [
            6.16863,
            5.01612,
            0.93255
          ],
          [
            4.57663,
            6.78784,
            1.30421
          ],
          [
            4.54539,
            9.33985,
            1.20965
          ],
          [
            2.59168,
            11.36413,
            0.83113
          ],
          [
            11.14797,
            0.7182,
            0.55157
          ],
          [
            9.89788,
            2.86548,
            0.71553
          ],
          [
            8.65643,
            5.02457,
            0.84699
          ],
          [
            7.31018,
            7.17953,
            0.92157
          ],
          [
            6.08615,
            9.44326,
            0.80378
          ],
          [
            4.99759,
            11.52428,
            0.52629
          ],
          [
            13.63201,
            0.71119,
            0.31296
          ],
          [
            12.38624,
            2.85809,
            0.5571
          ],
          [
            11.18966,
            4.99844,
            0.78902
          ],
          [
            9.89535,
            7.14789,
            0.84068
          ],
          [
            8.60939,
            9.30232,
            0.72301
          ],
          [
            7.47205,
            11.45972,
            0.41081
          ],
          [
            1.55018,
            4.14726,
            2.32382
          ],
          [
            4.63853,
            9.43294,
            2.31891
          ],
          [
            1.55473,
            6.76132,
            2.42307
          ],
          [
            4.63998,
            6.82364,
            2.42174
          ]
        ],
        "Stress": [
          [
            -36.42172,
            21.32662,
            0.00673
          ],
          [
            21.32662,
            -10.1007,
            0.00543
          ],
          [
            0.00673,
            0.00543,
            -1.14401
          ]
        ],
        "computation_code": "VASP",
        "pseudopotential_information": [
          [
            "PAW_PBE",
            "C",
            "08Apr2002"
          ],
          [
            "PAW_PBE",
            "H",
            "15Jun2001"
          ]
        ]
      }
    ],
    "EnergyStyle": "electronvolt",
    "ForcesStyle": "electronvoltperangstrom",
    "LatticeStyle": "angstrom",
    "PositionsStyle": "angstrom",
    "StressStyle": "kB"
  }
}