{
  "Dataset": {
    "AtomTypeStyle": "chemicalsymbol",
    "Data": [
      {
        "AtomTypes": [
          "C",
          "C",
          "C",
          "C",
          "C",
          "C",
          "C",
          "C",
          "C",
          "C",
          "C",
          "C",
          "C",
          "C",
          "C",
          "C",
          "C",
          "C",
          "C",
          "C",
          "C",
          "C",
          "C",
          "C",
          "C",
          "C",
          "C",
          "C",
          "C",
          "C",
          "C",
          "C",
          "C",
          "C",
          "C",
          "C",
          "C",
          "C",
          "C",
          "C",
          "C",
          "C",
          "C",
          "C",
          "C",
          "C",
          "C",
          "C",
          "C",
          "C",
          "C",
          "C",
          "C",
          "C",
          "C",
          "C",
          "C",
          "C",
          "C",
          "C",
          "C",
          "C",
          "C",
          "C",
          "C",
          "C",
          "C",
          "C",
          "C",
          "C",
          "H",
          "H",
          "H",
          "H",
          "H",
          "H"
        ],
        "Energy": -566.0259724,
        "Forces": [
          [
            -0.01228,
            0.008751,
            0.001825
          ],
          [
            -0.003438,
            -0.007891,
            -0.004753
          ],
          [
            0.000242,
            -0.004238,
            -0.003839
          ],
          [
            -0.001128,
            -0.001529,
            0.003291
          ],
          [
            0.003535,
            -0.000286,
            0.00118
          ],
          [
            -0.001787,
            -0.000135,
            -0.000412
          ],
          [
            0.003469,
            0.003276,
            -0.000317
          ],
          [
            0.000736,
            0.0056,
            -0.016126
          ],
          [
            -0.007771,
            -0.010417,
            0.007652
          ],
          [
            0.007112,
            -0.007126,
            -0.003736
          ],
          [
            0.004067,
            -0.003804,
            0.004225
          ],
          [
            0.00064,
            0.002828,
            -0.002773
          ],
          [
            0.001567,
            -0.002854,
            0.001337
          ],
          [
            0.003332,
            0.007039,
            -0.004547
          ],
          [
            0.003345,
            0.006176,
            -0.020727
          ],
          [
            -0.004891,
            0.013183,
            -0.000977
          ],
          [
            0.011745,
            -0.007154,
            -0.01375
          ],
          [
            0.00546,
            0.000848,
            0.003961
          ],
          [
            -0.000249,
            0.002413,
            0.002275
          ],
          [
            0.00372,
            0.010825,
            0.000315
          ],
          [
            0.006717,
            0.015511,
            0.012122
          ],
          [
            -0.014559,
            -0.003407,
            0.000739
          ],
          [
            0.009787,
            -0.000667,
            -0.002885
          ],
          [
            0.004007,
            0.002944,
            -0.002368
          ],
          [
            -0.00299,
            0.002426,
            0.00412
          ],
          [
            -0.010685,
            0.00576,
            -0.003616
          ],
          [
            -0.011018,
            -0.01302,
            0.01374
          ],
          [
            -0.006508,
            -0.011079,
            0.026711
          ],
          [
            0.006316,
            0.014086,
            0.006589
          ],
          [
            -0.001193,
            0.013024,
            -0.006177
          ],
          [
            0.006707,
            -0.006072,
            -0.002605
          ],
          [
            -0.006036,
            -0.000906,
            0.002005
          ],
          [
            -0.008686,
            -0.010377,
            0.001276
          ],
          [
            -0.00743,
            -0.00833,
            -0.001088
          ],
          [
            -0.018512,
            -0.005135,
            -0.01149
          ],
          [
            -0.004086,
            -0.005824,
            -0.004579
          ],
          [
            0.006412,
            0.006354,
            -0.015603
          ],
          [
            0.004725,
            0.00698,
            -0.00442
          ],
          [
            0.007507,
            0.008651,
            0.000283
          ],
          [
            0.003428,
            -0.001697,
            0.003941
          ],
          [
            -0.00855,
            0.002163,
            -0.002621
          ],
          [
            -0.00328,
            -0.00142,
            -0.003688
          ],
          [
            -0.003468,
            -0.010724,
            0.008025
          ],
          [
            0.007153,
            0.012579,
            0.027207
          ],
          [
            0.010128,
            0.013288,
            0.01227
          ],
          [
            0.010673,
            -0.006856,
            -0.003478
          ],
          [
            0.002533,
            -0.005963,
            0.001918
          ],
          [
            -0.000582,
            -0.001475,
            0.003186
          ],
          [
            -0.009853,
            0.002589,
            -0.003782
          ],
          [
            0.014083,
            0.002187,
            -0.000727
          ],
          [
            -0.005679,
            -0.015631,
            0.013701
          ],
          [
            -0.004075,
            -0.01268,
            0.001183
          ],
          [
            -0.001567,
            0.002804,
            0.001284
          ],
          [
            -0.005437,
            0.001748,
            0.004327
          ],
          [
            -0.012444,
            0.006723,
            -0.0135
          ],
          [
            0.004326,
            -0.014057,
            0.000624
          ],
          [
            -0.002024,
            -0.003367,
            -0.019426
          ],
          [
            -0.003298,
            -0.010548,
            -0.001031
          ],
          [
            0.000153,
            -0.00198,
            -3.4e-05
          ],
          [
            0.001578,
            0.001684,
            -0.002542
          ],
          [
            -0.00244,
            0.00544,
            0.003955
          ],
          [
            -0.005455,
            0.008511,
            -0.003
          ],
          [
            0.008914,
            0.012079,
            0.006725
          ],
          [
            0.004075,
            -0.019848,
            -0.011254
          ],
          [
            0.012793,
            -0.006596,
            0.001561
          ],
          [
            0.000592,
            0.005595,
            -0.000119
          ],
          [
            -0.003201,
            0.000364,
            0.00152
          ],
          [
            0.002021,
            0.001503,
            0.002215
          ],
          [
            0.000287,
            0.004471,
            -0.002294
          ],
          [
            0.01142,
            0.003799,
            -0.00592
          ],
          [
            0.007978,
            0.013672,
            0.012768
          ],
          [
            -0.008363,
            -0.014526,
            0.017081
          ],
          [
            0.018315,
            -0.027085,
            -0.005642
          ],
          [
            -0.016766,
            0.02601,
            -0.002871
          ],
          [
            0.030788,
            -0.001481,
            -0.002766
          ],
          [
            -0.032657,
            0.002299,
            -0.005656
          ]
        ],
        "Lattice": [
          [
            14.79,
            0.0,
            0.0
          ],
          [
            -7.395,
            12.808514835,
            0.0
          ],
          [
            0.0,
            0.0,
            14.909274194
          ]
        ],
        "NumAtoms": 76,
        "Positions": [
          [
            7.39543,
            12.7959,
            0.35355
          ],
          [
            13.5212,
            2.10862,
            0.44019
          ],
          [
            -2.40134,
            4.25495,
            0.71649
          ],
          [
            -3.68202,
            6.39488,
            0.80939
          ],
          [
            9.81907,
            8.53097,
            0.76464
          ],
          [
            8.62998,
            10.66005,
            0.56739
          ],
          [
            -4.92797,
            12.79417,
            0.57167
          ],
          [
            1.19119,
            2.05797,
            0.53437
          ],
          [
            0.10445,
            4.12849,
            0.77959
          ],
          [
            -1.12,
            6.37147,
            0.90682
          ],
          [
            -2.4602,
            8.51047,
            0.81415
          ],
          [
            -3.69073,
            10.65701,
            0.71009
          ],
          [
            4.90544,
            0.02022,
            0.7678
          ],
          [
            3.58298,
            2.21664,
            0.82304
          ],
          [
            1.64099,
            4.26176,
            1.1365
          ],
          [
            1.55412,
            6.7331,
            1.39486
          ],
          [
            0.00433,
            8.52368,
            0.92571
          ],
          [
            -1.2165,
            10.66455,
            0.81358
          ],
          [
            0.00487,
            12.78049,
            0.8077
          ],
          [
            6.114,
            2.1596,
            0.83878
          ],
          [
            4.89012,
            4.33432,
            0.99607
          ],
          [
            2.33077,
            8.07783,
            1.39157
          ],
          [
            1.30615,
            10.57335,
            0.9013
          ],
          [
            2.49823,
            12.74139,
            0.71026
          ],
          [
            8.61854,
            2.10453,
            0.75788
          ],
          [
            7.38934,
            4.25991,
            0.83526
          ],
          [
            6.07526,
            6.38729,
            0.99256
          ],
          [
            3.77678,
            7.9611,
            0.9126
          ],
          [
            3.86052,
            10.63432,
            0.76771
          ],
          [
            12.31853,
            0.02563,
            0.43436
          ],
          [
            11.07018,
            2.1349,
            0.60105
          ],
          [
            9.87063,
            4.27316,
            0.75917
          ],
          [
            8.57053,
            6.41464,
            0.83609
          ],
          [
            7.25565,
            8.57793,
            0.81441
          ],
          [
            6.19739,
            10.72863,
            0.52312
          ],
          [
            1.23119,
            0.66525,
            0.44015
          ],
          [
            -0.04269,
            2.77031,
            0.53439
          ],
          [
            -1.10115,
            4.92099,
            0.82305
          ],
          [
            -2.41607,
            7.08442,
            0.83874
          ],
          [
            -3.71602,
            9.22589,
            0.75791
          ],
          [
            -4.91554,
            11.36428,
            0.60105
          ],
          [
            3.65624,
            0.75762,
            0.71646
          ],
          [
            2.29382,
            2.86445,
            0.77954
          ],
          [
            2.3773,
            5.5371,
            0.91968
          ],
          [
            0.07925,
            7.11186,
            0.99599
          ],
          [
            -1.23481,
            9.23906,
            0.83517
          ],
          [
            -2.464,
            11.39456,
            0.75916
          ],
          [
            6.1498,
            0.71847,
            0.80937
          ],
          [
            4.84853,
            2.92556,
            0.90687
          ],
          [
            3.82464,
            5.42223,
            1.39489
          ],
          [
            1.26458,
            9.16471,
            0.9925
          ],
          [
            0.04062,
            11.33936,
            0.83603
          ],
          [
            8.64414,
            0.67029,
            0.76457
          ],
          [
            7.37106,
            2.8344,
            0.81417
          ],
          [
            6.15025,
            4.97536,
            0.92581
          ],
          [
            4.60089,
            6.76719,
            1.39159
          ],
          [
            4.51348,
            9.23712,
            1.12429
          ],
          [
            2.57152,
            11.28228,
            0.81434
          ],
          [
            11.08254,
            0.70503,
            0.56736
          ],
          [
            9.84528,
            2.842,
            0.71009
          ],
          [
            8.61469,
            4.98852,
            0.81363
          ],
          [
            7.27439,
            7.12762,
            0.90137
          ],
          [
            6.04999,
            9.37024,
            0.76773
          ],
          [
            4.96324,
            11.44118,
            0.5231
          ],
          [
            13.54953,
            0.70382,
            0.35358
          ],
          [
            12.31473,
            2.83907,
            0.57171
          ],
          [
            11.12547,
            4.96809,
            0.7678
          ],
          [
            9.83648,
            7.10422,
            0.80776
          ],
          [
            8.55592,
            9.24401,
            0.71031
          ],
          [
            7.4236,
            11.39075,
            0.43437
          ],
          [
            1.583,
            4.16128,
            2.25775
          ],
          [
            4.57293,
            9.34011,
            2.24514
          ],
          [
            1.40472,
            6.49726,
            2.48989
          ],
          [
            4.75124,
            7.00784,
            2.48531
          ],
          [
            2.464,
            8.32838,
            2.48529
          ],
          [
            3.69509,
            5.17495,
            2.48992
          ]
        ],
        "Stress": [
          [
            -32.30291,
            19.27807,
            5e-05
          ],
          [
            19.27807,
            -10.04317,
            -0.00037
          ],
          [
            5e-05,
            -0.00037,
            -1.10102
          ]
        ],
        "computation_code": "VASP",
        "pseudopotential_information": [
          [
            "PAW_PBE",
            "C",
            "08Apr2002"
          ],
          [
            "PAW_PBE",
            "H",
            "15Jun2001"
          ]
        ]
      }
    ],
    "EnergyStyle": "electronvolt",
    "ForcesStyle": "electronvoltperangstrom",
    "LatticeStyle": "angstrom",
    "PositionsStyle": "angstrom",
    "StressStyle": "kB"
  }
}