{
  "Dataset": {
    "AtomTypeStyle": "chemicalsymbol",
    "Data": [
      {
        "AtomTypes": [
          "C",
          "C",
          "C",
          "C",
          "C",
          "C",
          "C",
          "C",
          "C",
          "C",
          "C",
          "C",
          "C",
          "C",
          "C",
          "C",
          "C",
          "C",
          "C",
          "C",
          "C",
          "C",
          "C",
          "C",
          "C",
          "C",
          "C",
          "C",
          "C",
          "C",
          "C",
          "C",
          "C",
          "C",
          "C",
          "C",
          "C",
          "C",
          "C",
          "C",
          "C",
          "C",
          "C",
          "C",
          "C",
          "C",
          "C",
          "C",
          "C",
          "C",
          "C",
          "C",
          "C",
          "C",
          "C",
          "C",
          "C",
          "C",
          "C",
          "C",
          "C",
          "C",
          "C",
          "C",
          "C",
          "C",
          "C",
          "C",
          "C",
          "C",
          "H"
        ],
        "Energy": -551.42557573,
        "Forces": [
          [
            0.013404,
            -0.010605,
            -0.001138
          ],
          [
            0.040612,
            0.029182,
            -0.006998
          ],
          [
            -0.0038,
            0.007294,
            -0.006384
          ],
          [
            -0.000878,
            -0.00015,
            0.003693
          ],
          [
            0.004207,
            -0.003709,
            0.000894
          ],
          [
            -0.00018,
            0.005697,
            -0.009882
          ],
          [
            -0.002934,
            -0.005815,
            -0.002142
          ],
          [
            0.005319,
            -0.030369,
            0.005563
          ],
          [
            0.005478,
            0.020491,
            -0.0019
          ],
          [
            0.005805,
            0.008933,
            -0.005073
          ],
          [
            0.004304,
            0.006575,
            0.001456
          ],
          [
            0.004122,
            0.000714,
            -0.004385
          ],
          [
            0.004107,
            -0.001753,
            0.004706
          ],
          [
            0.005649,
            -0.007688,
            0.00579
          ],
          [
            0.013001,
            0.025003,
            -0.000451
          ],
          [
            -0.004141,
            -0.004908,
            0.005241
          ],
          [
            -0.003194,
            0.00497,
            -0.008727
          ],
          [
            -0.00144,
            -0.002187,
            -0.005996
          ],
          [
            -0.004756,
            0.003949,
            0.003894
          ],
          [
            0.001955,
            -0.005765,
            -0.000443
          ],
          [
            -0.002342,
            0.003006,
            0.000267
          ],
          [
            0.002516,
            0.008288,
            0.003226
          ],
          [
            -0.002568,
            -0.007163,
            -0.023678
          ],
          [
            -0.008961,
            -0.002273,
            -0.018509
          ],
          [
            -0.003941,
            -0.002935,
            0.009564
          ],
          [
            -0.018785,
            0.007402,
            0.00282
          ],
          [
            -0.005549,
            -0.001545,
            0.003988
          ],
          [
            -0.000294,
            0.003586,
            0.005549
          ],
          [
            -0.023409,
            -0.009405,
            -0.028999
          ],
          [
            -0.005308,
            -0.040694,
            0.000751
          ],
          [
            -0.010491,
            0.003936,
            0.001489
          ],
          [
            -0.002051,
            0.000937,
            0.006486
          ],
          [
            0.005372,
            0.000604,
            0.0096
          ],
          [
            0.006917,
            0.000229,
            0.005716
          ],
          [
            0.018809,
            0.013259,
            -0.003921
          ],
          [
            0.003845,
            0.046897,
            0.001158
          ],
          [
            -0.032008,
            -0.012472,
            0.000169
          ],
          [
            -0.009141,
            -0.000116,
            -0.00571
          ],
          [
            -0.004689,
            -0.002104,
            -0.001041
          ],
          [
            0.002244,
            -0.00447,
            -0.001055
          ],
          [
            0.008196,
            -0.004097,
            -0.008556
          ],
          [
            0.009245,
            0.002884,
            0.005353
          ],
          [
            0.013882,
            0.017422,
            0.005778
          ],
          [
            -0.002358,
            -0.003164,
            0.002295
          ],
          [
            0.003074,
            0.002374,
            -0.001423
          ],
          [
            0.022142,
            -0.012527,
            -0.005478
          ],
          [
            0.004919,
            -0.001556,
            -0.000659
          ],
          [
            0.003447,
            -0.001834,
            0.004668
          ],
          [
            0.005673,
            0.009196,
            6.1e-05
          ],
          [
            0.000633,
            -0.002282,
            0.005342
          ],
          [
            0.005004,
            0.001788,
            -0.018035
          ],
          [
            0.001171,
            0.003317,
            -0.010492
          ],
          [
            0.004127,
            -0.001099,
            -0.0017
          ],
          [
            0.006051,
            0.004984,
            0.003415
          ],
          [
            0.001728,
            -0.000575,
            -6.6e-05
          ],
          [
            0.002885,
            -0.00024,
            0.008799
          ],
          [
            -0.016377,
            -0.024231,
            -0.014198
          ],
          [
            -0.001163,
            0.002096,
            0.083948
          ],
          [
            0.001532,
            0.001988,
            -0.009259
          ],
          [
            0.000325,
            -0.001449,
            0.008478
          ],
          [
            -0.000736,
            -0.00345,
            0.007319
          ],
          [
            -0.000314,
            -0.007654,
            0.008546
          ],
          [
            -0.007321,
            -0.020043,
            -0.004175
          ],
          [
            -0.0016,
            0.02179,
            -0.01114
          ],
          [
            -0.014181,
            0.007104,
            -4.2e-05
          ],
          [
            -0.005133,
            -0.006999,
            -0.006159
          ],
          [
            -0.003782,
            0.002296,
            0.000543
          ],
          [
            0.002133,
            -0.000397,
            0.0082
          ],
          [
            0.003816,
            -0.01013,
            -0.001045
          ],
          [
            -0.036152,
            -0.024332,
            -0.00464
          ],
          [
            -0.00767,
            0.003994,
            -0.001266
          ]
        ],
        "Lattice": [
          [
            14.79,
            0.0,
            0.0
          ],
          [
            -7.395,
            12.808514835,
            0.0
          ],
          [
            0.0,
            0.0,
            14.909274194
          ]
        ],
        "NumAtoms": 71,
        "Positions": [
          [
            7.39467,
            12.79338,
            0.73142
          ],
          [
            13.52197,
            2.10175,
            0.74079
          ],
          [
            -2.39506,
            4.26069,
            0.73624
          ],
          [
            -3.68146,
            6.39488,
            0.72766
          ],
          [
            9.81987,
            8.52718,
            0.72979
          ],
          [
            -6.15201,
            10.65889,
            0.72924
          ],
          [
            -4.92504,
            12.79086,
            0.72618
          ],
          [
            1.18005,
            2.0475,
            0.72387
          ],
          [
            0.15232,
            4.14046,
            0.73072
          ],
          [
            -1.10563,
            6.3606,
            0.72614
          ],
          [
            -2.45254,
            8.50162,
            0.72266
          ],
          [
            -3.68332,
            10.65191,
            0.72975
          ],
          [
            4.90893,
            0.02115,
            0.7593
          ],
          [
            3.58029,
            2.23385,
            0.74627
          ],
          [
            1.6462,
            4.29091,
            0.73738
          ],
          [
            1.60972,
            6.77895,
            0.75819
          ],
          [
            0.01243,
            8.50853,
            0.73026
          ],
          [
            -1.21228,
            10.65416,
            0.75284
          ],
          [
            0.00379,
            12.77867,
            0.83507
          ],
          [
            6.10148,
            2.17263,
            0.77963
          ],
          [
            4.8449,
            4.37268,
            0.7611
          ],
          [
            2.32374,
            8.0061,
            0.7952
          ],
          [
            1.29081,
            10.54099,
            0.86286
          ],
          [
            2.49297,
            12.78239,
            0.89048
          ],
          [
            8.60816,
            2.12343,
            0.78683
          ],
          [
            7.36677,
            4.2769,
            0.75932
          ],
          [
            6.02285,
            6.41075,
            0.76826
          ],
          [
            3.8018,
            7.98584,
            0.811
          ],
          [
            3.91375,
            10.54453,
            0.87282
          ],
          [
            12.32504,
            0.01578,
            0.80739
          ],
          [
            11.06756,
            2.14472,
            0.76709
          ],
          [
            9.86077,
            4.28516,
            0.74698
          ],
          [
            8.55588,
            6.42264,
            0.74351
          ],
          [
            7.24633,
            8.57188,
            0.7552
          ],
          [
            6.21219,
            10.73472,
            0.75587
          ],
          [
            1.22669,
            0.66087,
            0.72184
          ],
          [
            -0.04515,
            2.75234,
            0.72639
          ],
          [
            -1.08799,
            4.92865,
            0.73204
          ],
          [
            -2.40467,
            7.07731,
            0.72247
          ],
          [
            -3.70817,
            9.21983,
            0.72568
          ],
          [
            -4.91002,
            11.3636,
            0.72749
          ],
          [
            3.65857,
            0.76303,
            0.74111
          ],
          [
            2.27948,
            2.90583,
            0.73392
          ],
          [
            2.35994,
            5.50084,
            0.75244
          ],
          [
            0.12618,
            7.09488,
            0.72903
          ],
          [
            -1.21997,
            9.22474,
            0.73081
          ],
          [
            -2.45657,
            11.38911,
            0.74386
          ],
          [
            6.15339,
            0.71848,
            0.79313
          ],
          [
            4.83415,
            2.93619,
            0.7626
          ],
          [
            3.82799,
            5.48436,
            0.76257
          ],
          [
            1.29943,
            9.13479,
            0.782
          ],
          [
            0.04641,
            11.32207,
            0.81649
          ],
          [
            8.64531,
            0.68176,
            0.84161
          ],
          [
            7.35788,
            2.84871,
            0.77375
          ],
          [
            6.12963,
            4.9903,
            0.76263
          ],
          [
            4.54417,
            6.72967,
            0.77796
          ],
          [
            4.50521,
            9.21199,
            0.84059
          ],
          [
            2.56604,
            11.25562,
            1.19113
          ],
          [
            11.0745,
            0.71423,
            0.821
          ],
          [
            9.83608,
            2.85295,
            0.7662
          ],
          [
            8.60277,
            4.99799,
            0.7485
          ],
          [
            7.25736,
            7.13626,
            0.757
          ],
          [
            6.02464,
            9.35531,
            0.78062
          ],
          [
            4.98176,
            11.4311,
            0.8049
          ],
          [
            13.54733,
            0.69194,
            0.75591
          ],
          [
            12.3127,
            2.84208,
            0.74537
          ],
          [
            11.12424,
            4.97405,
            0.73573
          ],
          [
            9.83232,
            7.10461,
            0.73199
          ],
          [
            8.55634,
            9.24122,
            0.73618
          ],
          [
            7.4301,
            11.39297,
            0.73179
          ],
          [
            2.56282,
            11.26437,
            2.31487
          ]
        ],
        "Stress": [
          [
            -35.92094,
            22.83733,
            -0.0111
          ],
          [
            22.83733,
            -9.84011,
            0.00011
          ],
          [
            -0.0111,
            0.00011,
            -1.04002
          ]
        ],
        "computation_code": "VASP",
        "pseudopotential_information": [
          [
            "PAW_PBE",
            "C",
            "08Apr2002"
          ],
          [
            "PAW_PBE",
            "H",
            "15Jun2001"
          ]
        ]
      }
    ],
    "EnergyStyle": "electronvolt",
    "ForcesStyle": "electronvoltperangstrom",
    "LatticeStyle": "angstrom",
    "PositionsStyle": "angstrom",
    "StressStyle": "kB"
  }
}