{
  "Dataset": {
    "AtomTypeStyle": "chemicalsymbol",
    "Data": [
      {
        "AtomTypes": [
          "C",
          "C",
          "C",
          "C",
          "C",
          "C",
          "C",
          "C",
          "C",
          "C",
          "C",
          "C",
          "C",
          "C",
          "C",
          "C",
          "C",
          "C",
          "C",
          "C",
          "C",
          "C",
          "C",
          "C",
          "C",
          "C",
          "C",
          "C",
          "C",
          "C",
          "C",
          "C",
          "C",
          "C",
          "C",
          "C",
          "C",
          "C",
          "C",
          "C",
          "C",
          "C",
          "C",
          "C",
          "C",
          "C",
          "C",
          "C",
          "C",
          "C",
          "C",
          "C",
          "C",
          "C",
          "C",
          "C",
          "C",
          "C",
          "C",
          "C",
          "C",
          "C",
          "C",
          "C",
          "C",
          "C",
          "C",
          "C",
          "C",
          "C",
          "H"
        ],
        "Energy": -613.00657362,
        "Forces": [
          [
            0.002117,
            -0.012971,
            -0.005172
          ],
          [
            0.019624,
            0.000694,
            -0.003986
          ],
          [
            0.002113,
            0.006176,
            0.007597
          ],
          [
            -0.014601,
            -0.00478,
            0.001251
          ],
          [
            0.004555,
            0.01387,
            0.003921
          ],
          [
            0.008039,
            -0.008032,
            0.008034
          ],
          [
            0.003603,
            -0.00543,
            -9.6e-05
          ],
          [
            0.006073,
            -0.022361,
            -0.001608
          ],
          [
            -0.007752,
            0.005865,
            -0.01642
          ],
          [
            0.004566,
            -0.00362,
            0.004379
          ],
          [
            -0.003636,
            0.004295,
            -0.003115
          ],
          [
            -0.004954,
            -0.006149,
            0.003493
          ],
          [
            0.004016,
            -0.006491,
            -0.008671
          ],
          [
            -0.005883,
            0.001288,
            -0.00553
          ],
          [
            -0.004502,
            0.015755,
            -0.017611
          ],
          [
            -0.006908,
            -0.008489,
            -0.003431
          ],
          [
            -0.002759,
            0.005318,
            -0.008319
          ],
          [
            0.00313,
            0.010007,
            -0.001005
          ],
          [
            -0.01056,
            -0.003192,
            0.000745
          ],
          [
            0.005811,
            0.00587,
            -0.006864
          ],
          [
            0.004808,
            -0.009429,
            0.023102
          ],
          [
            -0.009885,
            0.010032,
            -0.011829
          ],
          [
            0.017295,
            -0.015018,
            0.001015
          ],
          [
            -0.011945,
            0.008535,
            0.00698
          ],
          [
            -0.010248,
            -0.017229,
            0.003965
          ],
          [
            -0.015547,
            0.000299,
            0.007343
          ],
          [
            -0.01038,
            0.005082,
            -0.010264
          ],
          [
            0.002752,
            -0.003172,
            -0.008989
          ],
          [
            -0.011263,
            0.000971,
            -0.005006
          ],
          [
            0.000243,
            -0.04583,
            -0.007363
          ],
          [
            -0.005429,
            -0.000791,
            0.003844
          ],
          [
            0.014369,
            0.029798,
            0.007439
          ],
          [
            0.009675,
            -0.004468,
            0.004146
          ],
          [
            -0.005206,
            0.013398,
            -0.00797
          ],
          [
            -0.000121,
            -0.002567,
            0.002921
          ],
          [
            -0.008007,
            0.028366,
            -0.005688
          ],
          [
            -0.012197,
            -0.016325,
            -0.00968
          ],
          [
            -0.002731,
            0.000649,
            0.000324
          ],
          [
            -0.006616,
            -0.006303,
            0.005214
          ],
          [
            -0.016666,
            -0.005909,
            0.003723
          ],
          [
            0.006441,
            0.000294,
            0.005711
          ],
          [
            -0.006161,
            0.007115,
            0.004263
          ],
          [
            0.010375,
            -0.026379,
            -0.008157
          ],
          [
            0.009436,
            0.006713,
            0.008727
          ],
          [
            0.019529,
            -0.000981,
            0.003639
          ],
          [
            0.009835,
            -0.001375,
            0.00812
          ],
          [
            -0.004601,
            0.011328,
            -0.016807
          ],
          [
            0.01554,
            -0.000665,
            -0.003248
          ],
          [
            -0.001025,
            -0.002731,
            -0.002576
          ],
          [
            -0.002788,
            0.020311,
            -0.005595
          ],
          [
            -0.000389,
            -0.015621,
            -0.009161
          ],
          [
            -0.018337,
            0.023589,
            -0.0024
          ],
          [
            -0.001736,
            -0.001437,
            0.000645
          ],
          [
            0.005829,
            -0.01078,
            0.009654
          ],
          [
            0.012975,
            -0.002989,
            0.018156
          ],
          [
            -0.010027,
            -0.015943,
            -0.000267
          ],
          [
            -0.006919,
            -0.005607,
            0.008175
          ],
          [
            0.008072,
            0.000635,
            -0.002139
          ],
          [
            0.011719,
            0.000428,
            0.002072
          ],
          [
            -0.009619,
            0.004061,
            0.020191
          ],
          [
            0.005107,
            -0.004655,
            -0.01313
          ],
          [
            0.015145,
            -0.00422,
            0.005108
          ],
          [
            0.013942,
            0.002265,
            0.001849
          ],
          [
            -0.006066,
            0.039659,
            -0.003207
          ],
          [
            0.000819,
            0.018018,
            -0.010457
          ],
          [
            -0.003945,
            -0.001325,
            -0.00263
          ],
          [
            0.005284,
            -0.006136,
            0.011613
          ],
          [
            0.000467,
            0.007258,
            -0.007116
          ],
          [
            0.003996,
            -0.010429,
            0.001896
          ],
          [
            -0.009284,
            0.018227,
            0.011052
          ],
          [
            0.001392,
            -0.006341,
            0.015203
          ]
        ],
        "Lattice": [
          [
            14.88,
            0.0,
            0.0
          ],
          [
            -7.44,
            12.886457116,
            0.0
          ],
          [
            0.0,
            0.0,
            15.0
          ]
        ],
        "NumAtoms": 71,
        "Positions": [
          [
            7.43733,
            12.87522,
            0.72288
          ],
          [
            13.60594,
            2.12163,
            0.74853
          ],
          [
            -2.40911,
            4.28687,
            0.78341
          ],
          [
            -3.71057,
            6.43369,
            0.78424
          ],
          [
            9.87409,
            8.58015,
            0.76711
          ],
          [
            -6.19468,
            10.72617,
            0.73415
          ],
          [
            -4.95687,
            12.86787,
            0.7311
          ],
          [
            1.18895,
            2.06078,
            0.73478
          ],
          [
            0.15365,
            4.16703,
            0.79181
          ],
          [
            -1.13212,
            6.40471,
            0.83173
          ],
          [
            -2.46567,
            8.55793,
            0.7799
          ],
          [
            -3.70458,
            10.71451,
            0.75054
          ],
          [
            4.94147,
            0.02102,
            0.74836
          ],
          [
            3.60632,
            2.23965,
            0.74402
          ],
          [
            1.67768,
            4.30503,
            0.77417
          ],
          [
            1.60494,
            6.80009,
            1.15384
          ],
          [
            0.01949,
            8.55479,
            0.80245
          ],
          [
            -1.21333,
            10.72084,
            0.75919
          ],
          [
            0.01106,
            12.85334,
            0.75062
          ],
          [
            6.13899,
            2.18024,
            0.75335
          ],
          [
            4.88379,
            4.39381,
            0.77219
          ],
          [
            2.34906,
            8.11561,
            0.89095
          ],
          [
            1.3364,
            10.63702,
            0.7659
          ],
          [
            2.5152,
            12.81891,
            0.74438
          ],
          [
            8.66353,
            2.12646,
            0.75017
          ],
          [
            7.41439,
            4.29839,
            0.76765
          ],
          [
            6.0483,
            6.44989,
            0.80507
          ],
          [
            3.82053,
            8.06085,
            0.83679
          ],
          [
            3.90399,
            10.66081,
            0.75404
          ],
          [
            12.4015,
            0.03302,
            0.72804
          ],
          [
            11.1372,
            2.15232,
            0.74865
          ],
          [
            9.91865,
            4.30622,
            0.76924
          ],
          [
            8.60251,
            6.46309,
            0.78206
          ],
          [
            7.28482,
            8.62218,
            0.76725
          ],
          [
            6.23542,
            10.8105,
            0.72628
          ],
          [
            1.23578,
            0.665,
            0.72717
          ],
          [
            -0.04113,
            2.77852,
            0.75751
          ],
          [
            -1.09651,
            4.95748,
            0.80892
          ],
          [
            -2.42854,
            7.12272,
            0.79618
          ],
          [
            -3.73258,
            9.27808,
            0.76437
          ],
          [
            -4.94453,
            11.42962,
            0.73584
          ],
          [
            3.68171,
            0.76337,
            0.74006
          ],
          [
            2.29792,
            2.91312,
            0.73915
          ],
          [
            2.40107,
            5.48971,
            0.83291
          ],
          [
            0.08908,
            7.14914,
            0.85929
          ],
          [
            -1.22658,
            9.28333,
            0.77235
          ],
          [
            -2.46516,
            11.45385,
            0.75346
          ],
          [
            6.18558,
            0.72309,
            0.75041
          ],
          [
            4.86491,
            2.94898,
            0.75598
          ],
          [
            3.86284,
            5.51085,
            0.81196
          ],
          [
            1.34013,
            9.17245,
            0.80774
          ],
          [
            0.061,
            11.39717,
            0.75631
          ],
          [
            8.69697,
            0.67209,
            0.74753
          ],
          [
            7.40598,
            2.86107,
            0.75529
          ],
          [
            6.16657,
            5.01809,
            0.77937
          ],
          [
            4.57839,
            6.76905,
            0.83529
          ],
          [
            4.53996,
            9.27318,
            0.77121
          ],
          [
            2.59004,
            11.33623,
            0.75562
          ],
          [
            11.1518,
            0.71643,
            0.73844
          ],
          [
            9.89633,
            2.86515,
            0.75435
          ],
          [
            8.6546,
            5.02506,
            0.77561
          ],
          [
            7.29834,
            7.1842,
            0.78855
          ],
          [
            6.0381,
            9.41863,
            0.75
          ],
          [
            5.00769,
            11.52242,
            0.72865
          ],
          [
            13.63628,
            0.70934,
            0.72896
          ],
          [
            12.38921,
            2.85757,
            0.75993
          ],
          [
            11.19127,
            5.00419,
            0.78083
          ],
          [
            9.88484,
            7.14862,
            0.77838
          ],
          [
            8.60124,
            9.29682,
            0.75491
          ],
          [
            7.46648,
            11.46557,
            0.72194
          ],
          [
            1.57473,
            6.75391,
            2.27072
          ]
        ],
        "Stress": [
          [
            -37.43597,
            22.53754,
            -5e-05
          ],
          [
            22.53754,
            -10.23625,
            -0.00696
          ],
          [
            -5e-05,
            -0.00696,
            -1.08762
          ]
        ],
        "computation_code": "VASP",
        "pseudopotential_information": [
          [
            "PAW_PBE",
            "C",
            "08Apr2002"
          ],
          [
            "PAW_PBE",
            "H",
            "15Jun2001"
          ]
        ]
      }
    ],
    "EnergyStyle": "electronvolt",
    "ForcesStyle": "electronvoltperangstrom",
    "LatticeStyle": "angstrom",
    "PositionsStyle": "angstrom",
    "StressStyle": "kB"
  }
}