{
  "Dataset": {
    "AtomTypeStyle": "chemicalsymbol",
    "Data": [
      {
        "AtomTypes": [
          "C",
          "C",
          "C",
          "C",
          "C",
          "C",
          "C",
          "C",
          "C",
          "C",
          "C",
          "C",
          "C",
          "C",
          "C",
          "C",
          "C",
          "C",
          "C",
          "C",
          "C",
          "C",
          "C",
          "C",
          "C",
          "C",
          "C",
          "C",
          "C",
          "C",
          "C",
          "C",
          "C",
          "C",
          "C",
          "C",
          "C",
          "C",
          "C",
          "C",
          "C",
          "C",
          "C",
          "C",
          "C",
          "C",
          "C",
          "C",
          "C",
          "C",
          "C",
          "C",
          "C",
          "C",
          "C",
          "C",
          "C",
          "C",
          "C",
          "C",
          "C",
          "C",
          "C",
          "C",
          "C",
          "C",
          "C",
          "C",
          "C",
          "C",
          "H",
          "H"
        ],
        "Energy": -616.65171888,
        "Forces": [
          [
            0.010732,
            0.013518,
            0.015255
          ],
          [
            0.048841,
            -0.001526,
            -0.003075
          ],
          [
            -0.009168,
            0.014481,
            0.002458
          ],
          [
            -0.002682,
            -0.008669,
            0.00663
          ],
          [
            0.027359,
            -0.027655,
            -0.001115
          ],
          [
            -0.03725,
            0.017434,
            0.011246
          ],
          [
            -0.010171,
            0.020605,
            -0.010572
          ],
          [
            0.025885,
            -0.040853,
            -0.021931
          ],
          [
            0.006965,
            0.003672,
            -0.009664
          ],
          [
            0.006807,
            0.007629,
            -0.014483
          ],
          [
            -0.014921,
            -0.014072,
            0.006969
          ],
          [
            -0.003784,
            -0.014484,
            0.012152
          ],
          [
            -0.00277,
            0.018648,
            -0.002152
          ],
          [
            -0.013356,
            -0.014975,
            -0.02441
          ],
          [
            0.016343,
            0.028562,
            0.041031
          ],
          [
            -0.009092,
            0.013916,
            0.014654
          ],
          [
            -0.005198,
            -0.008995,
            -0.01065
          ],
          [
            0.010052,
            -0.019559,
            -0.013518
          ],
          [
            0.015765,
            -0.00189,
            -0.016278
          ],
          [
            0.022355,
            0.003692,
            0.009641
          ],
          [
            -0.009522,
            -0.000294,
            0.020721
          ],
          [
            -0.004286,
            -0.020345,
            0.014029
          ],
          [
            -0.007067,
            -0.003153,
            0.0367
          ],
          [
            0.009109,
            -0.023426,
            -0.014616
          ],
          [
            -0.003446,
            0.009223,
            0.001273
          ],
          [
            0.000167,
            -0.010982,
            0.001247
          ],
          [
            0.011689,
            0.001881,
            -0.000478
          ],
          [
            0.003432,
            0.005791,
            -0.016581
          ],
          [
            0.005335,
            0.034001,
            -0.020218
          ],
          [
            0.002407,
            -0.010985,
            0.006399
          ],
          [
            -0.015907,
            0.023462,
            -0.01415
          ],
          [
            0.017673,
            0.011919,
            0.00335
          ],
          [
            0.005041,
            0.009,
            0.000289
          ],
          [
            -0.004216,
            -0.002986,
            0.003994
          ],
          [
            0.029502,
            0.032589,
            -0.005711
          ],
          [
            -0.020461,
            0.042401,
            -0.002534
          ],
          [
            -0.039803,
            0.019353,
            -0.01911
          ],
          [
            -0.006297,
            -0.014234,
            -0.024229
          ],
          [
            -0.008903,
            0.021177,
            0.009895
          ],
          [
            0.00734,
            -0.000246,
            0.001344
          ],
          [
            0.028691,
            -0.012351,
            -0.014203
          ],
          [
            0.023017,
            0.002105,
            0.002249
          ],
          [
            0.010547,
            0.016184,
            -0.007951
          ],
          [
            -0.005539,
            -0.011136,
            0.044595
          ],
          [
            0.003898,
            -0.009128,
            0.020676
          ],
          [
            -0.008625,
            -0.004361,
            0.001554
          ],
          [
            0.002744,
            0.020786,
            0.003461
          ],
          [
            -0.004511,
            -0.007192,
            0.006375
          ],
          [
            0.004013,
            0.010228,
            -0.014522
          ],
          [
            0.015828,
            -0.00042,
            0.014476
          ],
          [
            -0.003566,
            0.015518,
            -0.001113
          ],
          [
            0.006927,
            0.008008,
            0.000321
          ],
          [
            -0.038436,
            0.005574,
            -0.000935
          ],
          [
            -0.004019,
            -0.019536,
            0.007437
          ],
          [
            -0.004484,
            -0.007598,
            -0.010957
          ],
          [
            -0.014069,
            -0.014744,
            0.014061
          ],
          [
            -0.002656,
            -0.002355,
            0.001787
          ],
          [
            0.0001,
            -0.011357,
            0.004401
          ],
          [
            0.021402,
            -0.034955,
            0.011952
          ],
          [
            -0.014558,
            -0.011252,
            0.01161
          ],
          [
            -0.023032,
            0.001834,
            -0.014161
          ],
          [
            0.001418,
            -0.005096,
            0.036468
          ],
          [
            0.021426,
            0.004644,
            -0.016713
          ],
          [
            -0.005606,
            -0.000613,
            0.001155
          ],
          [
            -0.011111,
            0.002364,
            0.014838
          ],
          [
            0.014944,
            0.007313,
            -0.01006
          ],
          [
            0.017538,
            0.009187,
            -0.001935
          ],
          [
            -0.011459,
            0.012623,
            -0.016623
          ],
          [
            -0.030525,
            -0.012376,
            -0.013547
          ],
          [
            -0.030986,
            -0.040867,
            0.009589
          ],
          [
            -0.00841,
            -0.014417,
            -0.021213
          ],
          [
            -0.005394,
            -0.010235,
            -0.036876
          ]
        ],
        "Lattice": [
          [
            14.88,
            0.0,
            0.0
          ],
          [
            -7.44,
            12.886457116,
            0.0
          ],
          [
            0.0,
            0.0,
            15.0
          ]
        ],
        "NumAtoms": 72,
        "Positions": [
          [
            7.43901,
            12.87221,
            0.42897
          ],
          [
            13.59764,
            2.11779,
            0.51717
          ],
          [
            -2.41996,
            4.27854,
            0.76248
          ],
          [
            -3.70166,
            6.43269,
            0.85082
          ],
          [
            9.88471,
            8.58152,
            0.80561
          ],
          [
            -6.19204,
            10.72471,
            0.62798
          ],
          [
            -4.95667,
            12.86593,
            0.63739
          ],
          [
            1.19182,
            2.06199,
            0.6191
          ],
          [
            0.10551,
            4.14347,
            0.84353
          ],
          [
            -1.10437,
            6.40033,
            0.87259
          ],
          [
            -2.45859,
            8.55407,
            0.84078
          ],
          [
            -3.70405,
            10.71607,
            0.75712
          ],
          [
            4.93873,
            0.01505,
            0.80954
          ],
          [
            3.59774,
            2.22762,
            0.84774
          ],
          [
            1.65243,
            4.29033,
            1.19581
          ],
          [
            1.63346,
            6.79703,
            0.80109
          ],
          [
            0.03082,
            8.56069,
            0.8576
          ],
          [
            -1.20958,
            10.72004,
            0.84421
          ],
          [
            0.00578,
            12.85676,
            0.85103
          ],
          [
            6.13657,
            2.1829,
            0.85944
          ],
          [
            4.87218,
            4.39296,
            0.85026
          ],
          [
            2.35944,
            8.0551,
            0.80571
          ],
          [
            1.33286,
            10.62354,
            0.86868
          ],
          [
            2.51188,
            12.82329,
            0.75502
          ],
          [
            8.65894,
            2.12487,
            0.79876
          ],
          [
            7.40786,
            4.30152,
            0.85119
          ],
          [
            6.06049,
            6.45155,
            0.85318
          ],
          [
            3.80413,
            8.01711,
            0.85234
          ],
          [
            3.89163,
            10.70136,
            0.83644
          ],
          [
            12.39161,
            0.0291,
            0.50401
          ],
          [
            11.1299,
            2.15114,
            0.66192
          ],
          [
            9.91785,
            4.30452,
            0.80201
          ],
          [
            8.60774,
            6.45988,
            0.86017
          ],
          [
            7.29887,
            8.6365,
            0.83973
          ],
          [
            6.23715,
            10.79958,
            0.60181
          ],
          [
            1.23841,
            0.66243,
            0.51724
          ],
          [
            -0.04711,
            2.77709,
            0.61901
          ],
          [
            -1.10652,
            4.9436,
            0.84756
          ],
          [
            -2.41463,
            7.11996,
            0.85932
          ],
          [
            -3.72604,
            9.27536,
            0.79876
          ],
          [
            -4.93879,
            11.42852,
            0.66204
          ],
          [
            3.67843,
            0.75759,
            0.76272
          ],
          [
            2.29864,
            2.87711,
            0.84363
          ],
          [
            2.38798,
            5.56429,
            0.83892
          ],
          [
            0.13153,
            7.13003,
            0.85011
          ],
          [
            -1.21549,
            9.28024,
            0.85106
          ],
          [
            -2.4679,
            11.45545,
            0.80205
          ],
          [
            6.18488,
            0.7247,
            0.85095
          ],
          [
            4.8582,
            2.9578,
            0.87276
          ],
          [
            3.83286,
            5.52719,
            0.80119
          ],
          [
            1.32016,
            9.18835,
            0.85312
          ],
          [
            0.05375,
            11.39856,
            0.86011
          ],
          [
            8.69267,
            0.67882,
            0.80557
          ],
          [
            7.40053,
            2.86187,
            0.84084
          ],
          [
            6.16153,
            5.02107,
            0.85775
          ],
          [
            4.55936,
            6.78496,
            0.80576
          ],
          [
            4.54005,
            9.29173,
            1.2013
          ],
          [
            2.59318,
            11.3534,
            0.83967
          ],
          [
            11.14719,
            0.71405,
            0.62792
          ],
          [
            9.89566,
            2.86429,
            0.75711
          ],
          [
            8.65183,
            5.0265,
            0.84432
          ],
          [
            7.297,
            7.1801,
            0.86875
          ],
          [
            6.08505,
            9.43516,
            0.83645
          ],
          [
            4.99749,
            11.51577,
            0.60172
          ],
          [
            13.63152,
            0.70618,
            0.42897
          ],
          [
            12.3838,
            2.85437,
            0.63723
          ],
          [
            11.18684,
            4.99864,
            0.80936
          ],
          [
            9.8946,
            7.14744,
            0.85103
          ],
          [
            8.6126,
            9.30113,
            0.75506
          ],
          [
            7.47278,
            11.4604,
            0.50401
          ],
          [
            1.64255,
            4.27322,
            2.31089
          ],
          [
            4.55843,
            9.32375,
            2.31635
          ]
        ],
        "Stress": [
          [
            -38.49706,
            22.8046,
            -0.00874
          ],
          [
            22.8046,
            -12.14452,
            -0.01811
          ],
          [
            -0.00874,
            -0.01811,
            -1.14574
          ]
        ],
        "computation_code": "VASP",
        "pseudopotential_information": [
          [
            "PAW_PBE",
            "C",
            "08Apr2002"
          ],
          [
            "PAW_PBE",
            "H",
            "15Jun2001"
          ]
        ]
      }
    ],
    "EnergyStyle": "electronvolt",
    "ForcesStyle": "electronvoltperangstrom",
    "LatticeStyle": "angstrom",
    "PositionsStyle": "angstrom",
    "StressStyle": "kB"
  }
}