{
  "Dataset": {
    "AtomTypeStyle": "chemicalsymbol",
    "Data": [
      {
        "AtomTypes": [
          "C",
          "C",
          "C",
          "C",
          "C",
          "C",
          "C",
          "C",
          "C",
          "C",
          "C",
          "C",
          "C",
          "C",
          "C",
          "C",
          "C",
          "C",
          "C",
          "C",
          "C",
          "C",
          "C",
          "C",
          "C",
          "C",
          "C",
          "C",
          "C",
          "C",
          "C",
          "C",
          "C",
          "C",
          "C",
          "C",
          "C",
          "C",
          "C",
          "C",
          "C",
          "C",
          "C",
          "C",
          "C",
          "C",
          "C",
          "C",
          "C",
          "C",
          "C",
          "C",
          "C",
          "C",
          "C",
          "C",
          "C",
          "C",
          "C",
          "C",
          "C",
          "C",
          "C",
          "C",
          "C",
          "C",
          "C",
          "C",
          "C",
          "C",
          "H"
        ],
        "Energy": -612.76349094,
        "Forces": [
          [
            -0.004334,
            0.106234,
            0.032938
          ],
          [
            -0.060617,
            -0.00561,
            -0.006851
          ],
          [
            0.002347,
            0.062955,
            0.000509
          ],
          [
            0.012119,
            0.00643,
            0.029508
          ],
          [
            0.012846,
            0.067526,
            0.007668
          ],
          [
            -0.036251,
            0.047313,
            0.014588
          ],
          [
            -0.007153,
            0.062072,
            0.00315
          ],
          [
            -0.23633,
            -0.126493,
            -0.099205
          ],
          [
            -0.037635,
            -0.041496,
            0.169431
          ],
          [
            0.06339,
            0.011442,
            0.071833
          ],
          [
            -0.017431,
            -0.144256,
            -0.057014
          ],
          [
            0.006701,
            -0.004574,
            0.004535
          ],
          [
            0.030971,
            -0.109011,
            0.002817
          ],
          [
            -0.049639,
            -0.007789,
            -0.016667
          ],
          [
            -0.03916,
            -0.046813,
            0.091751
          ],
          [
            0.414733,
            0.246073,
            -0.063334
          ],
          [
            -0.070945,
            0.11036,
            0.297386
          ],
          [
            0.095518,
            0.081625,
            -0.08328
          ],
          [
            -0.018285,
            -0.169813,
            -0.062164
          ],
          [
            0.036566,
            -0.028664,
            -0.043041
          ],
          [
            0.071786,
            -0.1216,
            0.34867
          ],
          [
            -0.075017,
            -0.848348,
            -0.690071
          ],
          [
            -0.099863,
            0.255537,
            0.201097
          ],
          [
            0.018604,
            0.004907,
            -0.046428
          ],
          [
            0.002439,
            0.014612,
            0.031697
          ],
          [
            0.007653,
            -0.02461,
            -0.076912
          ],
          [
            -0.199755,
            0.109323,
            -0.021764
          ],
          [
            -0.248031,
            0.259026,
            0.095106
          ],
          [
            -0.009296,
            0.10137,
            -0.047255
          ],
          [
            0.007217,
            -0.116956,
            0.015076
          ],
          [
            -0.060394,
            0.002023,
            -0.010037
          ],
          [
            -0.033925,
            0.083627,
            0.007139
          ],
          [
            0.047945,
            0.003225,
            -0.026795
          ],
          [
            0.053008,
            -0.06518,
            -0.067872
          ],
          [
            0.018767,
            0.18638,
            -0.07826
          ],
          [
            -0.031267,
            0.047747,
            -0.090483
          ],
          [
            0.098592,
            -0.222905,
            -0.096381
          ],
          [
            0.131566,
            0.162236,
            0.317893
          ],
          [
            -0.048105,
            0.113005,
            0.409282
          ],
          [
            -0.005548,
            -0.065688,
            -0.116995
          ],
          [
            -0.010525,
            -0.032872,
            0.047457
          ],
          [
            -0.004262,
            0.003941,
            -0.063549
          ],
          [
            0.119522,
            -0.358306,
            0.281739
          ],
          [
            0.01884,
            0.315847,
            -0.82432
          ],
          [
            -0.275976,
            -0.096292,
            -0.855543
          ],
          [
            -0.014607,
            0.006887,
            0.276858
          ],
          [
            0.123957,
            0.048112,
            -0.064068
          ],
          [
            0.083327,
            -0.088616,
            -0.004776
          ],
          [
            0.032271,
            0.189481,
            0.011978
          ],
          [
            -0.083215,
            0.01562,
            0.046779
          ],
          [
            -0.116287,
            0.2136,
            0.310893
          ],
          [
            -0.185457,
            0.196128,
            -0.068669
          ],
          [
            -0.026942,
            0.005097,
            0.011713
          ],
          [
            -0.044634,
            0.044598,
            -0.002061
          ],
          [
            -0.000463,
            -0.046546,
            -0.060497
          ],
          [
            0.357513,
            -0.185839,
            0.556307
          ],
          [
            0.179117,
            -0.080981,
            0.300981
          ],
          [
            0.125903,
            0.021655,
            -0.084913
          ],
          [
            0.017773,
            -0.05145,
            0.007052
          ],
          [
            0.008228,
            -0.015556,
            0.008578
          ],
          [
            -0.033279,
            -0.018149,
            0.001277
          ],
          [
            -0.096634,
            0.02591,
            -0.017566
          ],
          [
            -0.006138,
            0.071007,
            -0.079121
          ],
          [
            0.036346,
            0.089284,
            -0.019049
          ],
          [
            0.053506,
            -0.009066,
            0.012766
          ],
          [
            0.023986,
            -0.066892,
            -0.038857
          ],
          [
            -0.139414,
            -0.017348,
            -0.054148
          ],
          [
            0.009419,
            -0.051757,
            -0.086544
          ],
          [
            0.046275,
            -0.027303,
            0.010494
          ],
          [
            0.108406,
            0.027461,
            0.018046
          ],
          [
            -0.050343,
            -0.122893,
            0.069503
          ]
        ],
        "Lattice": [
          [
            14.88,
            0.0,
            0.0
          ],
          [
            -7.44,
            12.886457116,
            0.0
          ],
          [
            0.0,
            0.0,
            15.0
          ]
        ],
        "NumAtoms": 71,
        "Positions": [
          [
            7.43664,
            12.87342,
            0.75319
          ],
          [
            13.6091,
            2.12304,
            0.74802
          ],
          [
            -2.40931,
            4.28413,
            0.74635
          ],
          [
            -3.70703,
            6.43183,
            0.73229
          ],
          [
            9.87391,
            8.57839,
            0.75189
          ],
          [
            8.68319,
            10.7243,
            0.74974
          ],
          [
            -4.95935,
            12.86918,
            0.75157
          ],
          [
            1.19458,
            2.07153,
            0.73657
          ],
          [
            0.14992,
            4.17487,
            0.76998
          ],
          [
            -1.12908,
            6.40385,
            0.84341
          ],
          [
            -2.46387,
            8.5587,
            0.74022
          ],
          [
            -3.70768,
            10.71499,
            0.75138
          ],
          [
            4.93795,
            0.02414,
            0.75316
          ],
          [
            3.60387,
            2.24592,
            0.73775
          ],
          [
            1.67178,
            4.32028,
            0.78901
          ],
          [
            1.60017,
            6.80668,
            1.30895
          ],
          [
            0.02441,
            8.54315,
            0.81141
          ],
          [
            -1.21451,
            10.71537,
            0.73437
          ],
          [
            0.01036,
            12.85117,
            0.75049
          ],
          [
            6.13765,
            2.18112,
            0.75141
          ],
          [
            4.87927,
            4.39693,
            0.73734
          ],
          [
            2.35483,
            8.13787,
            0.99664
          ],
          [
            1.33892,
            10.62255,
            0.72331
          ],
          [
            2.51276,
            12.81397,
            0.7518
          ],
          [
            8.66396,
            2.12328,
            0.74943
          ],
          [
            7.41519,
            4.29722,
            0.74923
          ],
          [
            6.0525,
            6.44683,
            0.74818
          ],
          [
            3.82275,
            8.05557,
            0.82719
          ],
          [
            3.90051,
            10.65413,
            0.74393
          ],
          [
            12.40071,
            0.03065,
            0.75065
          ],
          [
            11.13872,
            2.14921,
            0.74997
          ],
          [
            9.92255,
            4.30277,
            0.75162
          ],
          [
            8.60579,
            6.46019,
            0.751
          ],
          [
            7.28249,
            8.61999,
            0.74704
          ],
          [
            6.23151,
            10.80208,
            0.75099
          ],
          [
            1.23553,
            0.67012,
            0.75345
          ],
          [
            -0.04133,
            2.78733,
            0.75043
          ],
          [
            -1.10095,
            4.95676,
            0.76885
          ],
          [
            -2.42331,
            7.12048,
            0.73462
          ],
          [
            -3.73309,
            9.27873,
            0.75349
          ],
          [
            -4.94749,
            11.43057,
            0.7484
          ],
          [
            3.67799,
            0.76723,
            0.75246
          ],
          [
            2.29652,
            2.9319,
            0.71175
          ],
          [
            2.39655,
            5.48814,
            0.96947
          ],
          [
            0.09375,
            7.1484,
            0.99673
          ],
          [
            -1.22204,
            9.27636,
            0.72278
          ],
          [
            -2.46872,
            11.45267,
            0.75092
          ],
          [
            6.1827,
            0.72434,
            0.75229
          ],
          [
            4.86328,
            2.94778,
            0.74269
          ],
          [
            3.85958,
            5.51189,
            0.82929
          ],
          [
            1.3456,
            9.16145,
            0.80321
          ],
          [
            0.0645,
            11.38769,
            0.73576
          ],
          [
            8.69641,
            0.66855,
            0.75028
          ],
          [
            7.40733,
            2.85887,
            0.75078
          ],
          [
            6.1659,
            5.01827,
            0.74054
          ],
          [
            4.56791,
            6.7704,
            0.77804
          ],
          [
            4.53228,
            9.27004,
            0.71732
          ],
          [
            2.58555,
            11.32899,
            0.74283
          ],
          [
            11.15037,
            0.71331,
            0.75107
          ],
          [
            9.89742,
            2.86228,
            0.75015
          ],
          [
            8.6577,
            5.0225,
            0.75102
          ],
          [
            7.30233,
            7.18028,
            0.7477
          ],
          [
            6.03445,
            9.4109,
            0.72881
          ],
          [
            5.00453,
            11.51707,
            0.75242
          ],
          [
            13.63548,
            0.70908,
            0.74921
          ],
          [
            12.38996,
            2.85622,
            0.74786
          ],
          [
            11.19553,
            5.0023,
            0.74868
          ],
          [
            9.88746,
            7.14757,
            0.74731
          ],
          [
            8.59895,
            9.29523,
            0.75171
          ],
          [
            7.46131,
            11.46211,
            0.75377
          ],
          [
            1.60699,
            6.80969,
            2.42441
          ]
        ],
        "Stress": [
          [
            -38.46396,
            22.44255,
            0.02466
          ],
          [
            22.44255,
            -11.60184,
            -0.10562
          ],
          [
            0.02466,
            -0.10562,
            -1.34154
          ]
        ],
        "computation_code": "VASP",
        "pseudopotential_information": [
          [
            "PAW_PBE",
            "C",
            "08Apr2002"
          ],
          [
            "PAW_PBE",
            "H",
            "15Jun2001"
          ]
        ]
      }
    ],
    "EnergyStyle": "electronvolt",
    "ForcesStyle": "electronvoltperangstrom",
    "LatticeStyle": "angstrom",
    "PositionsStyle": "angstrom",
    "StressStyle": "kB"
  }
}