{
  "Dataset": {
    "AtomTypeStyle": "chemicalsymbol",
    "Data": [
      {
        "AtomTypes": [
          "C",
          "C",
          "C",
          "C",
          "C",
          "C",
          "C",
          "C",
          "C",
          "C",
          "C",
          "C",
          "C",
          "C",
          "C",
          "C",
          "C",
          "C",
          "C",
          "C",
          "C",
          "C",
          "C",
          "C",
          "C",
          "C",
          "C",
          "C",
          "C",
          "C",
          "C",
          "C",
          "C",
          "C",
          "C",
          "C",
          "C",
          "C",
          "C",
          "C",
          "C",
          "C",
          "C",
          "C",
          "C",
          "C",
          "C",
          "C",
          "C",
          "C",
          "C",
          "C",
          "C",
          "C",
          "C",
          "C",
          "C",
          "C",
          "C",
          "C",
          "C",
          "C",
          "C",
          "C",
          "C",
          "C",
          "C",
          "C",
          "C",
          "C",
          "O",
          "H"
        ],
        "Energy": -618.64193081,
        "Forces": [
          [
            0.002328,
            -0.004805,
            0.00967
          ],
          [
            0.015738,
            -0.02048,
            0.001407
          ],
          [
            -0.02085,
            0.012122,
            -0.015134
          ],
          [
            0.006374,
            -0.02135,
            0.005331
          ],
          [
            0.011671,
            -0.003241,
            -0.010708
          ],
          [
            0.020685,
            -0.008807,
            0.002539
          ],
          [
            0.009842,
            -0.017427,
            0.004418
          ],
          [
            0.018328,
            -0.01825,
            -0.005731
          ],
          [
            -0.008623,
            -0.013712,
            0.004566
          ],
          [
            0.00665,
            -0.006926,
            -0.023729
          ],
          [
            0.011968,
            0.014372,
            -0.002647
          ],
          [
            -0.013114,
            -0.004688,
            -0.003606
          ],
          [
            0.017453,
            -0.012394,
            -0.006884
          ],
          [
            0.025973,
            0.005691,
            0.005446
          ],
          [
            0.005471,
            0.011722,
            -0.020408
          ],
          [
            0.018113,
            0.015121,
            -0.001104
          ],
          [
            0.00132,
            0.032379,
            0.012281
          ],
          [
            0.026639,
            0.010241,
            0.004586
          ],
          [
            0.000193,
            -0.017029,
            0.006619
          ],
          [
            -0.026526,
            0.008274,
            0.034408
          ],
          [
            0.007614,
            -0.036373,
            -0.020929
          ],
          [
            0.001496,
            -0.010038,
            0.016102
          ],
          [
            -0.003808,
            0.02246,
            0.021386
          ],
          [
            -0.034942,
            0.022561,
            -0.003974
          ],
          [
            -0.009085,
            -0.012424,
            0.01239
          ],
          [
            0.026123,
            0.015331,
            0.008008
          ],
          [
            -0.030422,
            0.005601,
            0.005521
          ],
          [
            -0.021753,
            -0.000474,
            0.02869
          ],
          [
            -0.003039,
            -0.000663,
            -0.003748
          ],
          [
            -0.028335,
            0.013715,
            -0.018013
          ],
          [
            -0.011111,
            -0.023355,
            -0.001264
          ],
          [
            -0.003,
            0.016876,
            0.014444
          ],
          [
            0.000937,
            -0.003669,
            0.020436
          ],
          [
            0.002709,
            0.000477,
            0.002479
          ],
          [
            -0.036206,
            0.001974,
            -0.063166
          ],
          [
            -0.006325,
            0.010607,
            -0.003873
          ],
          [
            -0.024412,
            0.00672,
            -0.008891
          ],
          [
            -0.014313,
            0.005976,
            -0.021376
          ],
          [
            0.030214,
            -0.02023,
            0.018657
          ],
          [
            0.016512,
            -0.011736,
            -0.00869
          ],
          [
            0.006992,
            -0.014398,
            -0.027409
          ],
          [
            -0.012451,
            0.019021,
            0.03624
          ],
          [
            0.000648,
            0.009503,
            0.019947
          ],
          [
            -0.010937,
            -0.00083,
            -0.013511
          ],
          [
            -0.024356,
            -0.016904,
            0.001785
          ],
          [
            -0.036052,
            -0.021866,
            -0.000135
          ],
          [
            -0.021297,
            0.004729,
            -0.032621
          ],
          [
            0.013599,
            0.017381,
            -0.004459
          ],
          [
            -0.024385,
            0.011541,
            0.048533
          ],
          [
            0.012036,
            -0.008992,
            0.018626
          ],
          [
            0.011852,
            -0.005091,
            0.03229
          ],
          [
            0.009465,
            -0.007532,
            -0.008312
          ],
          [
            -0.012654,
            -0.001881,
            -0.013491
          ],
          [
            -0.012749,
            0.004282,
            0.011386
          ],
          [
            0.008759,
            -0.021856,
            0.035087
          ],
          [
            -0.015295,
            0.009386,
            0.002601
          ],
          [
            0.001207,
            -0.027384,
            0.030734
          ],
          [
            -0.020171,
            0.017971,
            -0.00435
          ],
          [
            -0.010322,
            -0.005671,
            -0.011149
          ],
          [
            0.009053,
            0.011999,
            -0.017668
          ],
          [
            0.000172,
            -0.010378,
            0.001371
          ],
          [
            0.02996,
            -0.006643,
            -0.007652
          ],
          [
            0.004227,
            -0.00194,
            -0.010618
          ],
          [
            0.038767,
            -0.034132,
            -0.006218
          ],
          [
            0.000621,
            0.005849,
            -0.008596
          ],
          [
            -0.004923,
            -0.000617,
            0.022983
          ],
          [
            -0.014513,
            0.000931,
            -0.010739
          ],
          [
            -0.007825,
            -0.025913,
            6.6e-05
          ],
          [
            0.017759,
            0.003362,
            0.020139
          ],
          [
            0.044935,
            0.030776,
            -0.047011
          ],
          [
            0.024188,
            0.043613,
            -0.044305
          ],
          [
            0.005202,
            0.057534,
            -0.009051
          ]
        ],
        "Lattice": [
          [
            14.88,
            0.0,
            0.0
          ],
          [
            -7.44,
            12.886457116,
            0.0
          ],
          [
            0.0,
            0.0,
            15.0
          ]
        ],
        "NumAtoms": 72,
        "Positions": [
          [
            7.43103,
            12.87571,
            0.7113
          ],
          [
            13.60412,
            2.11677,
            0.71338
          ],
          [
            -2.41133,
            4.28164,
            0.74742
          ],
          [
            -3.7048,
            6.43467,
            0.7442
          ],
          [
            9.87374,
            8.58226,
            0.73351
          ],
          [
            8.68065,
            10.72609,
            0.72705
          ],
          [
            -4.96196,
            12.87062,
            0.70475
          ],
          [
            1.17758,
            2.05837,
            0.69338
          ],
          [
            0.15321,
            4.1651,
            0.75635
          ],
          [
            -1.10766,
            6.40248,
            0.76796
          ],
          [
            -2.46715,
            8.55839,
            0.75231
          ],
          [
            -3.70991,
            10.72028,
            0.74369
          ],
          [
            4.93519,
            0.02065,
            0.78852
          ],
          [
            3.5724,
            2.23721,
            0.82209
          ],
          [
            1.66333,
            4.31503,
            0.79191
          ],
          [
            1.62145,
            6.81541,
            0.77001
          ],
          [
            0.02133,
            8.56361,
            0.74802
          ],
          [
            -1.21257,
            10.72198,
            0.75669
          ],
          [
            0.01601,
            12.84737,
            0.76574
          ],
          [
            6.17463,
            2.15387,
            0.86829
          ],
          [
            4.85876,
            4.43186,
            0.85742
          ],
          [
            2.33506,
            8.0536,
            0.74214
          ],
          [
            1.33332,
            10.61911,
            0.73728
          ],
          [
            2.52043,
            12.80409,
            0.75115
          ],
          [
            8.6672,
            2.11473,
            0.7566
          ],
          [
            7.4055,
            4.29994,
            0.77612
          ],
          [
            6.05399,
            6.45336,
            0.72078
          ],
          [
            3.82761,
            8.03845,
            0.72633
          ],
          [
            3.90124,
            10.64613,
            0.74253
          ],
          [
            12.39925,
            0.02192,
            0.74485
          ],
          [
            11.13639,
            2.14675,
            0.73992
          ],
          [
            9.91772,
            4.30169,
            0.74115
          ],
          [
            8.60342,
            6.46254,
            0.72329
          ],
          [
            7.27968,
            8.62562,
            0.72462
          ],
          [
            6.23442,
            10.81047,
            0.7544
          ],
          [
            1.22959,
            0.66983,
            0.69067
          ],
          [
            -0.04527,
            2.76946,
            0.70805
          ],
          [
            -1.08997,
            4.9547,
            0.76306
          ],
          [
            -2.42215,
            7.12408,
            0.75431
          ],
          [
            -3.73467,
            9.28009,
            0.74442
          ],
          [
            -4.94747,
            11.43282,
            0.72251
          ],
          [
            3.66892,
            0.76966,
            0.75421
          ],
          [
            2.29518,
            2.92408,
            0.7586
          ],
          [
            2.37134,
            5.53385,
            0.80171
          ],
          [
            0.12882,
            7.13757,
            0.76494
          ],
          [
            -1.22414,
            9.28616,
            0.75175
          ],
          [
            -2.4721,
            11.46619,
            0.76419
          ],
          [
            6.1957,
            0.72166,
            0.80904
          ],
          [
            4.84687,
            2.94483,
            1.2216
          ],
          [
            3.86302,
            5.5161,
            0.80851
          ],
          [
            1.31472,
            9.17781,
            0.73523
          ],
          [
            0.05633,
            11.39248,
            0.75101
          ],
          [
            8.69889,
            0.66512,
            0.76026
          ],
          [
            7.40713,
            2.84633,
            0.79781
          ],
          [
            6.15281,
            5.01979,
            0.76868
          ],
          [
            4.58248,
            6.78168,
            0.74028
          ],
          [
            4.52748,
            9.27192,
            0.72714
          ],
          [
            2.59334,
            11.32672,
            0.74291
          ],
          [
            11.15114,
            0.70722,
            0.74591
          ],
          [
            9.89877,
            2.85996,
            0.74394
          ],
          [
            8.64307,
            5.02122,
            0.74121
          ],
          [
            7.298,
            7.18285,
            0.71502
          ],
          [
            6.03675,
            9.41731,
            0.73649
          ],
          [
            5.00694,
            11.51825,
            0.75459
          ],
          [
            13.63589,
            0.70398,
            0.72028
          ],
          [
            12.38685,
            2.85522,
            0.73298
          ],
          [
            11.18962,
            4.99969,
            0.74494
          ],
          [
            9.88657,
            7.14875,
            0.73153
          ],
          [
            8.59904,
            9.29985,
            0.72859
          ],
          [
            7.46182,
            11.46424,
            0.73633
          ],
          [
            4.90199,
            2.84507,
            2.72818
          ],
          [
            4.02069,
            3.11432,
            3.05401
          ]
        ],
        "Stress": [
          [
            -37.80459,
            22.52809,
            0.01755
          ],
          [
            22.52809,
            -11.81591,
            0.12784
          ],
          [
            0.01755,
            0.12784,
            -1.23154
          ]
        ],
        "computation_code": "VASP",
        "pseudopotential_information": [
          [
            "PAW_PBE",
            "C",
            "08Apr2002"
          ],
          [
            "PAW_PBE",
            "O",
            "08Apr2002"
          ],
          [
            "PAW_PBE",
            "H",
            "15Jun2001"
          ]
        ]
      }
    ],
    "EnergyStyle": "electronvolt",
    "ForcesStyle": "electronvoltperangstrom",
    "LatticeStyle": "angstrom",
    "PositionsStyle": "angstrom",
    "StressStyle": "kB"
  }
}