{
  "Dataset": {
    "AtomTypeStyle": "chemicalsymbol",
    "Data": [
      {
        "AtomTypes": [
          "C",
          "C",
          "C",
          "C",
          "C",
          "C",
          "C",
          "C",
          "C",
          "C",
          "C",
          "C",
          "C",
          "C",
          "C",
          "C",
          "C",
          "C",
          "C",
          "C",
          "C",
          "C",
          "C",
          "C",
          "C",
          "C",
          "C",
          "C",
          "C",
          "C",
          "C",
          "C",
          "C",
          "C",
          "C",
          "C",
          "C",
          "C",
          "C",
          "C",
          "C",
          "C",
          "C",
          "C",
          "C",
          "C",
          "C",
          "C",
          "C",
          "C",
          "C",
          "C",
          "C",
          "C",
          "C",
          "C",
          "C",
          "C",
          "C",
          "C",
          "C",
          "C",
          "C",
          "C",
          "C",
          "C",
          "C",
          "C",
          "C",
          "C",
          "O",
          "H"
        ],
        "Energy": -619.04795698,
        "Forces": [
          [
            0.036355,
            0.007386,
            -0.084483
          ],
          [
            -0.100792,
            -0.15059,
            -0.085069
          ],
          [
            -0.066398,
            -0.063346,
            0.068052
          ],
          [
            -0.039292,
            0.028783,
            -0.011407
          ],
          [
            0.021357,
            -0.004857,
            0.001163
          ],
          [
            -0.013557,
            -0.023848,
            0.009842
          ],
          [
            0.066854,
            -0.00611,
            -0.057565
          ],
          [
            -0.022684,
            0.074012,
            0.035588
          ],
          [
            0.026168,
            -0.095335,
            -0.105696
          ],
          [
            0.003084,
            -0.02675,
            0.099246
          ],
          [
            0.011401,
            0.013857,
            -0.008818
          ],
          [
            0.029009,
            -0.003404,
            0.007456
          ],
          [
            0.015142,
            -0.022948,
            -0.021517
          ],
          [
            0.041294,
            -0.027404,
            0.181029
          ],
          [
            -0.042856,
            0.028676,
            0.172846
          ],
          [
            0.041437,
            0.112308,
            0.052952
          ],
          [
            0.036081,
            0.026449,
            -0.010588
          ],
          [
            0.037259,
            -0.02529,
            -0.002013
          ],
          [
            0.010692,
            -0.00146,
            0.002964
          ],
          [
            -0.026163,
            0.002674,
            0.0106
          ],
          [
            -0.044,
            -0.009369,
            0.038792
          ],
          [
            -0.036306,
            -0.04511,
            -0.025132
          ],
          [
            -0.018099,
            0.012681,
            -0.016631
          ],
          [
            0.00763,
            0.039028,
            0.005228
          ],
          [
            -0.005898,
            0.008585,
            0.000931
          ],
          [
            -0.019922,
            0.013152,
            0.002775
          ],
          [
            0.024712,
            0.020202,
            -0.046252
          ],
          [
            0.064904,
            0.117875,
            -0.082174
          ],
          [
            0.030891,
            0.037574,
            0.010627
          ],
          [
            -0.021004,
            0.054538,
            -0.001758
          ],
          [
            -0.035353,
            -0.03049,
            -0.010984
          ],
          [
            -0.077376,
            -0.005632,
            -0.023812
          ],
          [
            -0.03323,
            0.000295,
            0.005926
          ],
          [
            -0.016272,
            0.015654,
            0.000858
          ],
          [
            -0.063696,
            -0.045195,
            0.01476
          ],
          [
            -0.049639,
            -0.118787,
            -0.082343
          ],
          [
            0.106353,
            0.079877,
            0.018921
          ],
          [
            -0.044284,
            0.016653,
            0.161428
          ],
          [
            0.019025,
            -0.024652,
            0.011657
          ],
          [
            0.014213,
            -0.005885,
            0.000565
          ],
          [
            -0.001826,
            -0.040308,
            -0.009619
          ],
          [
            -0.016618,
            -0.070137,
            0.071989
          ],
          [
            -0.094277,
            0.020179,
            -0.063913
          ],
          [
            -0.081532,
            -0.096812,
            -0.136807
          ],
          [
            0.008347,
            -0.045505,
            0.035456
          ],
          [
            0.017763,
            -0.009707,
            0.002748
          ],
          [
            0.034594,
            -0.061497,
            -0.024089
          ],
          [
            0.041599,
            -0.019024,
            -0.011532
          ],
          [
            -0.038663,
            -0.015462,
            0.103178
          ],
          [
            0.066944,
            0.079165,
            0.058319
          ],
          [
            0.006219,
            0.033893,
            -0.047273
          ],
          [
            0.010629,
            -0.023676,
            0.005905
          ],
          [
            -0.024511,
            0.016263,
            0.001481
          ],
          [
            0.001076,
            0.012964,
            -0.008845
          ],
          [
            0.002447,
            0.038692,
            -0.008666
          ],
          [
            -0.028249,
            -0.058787,
            -0.023212
          ],
          [
            0.02206,
            0.025001,
            -0.009278
          ],
          [
            0.017816,
            -0.006201,
            0.000459
          ],
          [
            -0.010376,
            -0.021724,
            0.009883
          ],
          [
            -0.01283,
            0.026026,
            0.006926
          ],
          [
            -0.046185,
            0.016423,
            -0.00264
          ],
          [
            0.015869,
            -0.011526,
            -0.016215
          ],
          [
            0.013957,
            0.04261,
            0.011037
          ],
          [
            -0.007337,
            -0.072266,
            0.015085
          ],
          [
            -0.007812,
            0.043641,
            -0.083072
          ],
          [
            -0.041158,
            0.074232,
            -0.058291
          ],
          [
            -0.026473,
            0.003246,
            -0.019411
          ],
          [
            -0.003815,
            0.004446,
            0.002261
          ],
          [
            0.028182,
            0.019816,
            0.005262
          ],
          [
            0.064957,
            0.013556,
            -0.002892
          ],
          [
            0.187009,
            0.098806,
            0.050138
          ],
          [
            0.035149,
            0.009875,
            -0.092334
          ]
        ],
        "Lattice": [
          [
            14.88,
            0.0,
            0.0
          ],
          [
            -7.44,
            12.886457116,
            0.0
          ],
          [
            0.0,
            0.0,
            15.0
          ]
        ],
        "NumAtoms": 72,
        "Positions": [
          [
            7.43694,
            12.8771,
            0.74563
          ],
          [
            13.60628,
            2.1198,
            0.7305
          ],
          [
            -2.41615,
            4.28237,
            0.74346
          ],
          [
            -3.70174,
            6.43139,
            0.74947
          ],
          [
            9.87476,
            8.57875,
            0.75006
          ],
          [
            8.68447,
            10.72683,
            0.75039
          ],
          [
            -4.9583,
            12.87173,
            0.74814
          ],
          [
            1.19816,
            2.06497,
            0.73464
          ],
          [
            0.11038,
            4.16177,
            0.82759
          ],
          [
            -1.11059,
            6.40639,
            0.75823
          ],
          [
            -2.46475,
            8.55665,
            0.74934
          ],
          [
            -3.70837,
            10.71586,
            0.75046
          ],
          [
            4.93894,
            0.0201,
            0.74479
          ],
          [
            3.60563,
            2.23724,
            0.77563
          ],
          [
            1.66075,
            4.31663,
            1.19573
          ],
          [
            1.62395,
            6.80652,
            0.74602
          ],
          [
            0.02359,
            8.55997,
            0.75004
          ],
          [
            -1.2148,
            10.72232,
            0.75036
          ],
          [
            0.00605,
            12.85454,
            0.75046
          ],
          [
            6.13918,
            2.18293,
            0.7494
          ],
          [
            4.87471,
            4.39239,
            0.756
          ],
          [
            2.34114,
            8.06655,
            0.7345
          ],
          [
            1.33169,
            10.62636,
            0.75056
          ],
          [
            2.51358,
            12.80922,
            0.74964
          ],
          [
            8.66317,
            2.12007,
            0.74982
          ],
          [
            7.41137,
            4.29672,
            0.75003
          ],
          [
            6.05165,
            6.44613,
            0.74663
          ],
          [
            3.81779,
            8.03938,
            0.74632
          ],
          [
            3.90221,
            10.64738,
            0.75036
          ],
          [
            12.40214,
            0.025,
            0.75164
          ],
          [
            11.13571,
            2.14512,
            0.7521
          ],
          [
            9.92038,
            4.30277,
            0.74923
          ],
          [
            8.60877,
            6.45886,
            0.75048
          ],
          [
            7.28163,
            8.62164,
            0.75007
          ],
          [
            6.23533,
            10.81204,
            0.75056
          ],
          [
            1.23698,
            0.67068,
            0.73093
          ],
          [
            -0.04517,
            2.78048,
            0.73445
          ],
          [
            -1.10351,
            4.95645,
            0.77546
          ],
          [
            -2.41612,
            7.12252,
            0.74947
          ],
          [
            -3.73244,
            9.27695,
            0.74979
          ],
          [
            -4.94652,
            11.43078,
            0.75216
          ],
          [
            3.67952,
            0.76329,
            0.74276
          ],
          [
            2.3134,
            2.89142,
            0.83319
          ],
          [
            2.39544,
            5.5745,
            0.81073
          ],
          [
            0.13146,
            7.13286,
            0.75532
          ],
          [
            -1.2215,
            9.28127,
            0.75002
          ],
          [
            -2.47082,
            11.45714,
            0.74935
          ],
          [
            6.18369,
            0.72421,
            0.74956
          ],
          [
            4.86543,
            2.95466,
            0.75834
          ],
          [
            3.84377,
            5.52144,
            0.74634
          ],
          [
            1.31917,
            9.1792,
            0.74646
          ],
          [
            0.05222,
            11.39926,
            0.75047
          ],
          [
            8.69513,
            0.66884,
            0.75005
          ],
          [
            7.40528,
            2.85779,
            0.74937
          ],
          [
            6.16356,
            5.01351,
            0.75005
          ],
          [
            4.57866,
            6.77559,
            0.73423
          ],
          [
            4.52857,
            9.27423,
            0.75156
          ],
          [
            2.58844,
            11.33134,
            0.75003
          ],
          [
            11.15062,
            0.71162,
            0.75042
          ],
          [
            9.89725,
            2.86032,
            0.75049
          ],
          [
            8.656,
            5.02304,
            0.75035
          ],
          [
            7.29958,
            7.18031,
            0.7507
          ],
          [
            6.03407,
            9.41793,
            0.75042
          ],
          [
            5.00929,
            11.51941,
            0.75051
          ],
          [
            13.63711,
            0.70578,
            0.74591
          ],
          [
            12.39022,
            2.85519,
            0.74759
          ],
          [
            11.19044,
            5.00155,
            0.74473
          ],
          [
            9.8921,
            7.14665,
            0.75043
          ],
          [
            8.59992,
            9.29601,
            0.74964
          ],
          [
            7.46445,
            11.46746,
            0.75149
          ],
          [
            1.68656,
            4.32533,
            2.68784
          ],
          [
            0.76569,
            4.31572,
            3.0111
          ]
        ],
        "Stress": [
          [
            -37.94623,
            23.09868,
            0.22134
          ],
          [
            23.09868,
            -11.15396,
            0.12179
          ],
          [
            0.22134,
            0.12179,
            -1.20686
          ]
        ],
        "computation_code": "VASP",
        "pseudopotential_information": [
          [
            "PAW_PBE",
            "C",
            "08Apr2002"
          ],
          [
            "PAW_PBE",
            "O",
            "08Apr2002"
          ],
          [
            "PAW_PBE",
            "H",
            "15Jun2001"
          ]
        ]
      }
    ],
    "EnergyStyle": "electronvolt",
    "ForcesStyle": "electronvoltperangstrom",
    "LatticeStyle": "angstrom",
    "PositionsStyle": "angstrom",
    "StressStyle": "kB"
  }
}