{
  "Dataset": {
    "AtomTypeStyle": "chemicalsymbol",
    "Data": [
      {
        "AtomTypes": [
          "C",
          "C",
          "C",
          "C",
          "C",
          "C",
          "C",
          "C",
          "C",
          "C",
          "C",
          "C",
          "C",
          "C",
          "C",
          "C",
          "C",
          "C",
          "C",
          "C",
          "C",
          "C",
          "C",
          "C",
          "C",
          "C",
          "C",
          "C",
          "C",
          "C",
          "C",
          "C",
          "C",
          "C",
          "C",
          "C",
          "C",
          "C",
          "C",
          "C",
          "C",
          "C",
          "C",
          "C",
          "C",
          "C",
          "C",
          "C",
          "C",
          "C",
          "C",
          "C",
          "C",
          "C",
          "C",
          "C",
          "C",
          "C",
          "C",
          "C",
          "C",
          "C",
          "C",
          "C",
          "C",
          "C",
          "C",
          "C",
          "C",
          "C",
          "O",
          "H"
        ],
        "Energy": -618.72031223,
        "Forces": [
          [
            0.002045,
            -0.012865,
            -0.015105
          ],
          [
            -0.028499,
            0.046037,
            0.018703
          ],
          [
            -0.016135,
            -0.002349,
            0.008651
          ],
          [
            -0.016683,
            -0.002088,
            0.007609
          ],
          [
            -0.006573,
            0.016971,
            -2e-05
          ],
          [
            -0.038505,
            -0.032549,
            -0.018913
          ],
          [
            -0.019935,
            0.007386,
            -0.000562
          ],
          [
            -4.5e-05,
            0.044624,
            -0.009049
          ],
          [
            -0.005116,
            0.018827,
            -0.018438
          ],
          [
            0.003092,
            0.007169,
            0.014036
          ],
          [
            0.004011,
            -0.001517,
            -0.00376
          ],
          [
            0.018683,
            0.002408,
            0.019505
          ],
          [
            -0.001776,
            -0.016869,
            0.002517
          ],
          [
            0.006781,
            0.024762,
            0.008614
          ],
          [
            0.006663,
            -0.001657,
            0.001253
          ],
          [
            -0.00238,
            -0.006126,
            0.010516
          ],
          [
            0.028702,
            -0.005025,
            0.016073
          ],
          [
            0.01138,
            0.001085,
            0.001526
          ],
          [
            0.007298,
            -0.019355,
            0.001965
          ],
          [
            -0.032301,
            0.033612,
            0.011119
          ],
          [
            -0.005795,
            -0.024536,
            0.015771
          ],
          [
            0.006199,
            -0.009774,
            -0.011346
          ],
          [
            -0.017101,
            -0.003888,
            -0.008129
          ],
          [
            -0.019716,
            -0.010718,
            -0.006739
          ],
          [
            -0.004722,
            -0.005057,
            -0.00853
          ],
          [
            0.005907,
            0.006695,
            0.004732
          ],
          [
            -0.01254,
            -0.02148,
            -0.006518
          ],
          [
            0.006916,
            -0.016176,
            0.000722
          ],
          [
            0.007416,
            -0.003888,
            0.004211
          ],
          [
            -0.002338,
            -0.077591,
            -0.002775
          ],
          [
            0.014183,
            0.039719,
            -0.007973
          ],
          [
            -0.00695,
            0.014686,
            0.011201
          ],
          [
            -0.017168,
            -0.021016,
            -0.00951
          ],
          [
            -0.010613,
            0.021839,
            0.013167
          ],
          [
            0.021896,
            0.003523,
            -0.01122
          ],
          [
            0.043325,
            -0.014652,
            -0.004269
          ],
          [
            0.033482,
            -0.006316,
            0.004266
          ],
          [
            0.012602,
            0.023832,
            0.009774
          ],
          [
            0.014928,
            -0.013892,
            0.008684
          ],
          [
            -0.00053,
            0.002843,
            -0.0045
          ],
          [
            0.025531,
            0.0356,
            -0.000776
          ],
          [
            0.010234,
            -0.018632,
            0.01818
          ],
          [
            0.020248,
            0.006305,
            -0.027064
          ],
          [
            0.007305,
            0.005397,
            -0.012674
          ],
          [
            -0.015019,
            -0.035058,
            0.015669
          ],
          [
            0.007671,
            0.013443,
            0.020835
          ],
          [
            0.019526,
            0.007984,
            0.006566
          ],
          [
            -0.004115,
            -0.000417,
            -0.000705
          ],
          [
            -0.006068,
            -0.002074,
            0.022622
          ],
          [
            -0.006252,
            0.019882,
            0.008269
          ],
          [
            0.009089,
            -0.031929,
            -0.01993
          ],
          [
            -0.004834,
            -0.018967,
            -0.011794
          ],
          [
            0.000788,
            0.024788,
            -0.006977
          ],
          [
            -0.002268,
            0.010273,
            -0.002464
          ],
          [
            -0.020714,
            0.020464,
            0.019851
          ],
          [
            -0.010371,
            0.001804,
            -0.006346
          ],
          [
            -0.012783,
            -0.020647,
            0.023097
          ],
          [
            0.025469,
            0.007319,
            0.006711
          ],
          [
            0.01243,
            -0.015173,
            -0.00969
          ],
          [
            -0.007503,
            0.016409,
            0.014584
          ],
          [
            -0.013556,
            0.00346,
            -0.015338
          ],
          [
            0.025851,
            -0.021764,
            0.006265
          ],
          [
            0.017875,
            0.024052,
            -0.001713
          ],
          [
            0.028826,
            0.050824,
            -0.006205
          ],
          [
            0.019901,
            0.015523,
            -0.004727
          ],
          [
            0.012671,
            -0.019836,
            -0.00974
          ],
          [
            -0.015808,
            -0.023784,
            0.008208
          ],
          [
            -0.020077,
            0.003239,
            0.006059
          ],
          [
            -0.023193,
            -0.014856,
            -0.011259
          ],
          [
            -0.042861,
            -0.014514,
            -0.01249
          ],
          [
            -0.01017,
            -0.009233,
            -0.027341
          ],
          [
            -0.017914,
            -0.006517,
            -0.036943
          ]
        ],
        "Lattice": [
          [
            14.88,
            0.0,
            0.0
          ],
          [
            -7.44,
            12.886457116,
            0.0
          ],
          [
            0.0,
            0.0,
            15.0
          ]
        ],
        "NumAtoms": 72,
        "Positions": [
          [
            7.42678,
            12.87375,
            0.60793
          ],
          [
            13.60692,
            2.11588,
            0.61346
          ],
          [
            -2.40259,
            4.28483,
            0.73205
          ],
          [
            -3.69667,
            6.43684,
            0.77088
          ],
          [
            9.87593,
            8.5827,
            0.74947
          ],
          [
            8.67871,
            10.72694,
            0.69019
          ],
          [
            -4.96248,
            12.87451,
            0.68112
          ],
          [
            1.17355,
            2.05717,
            0.63182
          ],
          [
            0.16855,
            4.16433,
            0.74671
          ],
          [
            -1.10547,
            6.40378,
            0.82288
          ],
          [
            -2.46951,
            8.56213,
            0.78044
          ],
          [
            -3.71313,
            10.72417,
            0.73548
          ],
          [
            4.92906,
            0.03274,
            0.75903
          ],
          [
            3.59313,
            2.25926,
            0.78072
          ],
          [
            1.64883,
            4.29009,
            0.83637
          ],
          [
            1.59776,
            6.84272,
            0.91185
          ],
          [
            0.01115,
            8.58349,
            0.80921
          ],
          [
            -1.22213,
            10.73482,
            0.76616
          ],
          [
            0.00169,
            12.86309,
            0.77057
          ],
          [
            6.13822,
            2.18711,
            0.7961
          ],
          [
            4.8852,
            4.40492,
            0.85298
          ],
          [
            2.32314,
            8.05903,
            0.82982
          ],
          [
            1.32233,
            10.6316,
            0.76666
          ],
          [
            2.5137,
            12.81394,
            0.72961
          ],
          [
            8.66369,
            2.12321,
            0.75878
          ],
          [
            7.42243,
            4.2992,
            0.7742
          ],
          [
            6.07534,
            6.44177,
            0.7743
          ],
          [
            3.81178,
            8.04201,
            0.80983
          ],
          [
            3.89026,
            10.65024,
            0.72588
          ],
          [
            12.39306,
            0.023,
            0.64787
          ],
          [
            11.1375,
            2.15081,
            0.69595
          ],
          [
            9.93039,
            4.30535,
            0.74748
          ],
          [
            8.6165,
            6.45968,
            0.75818
          ],
          [
            7.27865,
            8.62646,
            0.73448
          ],
          [
            6.22841,
            10.80651,
            0.6773
          ],
          [
            1.22561,
            0.67164,
            0.62018
          ],
          [
            -0.04705,
            2.76283,
            0.62845
          ],
          [
            -1.08339,
            4.96013,
            0.77518
          ],
          [
            -2.41742,
            7.1274,
            0.79268
          ],
          [
            -3.73606,
            9.28155,
            0.75507
          ],
          [
            -4.94954,
            11.43759,
            0.69856
          ],
          [
            3.66854,
            0.77884,
            0.73718
          ],
          [
            2.2792,
            2.94138,
            0.75214
          ],
          [
            2.37008,
            5.53057,
            1.27164
          ],
          [
            0.13,
            7.15091,
            0.86104
          ],
          [
            -1.23077,
            9.29514,
            0.77989
          ],
          [
            -2.48009,
            11.46956,
            0.75162
          ],
          [
            6.17983,
            0.73388,
            0.77896
          ],
          [
            4.85606,
            2.96242,
            0.82379
          ],
          [
            3.88756,
            5.52125,
            0.9017
          ],
          [
            1.29795,
            9.20078,
            0.79082
          ],
          [
            0.04249,
            11.40973,
            0.76907
          ],
          [
            8.69256,
            0.67514,
            0.75677
          ],
          [
            7.40703,
            2.85993,
            0.78145
          ],
          [
            6.18478,
            5.01919,
            0.79558
          ],
          [
            4.57113,
            6.75725,
            0.81937
          ],
          [
            4.51927,
            9.26219,
            0.75206
          ],
          [
            2.58787,
            11.33466,
            0.74148
          ],
          [
            11.1469,
            0.71072,
            0.68728
          ],
          [
            9.90134,
            2.86491,
            0.73529
          ],
          [
            8.66472,
            5.02724,
            0.76029
          ],
          [
            7.30117,
            7.17928,
            0.75311
          ],
          [
            6.03286,
            9.41163,
            0.7238
          ],
          [
            4.99969,
            11.51578,
            0.67636
          ],
          [
            13.632,
            0.70024,
            0.6041
          ],
          [
            12.38804,
            2.858,
            0.67573
          ],
          [
            11.20111,
            5.00362,
            0.75254
          ],
          [
            9.89585,
            7.15044,
            0.76068
          ],
          [
            8.59743,
            9.30125,
            0.72607
          ],
          [
            7.45878,
            11.46148,
            0.65216
          ],
          [
            2.45299,
            5.5158,
            2.77442
          ],
          [
            1.55366,
            5.32651,
            3.10774
          ]
        ],
        "Stress": [
          [
            -37.77968,
            21.87699,
            -0.047
          ],
          [
            21.87699,
            -12.3896,
            -0.02497
          ],
          [
            -0.047,
            -0.02497,
            -1.26079
          ]
        ],
        "computation_code": "VASP",
        "pseudopotential_information": [
          [
            "PAW_PBE",
            "C",
            "08Apr2002"
          ],
          [
            "PAW_PBE",
            "O",
            "08Apr2002"
          ],
          [
            "PAW_PBE",
            "H",
            "15Jun2001"
          ]
        ]
      }
    ],
    "EnergyStyle": "electronvolt",
    "ForcesStyle": "electronvoltperangstrom",
    "LatticeStyle": "angstrom",
    "PositionsStyle": "angstrom",
    "StressStyle": "kB"
  }
}