{
  "Dataset": {
    "AtomTypeStyle": "chemicalsymbol",
    "Data": [
      {
        "AtomTypes": [
          "C",
          "C",
          "C",
          "C",
          "C",
          "C",
          "C",
          "C",
          "C",
          "C",
          "C",
          "C",
          "C",
          "C",
          "C",
          "C",
          "C",
          "C",
          "C",
          "C",
          "C",
          "C",
          "C",
          "C",
          "C",
          "C",
          "C",
          "C",
          "C",
          "C",
          "C",
          "C",
          "C",
          "C",
          "C",
          "C",
          "C",
          "C",
          "C",
          "C",
          "C",
          "C",
          "C",
          "C",
          "C",
          "C",
          "C",
          "C",
          "C",
          "C",
          "C",
          "C",
          "C",
          "C",
          "C",
          "C",
          "C",
          "C",
          "C",
          "C",
          "C",
          "C",
          "C",
          "C",
          "C",
          "C",
          "C",
          "C",
          "C",
          "C",
          "O",
          "H"
        ],
        "Energy": -618.8917655,
        "Forces": [
          [
            0.017979,
            0.022341,
            -0.002569
          ],
          [
            0.003485,
            -0.050227,
            -0.001791
          ],
          [
            0.017041,
            -0.033033,
            -0.006614
          ],
          [
            -0.013591,
            0.021656,
            0.005704
          ],
          [
            0.038445,
            0.00134,
            -0.002578
          ],
          [
            -0.022046,
            0.045885,
            -0.006978
          ],
          [
            -0.040532,
            0.021109,
            0.012767
          ],
          [
            -0.032646,
            0.040101,
            -0.004748
          ],
          [
            -0.008005,
            -0.013601,
            0.003469
          ],
          [
            0.020484,
            0.007629,
            0.002524
          ],
          [
            -0.011354,
            0.033672,
            0.033138
          ],
          [
            -0.01029,
            0.039875,
            0.007463
          ],
          [
            0.013706,
            0.010606,
            0.021655
          ],
          [
            0.012124,
            -0.023711,
            -0.017143
          ],
          [
            -0.004479,
            -0.020802,
            0.009575
          ],
          [
            -0.029511,
            -0.0021,
            0.014288
          ],
          [
            0.029042,
            -0.001752,
            0.00362
          ],
          [
            0.013946,
            -0.014528,
            0.017873
          ],
          [
            -0.036977,
            -0.029462,
            0.012629
          ],
          [
            -0.009147,
            0.00195,
            -0.005562
          ],
          [
            -0.001298,
            0.002361,
            -0.01186
          ],
          [
            0.023797,
            0.017801,
            0.023922
          ],
          [
            0.024437,
            0.024094,
            0.002708
          ],
          [
            0.033066,
            -0.015051,
            -0.010641
          ],
          [
            -0.058943,
            0.011356,
            -0.013513
          ],
          [
            0.00794,
            -0.001544,
            -0.004668
          ],
          [
            0.000522,
            -0.005874,
            -0.009821
          ],
          [
            -0.014459,
            -0.007957,
            0.008654
          ],
          [
            -0.028068,
            0.002521,
            -0.007304
          ],
          [
            0.02179,
            -0.059793,
            -0.010208
          ],
          [
            0.015236,
            -0.037627,
            -0.018533
          ],
          [
            -0.022666,
            0.010899,
            -0.011433
          ],
          [
            0.011779,
            -0.040274,
            0.007684
          ],
          [
            0.014428,
            -0.005942,
            8.5e-05
          ],
          [
            0.091759,
            0.063469,
            -0.011476
          ],
          [
            0.02613,
            -0.04368,
            0.008715
          ],
          [
            0.060469,
            0.016684,
            -0.010567
          ],
          [
            -0.016705,
            0.01378,
            0.012574
          ],
          [
            -0.010715,
            -0.031073,
            0.023801
          ],
          [
            -0.008835,
            -0.024584,
            -0.013669
          ],
          [
            0.034866,
            -0.047665,
            0.006066
          ],
          [
            -0.00218,
            0.013042,
            0.015562
          ],
          [
            -0.046892,
            0.008456,
            -0.014436
          ],
          [
            0.007765,
            0.033356,
            0.028715
          ],
          [
            0.021705,
            -0.01503,
            0.000562
          ],
          [
            -0.032377,
            0.019906,
            0.025474
          ],
          [
            -0.039792,
            -0.00837,
            0.004332
          ],
          [
            0.033512,
            -0.012122,
            0.008426
          ],
          [
            0.025541,
            0.034798,
            -0.0118
          ],
          [
            -0.000883,
            -0.002225,
            0.006006
          ],
          [
            -0.014036,
            -0.012683,
            0.021473
          ],
          [
            -0.002026,
            0.039891,
            -0.008973
          ],
          [
            0.005848,
            0.008715,
            -0.005756
          ],
          [
            0.009192,
            0.010979,
            0.00387
          ],
          [
            -0.009795,
            -0.025825,
            -0.014364
          ],
          [
            0.004056,
            -0.002772,
            -0.009064
          ],
          [
            0.008726,
            0.001452,
            -0.008982
          ],
          [
            -0.008873,
            -0.011404,
            -0.011818
          ],
          [
            -0.025244,
            0.017412,
            -0.007029
          ],
          [
            0.035745,
            0.020221,
            -0.019261
          ],
          [
            -0.000839,
            0.010139,
            0.007576
          ],
          [
            -0.033004,
            0.014039,
            0.007518
          ],
          [
            -0.01379,
            -0.043253,
            -0.007957
          ],
          [
            -0.025642,
            0.047794,
            -0.012502
          ],
          [
            -0.0029,
            0.010726,
            -0.009187
          ],
          [
            -0.032387,
            0.050748,
            -0.013498
          ],
          [
            -0.001904,
            -0.012009,
            -0.035802
          ],
          [
            -0.024047,
            -0.000884,
            -0.013411
          ],
          [
            -0.027336,
            -0.009258,
            -5.4e-05
          ],
          [
            -0.036114,
            -0.075622,
            -0.003589
          ],
          [
            0.169669,
            -0.038406,
            -0.015598
          ],
          [
            -0.093901,
            0.029336,
            0.036326
          ]
        ],
        "Lattice": [
          [
            14.88,
            0.0,
            0.0
          ],
          [
            -7.44,
            12.886457116,
            0.0
          ],
          [
            0.0,
            0.0,
            15.0
          ]
        ],
        "NumAtoms": 72,
        "Positions": [
          [
            7.43586,
            12.87758,
            0.74907
          ],
          [
            13.60713,
            2.12136,
            0.73591
          ],
          [
            -2.42246,
            4.28273,
            0.71645
          ],
          [
            -3.70998,
            6.43096,
            0.73339
          ],
          [
            9.87264,
            8.57766,
            0.75096
          ],
          [
            8.68224,
            10.72659,
            0.75154
          ],
          [
            -4.95876,
            12.87127,
            0.745
          ],
          [
            1.18534,
            2.06353,
            0.75175
          ],
          [
            0.16421,
            4.17299,
            0.75753
          ],
          [
            -1.15046,
            6.38246,
            0.79502
          ],
          [
            -2.47191,
            8.55979,
            0.79791
          ],
          [
            -3.70632,
            10.72076,
            0.75521
          ],
          [
            4.93249,
            0.02732,
            0.73731
          ],
          [
            3.59546,
            2.2521,
            0.76025
          ],
          [
            1.65578,
            4.31932,
            0.78109
          ],
          [
            1.6617,
            6.81479,
            0.83813
          ],
          [
            0.02092,
            8.59638,
            0.89059
          ],
          [
            -1.21511,
            10.72914,
            0.75428
          ],
          [
            0.00393,
            12.86288,
            0.73264
          ],
          [
            6.13641,
            2.18333,
            0.74959
          ],
          [
            4.88049,
            4.39643,
            0.76117
          ],
          [
            2.33603,
            8.04231,
            0.75702
          ],
          [
            1.32276,
            10.6354,
            0.72577
          ],
          [
            2.51038,
            12.81144,
            0.73213
          ],
          [
            8.65903,
            2.1233,
            0.74178
          ],
          [
            7.41374,
            4.29767,
            0.74673
          ],
          [
            6.06043,
            6.44308,
            0.74297
          ],
          [
            3.82928,
            8.04183,
            0.7273
          ],
          [
            3.89658,
            10.65078,
            0.7287
          ],
          [
            12.39607,
            0.02768,
            0.74536
          ],
          [
            11.13293,
            2.14987,
            0.73678
          ],
          [
            9.91478,
            4.30097,
            0.73547
          ],
          [
            8.60313,
            6.46117,
            0.73502
          ],
          [
            7.28098,
            8.62651,
            0.73952
          ],
          [
            6.23408,
            10.80981,
            0.74937
          ],
          [
            1.23182,
            0.6709,
            0.74653
          ],
          [
            -0.04205,
            2.78034,
            0.74491
          ],
          [
            -1.10203,
            4.97246,
            0.73639
          ],
          [
            -2.42555,
            7.11538,
            0.76667
          ],
          [
            -3.72588,
            9.27419,
            0.76937
          ],
          [
            -4.94414,
            11.43386,
            0.74895
          ],
          [
            3.67498,
            0.77024,
            0.74569
          ],
          [
            2.29253,
            2.92644,
            0.76592
          ],
          [
            2.38948,
            5.53297,
            0.80475
          ],
          [
            0.13148,
            7.12261,
            1.21012
          ],
          [
            -1.22166,
            9.2928,
            0.81743
          ],
          [
            -2.47332,
            11.46501,
            0.74266
          ],
          [
            6.18108,
            0.73193,
            0.73868
          ],
          [
            4.85853,
            2.95878,
            0.7603
          ],
          [
            3.86146,
            5.52015,
            0.76898
          ],
          [
            1.28904,
            9.18829,
            0.77392
          ],
          [
            0.05068,
            11.4044,
            0.73749
          ],
          [
            8.69044,
            0.67384,
            0.73471
          ],
          [
            7.40423,
            2.85865,
            0.74698
          ],
          [
            6.17099,
            5.01817,
            0.75132
          ],
          [
            4.57688,
            6.76767,
            0.748
          ],
          [
            4.51896,
            9.2746,
            0.72674
          ],
          [
            2.584,
            11.33597,
            0.72116
          ],
          [
            11.14733,
            0.71145,
            0.73996
          ],
          [
            9.89291,
            2.86576,
            0.73925
          ],
          [
            8.65247,
            5.02439,
            0.73771
          ],
          [
            7.30007,
            7.18034,
            0.73628
          ],
          [
            6.04058,
            9.42314,
            0.7398
          ],
          [
            5.00397,
            11.51978,
            0.74411
          ],
          [
            13.63622,
            0.71081,
            0.74564
          ],
          [
            12.38319,
            2.85675,
            0.72661
          ],
          [
            11.18899,
            5.0004,
            0.72759
          ],
          [
            9.88601,
            7.15014,
            0.73886
          ],
          [
            8.60131,
            9.29834,
            0.7472
          ],
          [
            7.46706,
            11.46678,
            0.75223
          ],
          [
            0.20123,
            6.97955,
            2.69578
          ],
          [
            -0.6975,
            7.1485,
            3.03264
          ]
        ],
        "Stress": [
          [
            -36.34789,
            22.8005,
            0.06073
          ],
          [
            22.8005,
            -12.10368,
            -0.00738
          ],
          [
            0.06073,
            -0.00738,
            -1.14722
          ]
        ],
        "computation_code": "VASP",
        "pseudopotential_information": [
          [
            "PAW_PBE",
            "C",
            "08Apr2002"
          ],
          [
            "PAW_PBE",
            "O",
            "08Apr2002"
          ],
          [
            "PAW_PBE",
            "H",
            "15Jun2001"
          ]
        ]
      }
    ],
    "EnergyStyle": "electronvolt",
    "ForcesStyle": "electronvoltperangstrom",
    "LatticeStyle": "angstrom",
    "PositionsStyle": "angstrom",
    "StressStyle": "kB"
  }
}