{
  "Dataset": {
    "AtomTypeStyle": "chemicalsymbol",
    "Data": [
      {
        "AtomTypes": [
          "C",
          "C",
          "C",
          "C",
          "C",
          "C",
          "C",
          "C",
          "C",
          "C",
          "C",
          "C",
          "C",
          "C",
          "C",
          "C",
          "C",
          "C",
          "C",
          "C",
          "C",
          "C",
          "C",
          "C",
          "C",
          "C",
          "C",
          "C",
          "C",
          "C",
          "C",
          "C",
          "C",
          "C",
          "C",
          "C",
          "C",
          "C",
          "C",
          "C",
          "C",
          "C",
          "C",
          "C",
          "C",
          "C",
          "C",
          "C",
          "C",
          "C",
          "C",
          "C",
          "C",
          "C",
          "C",
          "C",
          "C",
          "C",
          "C",
          "C",
          "C",
          "C",
          "C",
          "C",
          "C",
          "C",
          "C",
          "C",
          "C",
          "C",
          "O",
          "H"
        ],
        "Energy": -619.13537509,
        "Forces": [
          [
            -0.020472,
            0.004019,
            0.001496
          ],
          [
            0.008894,
            0.018577,
            0.00166
          ],
          [
            -0.002572,
            -0.002788,
            -0.006056
          ],
          [
            0.011209,
            -0.005902,
            -0.02286
          ],
          [
            -0.0071,
            0.004591,
            0.00534
          ],
          [
            0.009712,
            0.006117,
            0.01085
          ],
          [
            0.00423,
            0.001307,
            0.015048
          ],
          [
            -0.009162,
            0.003865,
            -0.019088
          ],
          [
            -0.006124,
            -0.018557,
            -0.005277
          ],
          [
            -0.000634,
            0.018266,
            0.000804
          ],
          [
            0.018729,
            -0.012918,
            -0.005321
          ],
          [
            -0.010343,
            0.013371,
            0.003159
          ],
          [
            -0.010985,
            -0.001341,
            -0.021793
          ],
          [
            -0.021487,
            0.000209,
            -0.001617
          ],
          [
            0.037554,
            0.008106,
            -0.001161
          ],
          [
            -0.02211,
            -0.020343,
            0.008297
          ],
          [
            0.001097,
            -0.021325,
            -0.024536
          ],
          [
            -0.002035,
            0.006667,
            -0.002686
          ],
          [
            -0.007095,
            -0.002682,
            0.010412
          ],
          [
            0.006332,
            0.001878,
            -0.004616
          ],
          [
            0.008434,
            0.005133,
            0.001653
          ],
          [
            -0.00865,
            0.026203,
            -0.01464
          ],
          [
            0.009889,
            0.001129,
            0.023407
          ],
          [
            0.016475,
            0.012733,
            0.01716
          ],
          [
            -0.001322,
            0.016217,
            -0.002695
          ],
          [
            -0.000718,
            -0.001144,
            0.004844
          ],
          [
            -0.006365,
            -0.005766,
            -0.006025
          ],
          [
            0.010334,
            0.003894,
            0.011509
          ],
          [
            0.00067,
            0.001506,
            0.007763
          ],
          [
            -0.010347,
            0.006331,
            0.006165
          ],
          [
            -0.003669,
            -0.017176,
            -0.006029
          ],
          [
            -0.003863,
            0.017216,
            -0.016433
          ],
          [
            0.002611,
            0.000472,
            0.017016
          ],
          [
            -0.019242,
            -0.00722,
            0.014534
          ],
          [
            0.015225,
            -0.020279,
            0.001255
          ],
          [
            0.015155,
            0.020552,
            0.00262
          ],
          [
            0.022419,
            0.001715,
            -0.023211
          ],
          [
            -0.003727,
            0.001252,
            -0.005171
          ],
          [
            0.009114,
            -0.003694,
            -0.011264
          ],
          [
            0.01002,
            0.004078,
            -0.004108
          ],
          [
            -0.014696,
            -0.005133,
            0.005561
          ],
          [
            -0.003936,
            -0.01906,
            -0.008282
          ],
          [
            -0.022971,
            0.004784,
            0.007999
          ],
          [
            -0.013656,
            -0.016763,
            0.012771
          ],
          [
            0.002205,
            -0.004396,
            0.00464
          ],
          [
            -0.015234,
            0.003551,
            -0.003436
          ],
          [
            0.014603,
            -0.00239,
            -0.016062
          ],
          [
            -0.013215,
            0.001568,
            -0.010418
          ],
          [
            0.012743,
            0.004702,
            0.005207
          ],
          [
            -0.012001,
            -0.015329,
            0.000323
          ],
          [
            0.001095,
            -0.012719,
            -0.013656
          ],
          [
            -0.007128,
            0.004322,
            0.022875
          ],
          [
            0.000221,
            -0.005808,
            0.009337
          ],
          [
            -0.016625,
            0.015027,
            -0.002725
          ],
          [
            -0.018022,
            0.004396,
            -0.010535
          ],
          [
            0.0175,
            0.001812,
            -0.012092
          ],
          [
            0.011751,
            0.002334,
            0.014638
          ],
          [
            -0.004799,
            -0.005132,
            0.014225
          ],
          [
            -0.0004,
            0.009581,
            0.002191
          ],
          [
            0.013803,
            0.007394,
            -0.007591
          ],
          [
            -0.001619,
            0.005048,
            -0.001418
          ],
          [
            -0.011495,
            0.0064,
            0.018201
          ],
          [
            -0.012886,
            0.001383,
            0.01276
          ],
          [
            -0.033044,
            0.009419,
            -0.002774
          ],
          [
            0.016921,
            -0.006276,
            0.008812
          ],
          [
            0.001769,
            0.008693,
            0.009919
          ],
          [
            0.018021,
            -0.005966,
            -0.023315
          ],
          [
            -0.004786,
            -0.000988,
            0.002128
          ],
          [
            0.005835,
            0.02405,
            0.020909
          ],
          [
            0.008101,
            -0.008731,
            -0.000545
          ],
          [
            0.006319,
            -0.015876,
            -0.013911
          ],
          [
            0.035545,
            -0.054166,
            -0.006148
          ]
        ],
        "Lattice": [
          [
            14.88,
            0.0,
            0.0
          ],
          [
            -7.44,
            12.886457116,
            0.0
          ],
          [
            0.0,
            0.0,
            15.0
          ]
        ],
        "NumAtoms": 72,
        "Positions": [
          [
            0.00223,
            0.00168,
            0.51028
          ],
          [
            13.60377,
            2.13018,
            0.61242
          ],
          [
            -2.42614,
            4.28409,
            0.81322
          ],
          [
            -3.70967,
            6.4348,
            0.83425
          ],
          [
            9.87302,
            8.58189,
            0.73762
          ],
          [
            -6.19412,
            10.73107,
            0.60527
          ],
          [
            -4.95664,
            12.87433,
            0.69518
          ],
          [
            1.19908,
            2.07395,
            0.74007
          ],
          [
            0.10348,
            4.16063,
            0.9419
          ],
          [
            -1.11433,
            6.4053,
            0.90165
          ],
          [
            -2.46567,
            8.55697,
            0.81871
          ],
          [
            -3.70686,
            10.71554,
            0.74458
          ],
          [
            4.94055,
            0.01703,
            0.81508
          ],
          [
            3.60264,
            2.23266,
            0.91461
          ],
          [
            1.65531,
            4.32341,
            1.33864
          ],
          [
            1.62423,
            6.80919,
            0.82441
          ],
          [
            0.02484,
            8.56041,
            0.81883
          ],
          [
            -1.21149,
            10.72,
            0.78958
          ],
          [
            0.00684,
            12.85475,
            0.77655
          ],
          [
            6.1345,
            2.18328,
            0.85258
          ],
          [
            4.86744,
            4.39526,
            0.86707
          ],
          [
            2.34109,
            8.06779,
            0.74728
          ],
          [
            1.33383,
            10.6282,
            0.7263
          ],
          [
            2.51191,
            12.81444,
            0.66018
          ],
          [
            8.65724,
            2.12283,
            0.76298
          ],
          [
            7.40254,
            4.30001,
            0.80851
          ],
          [
            6.04615,
            6.4505,
            0.75534
          ],
          [
            3.81833,
            8.04821,
            0.71507
          ],
          [
            3.9049,
            10.6564,
            0.60596
          ],
          [
            12.40152,
            0.03575,
            0.51991
          ],
          [
            11.12931,
            2.15045,
            0.67624
          ],
          [
            9.90906,
            4.30595,
            0.78864
          ],
          [
            8.60082,
            6.46363,
            0.76826
          ],
          [
            7.28037,
            8.62809,
            0.66037
          ],
          [
            6.23678,
            10.81996,
            0.51822
          ],
          [
            1.24056,
            0.67859,
            0.61457
          ],
          [
            -0.04628,
            2.79158,
            0.73658
          ],
          [
            -1.11396,
            4.95546,
            0.91114
          ],
          [
            -2.42039,
            7.123,
            0.85817
          ],
          [
            -3.73271,
            9.27736,
            0.765
          ],
          [
            -4.94422,
            11.43206,
            0.67268
          ],
          [
            3.6792,
            0.76093,
            0.81345
          ],
          [
            2.30607,
            2.8904,
            0.9511
          ],
          [
            2.38898,
            5.57394,
            0.89807
          ],
          [
            0.1304,
            7.13287,
            0.86757
          ],
          [
            -1.22007,
            9.27992,
            0.81167
          ],
          [
            -2.46826,
            11.45402,
            0.78578
          ],
          [
            6.18423,
            0.72329,
            0.82763
          ],
          [
            4.85917,
            2.95488,
            0.90031
          ],
          [
            3.83795,
            5.52633,
            0.82594
          ],
          [
            1.31962,
            9.18114,
            0.75617
          ],
          [
            0.05456,
            11.39895,
            0.7642
          ],
          [
            8.69293,
            0.67206,
            0.73432
          ],
          [
            7.39911,
            2.86005,
            0.81409
          ],
          [
            6.15609,
            5.01767,
            0.81563
          ],
          [
            4.57258,
            6.77918,
            0.74753
          ],
          [
            4.53044,
            9.2832,
            0.64744
          ],
          [
            2.5897,
            11.33618,
            0.65991
          ],
          [
            11.14805,
            0.71777,
            0.60827
          ],
          [
            9.88976,
            2.86397,
            0.74716
          ],
          [
            8.64542,
            5.02743,
            0.79101
          ],
          [
            7.294,
            7.18608,
            0.72824
          ],
          [
            6.03562,
            9.42754,
            0.60498
          ],
          [
            5.01048,
            11.52742,
            0.51927
          ],
          [
            13.63779,
            0.71917,
            0.51027
          ],
          [
            12.38424,
            2.86136,
            0.69539
          ],
          [
            11.17928,
            5.00446,
            0.81877
          ],
          [
            9.88565,
            7.15063,
            0.78293
          ],
          [
            8.59993,
            9.30026,
            0.65978
          ],
          [
            7.46894,
            11.4759,
            0.51852
          ],
          [
            1.70262,
            4.43074,
            2.80818
          ],
          [
            0.91924,
            3.96731,
            3.16253
          ]
        ],
        "Stress": [
          [
            -39.66445,
            22.50043,
            0.054
          ],
          [
            22.50043,
            -13.57427,
            -0.09678
          ],
          [
            0.054,
            -0.09678,
            -1.21842
          ]
        ],
        "computation_code": "VASP",
        "pseudopotential_information": [
          [
            "PAW_PBE",
            "C",
            "08Apr2002"
          ],
          [
            "PAW_PBE",
            "O",
            "08Apr2002"
          ],
          [
            "PAW_PBE",
            "H",
            "15Jun2001"
          ]
        ]
      }
    ],
    "EnergyStyle": "electronvolt",
    "ForcesStyle": "electronvoltperangstrom",
    "LatticeStyle": "angstrom",
    "PositionsStyle": "angstrom",
    "StressStyle": "kB"
  }
}