{
  "Dataset": {
    "AtomTypeStyle": "chemicalsymbol",
    "Data": [
      {
        "AtomTypes": [
          "C",
          "C",
          "C",
          "C",
          "C",
          "C",
          "C",
          "C",
          "C",
          "C",
          "C",
          "C",
          "C",
          "C",
          "C",
          "C",
          "C",
          "C",
          "C",
          "C",
          "C",
          "C",
          "C",
          "C",
          "C",
          "C",
          "C",
          "C",
          "C",
          "C",
          "C",
          "C",
          "C",
          "C",
          "C",
          "C",
          "C",
          "C",
          "C",
          "C",
          "C",
          "C",
          "C",
          "C",
          "C",
          "C",
          "C",
          "C",
          "C",
          "C",
          "C",
          "C",
          "C",
          "C",
          "C",
          "C",
          "C",
          "C",
          "C",
          "C",
          "C",
          "C",
          "C",
          "C",
          "C",
          "C",
          "C",
          "C",
          "C",
          "O",
          "H"
        ],
        "Energy": -609.80850223,
        "Forces": [
          [
            0.04011,
            0.024997,
            0.024713
          ],
          [
            -0.060532,
            -0.039193,
            0.080273
          ],
          [
            -0.030403,
            -0.085136,
            0.025387
          ],
          [
            0.074853,
            -0.086099,
            0.038969
          ],
          [
            0.007611,
            -0.032757,
            0.040559
          ],
          [
            0.028844,
            -0.016892,
            -0.053685
          ],
          [
            0.28695,
            0.197357,
            -0.000803
          ],
          [
            0.169168,
            0.064285,
            0.029715
          ],
          [
            -0.018677,
            -0.121342,
            -0.034532
          ],
          [
            0.054133,
            -0.00403,
            0.004808
          ],
          [
            -0.022959,
            -0.044343,
            0.059209
          ],
          [
            0.093787,
            0.049251,
            -0.053438
          ],
          [
            0.025826,
            0.201114,
            -0.031622
          ],
          [
            0.051209,
            0.146649,
            0.031693
          ],
          [
            -0.003326,
            -0.003694,
            0.004481
          ],
          [
            0.09606,
            0.017304,
            -0.009024
          ],
          [
            0.046374,
            0.074732,
            -0.00022
          ],
          [
            -0.022545,
            0.074317,
            0.021457
          ],
          [
            0.015508,
            0.043409,
            0.02329
          ],
          [
            -0.020183,
            -0.099732,
            0.004462
          ],
          [
            -0.03817,
            -0.143622,
            -0.000293
          ],
          [
            -0.078731,
            0.074161,
            0.021113
          ],
          [
            -0.046317,
            0.004491,
            0.001761
          ],
          [
            0.024914,
            -0.037012,
            -0.017579
          ],
          [
            -0.013863,
            -0.041816,
            -0.039653
          ],
          [
            -0.140424,
            -0.031003,
            -0.048439
          ],
          [
            -0.045288,
            -0.040422,
            -0.046799
          ],
          [
            -0.015669,
            0.066396,
            0.007231
          ],
          [
            -0.053055,
            0.05076,
            0.003728
          ],
          [
            -0.00416,
            -0.077057,
            -0.021019
          ],
          [
            -0.028518,
            -0.092046,
            -0.043838
          ],
          [
            0.044512,
            -0.059782,
            -0.022813
          ],
          [
            0.046485,
            0.008377,
            -0.000274
          ],
          [
            -0.005089,
            0.065852,
            -0.028362
          ],
          [
            -0.196968,
            -0.145198,
            0.008955
          ],
          [
            -0.032961,
            0.049908,
            0.040958
          ],
          [
            0.135651,
            0.049009,
            -0.057626
          ],
          [
            0.026278,
            0.109166,
            0.050396
          ],
          [
            -0.05021,
            -0.015929,
            0.035111
          ],
          [
            -0.119592,
            -0.108287,
            -0.049623
          ],
          [
            -0.218087,
            -0.104424,
            -0.106405
          ],
          [
            -0.252565,
            -0.088634,
            0.163631
          ],
          [
            0.06625,
            0.135617,
            0.045105
          ],
          [
            -0.027825,
            0.015763,
            -0.002121
          ],
          [
            -0.010515,
            -0.10047,
            0.009276
          ],
          [
            -0.115325,
            -0.107495,
            -0.048745
          ],
          [
            -0.060112,
            -0.105921,
            0.018543
          ],
          [
            -0.04555,
            0.042122,
            0.031703
          ],
          [
            0.139558,
            -0.003293,
            0.076636
          ],
          [
            0.010357,
            -0.015053,
            -0.028308
          ],
          [
            -0.082026,
            -0.039068,
            0.029096
          ],
          [
            0.033604,
            -0.036866,
            0.011646
          ],
          [
            0.02296,
            0.048136,
            -0.01685
          ],
          [
            -0.018827,
            0.075618,
            -0.008707
          ],
          [
            -0.086948,
            -0.068898,
            -0.037206
          ],
          [
            0.054871,
            -0.030148,
            0.001528
          ],
          [
            -0.016511,
            0.041644,
            0.028162
          ],
          [
            -0.050354,
            -0.051194,
            -0.003612
          ],
          [
            0.054068,
            0.009404,
            -0.068878
          ],
          [
            0.077285,
            0.073878,
            -0.073
          ],
          [
            -0.011083,
            -0.001221,
            -0.021924
          ],
          [
            0.06682,
            0.000804,
            -0.007126
          ],
          [
            -0.012293,
            -0.015861,
            -0.023495
          ],
          [
            -0.008266,
            -0.018466,
            0.022447
          ],
          [
            0.006278,
            0.056868,
            0.013113
          ],
          [
            0.053051,
            0.040062,
            0.013201
          ],
          [
            0.110693,
            0.090491,
            0.035237
          ],
          [
            0.030469,
            0.025549,
            0.004178
          ],
          [
            -0.0853,
            -0.000623,
            -0.033764
          ],
          [
            0.123069,
            0.155859,
            0.221123
          ],
          [
            0.031622,
            -0.070321,
            -0.243115
          ]
        ],
        "Lattice": [
          [
            14.88,
            0.0,
            0.0
          ],
          [
            -7.44,
            12.886457116,
            0.0
          ],
          [
            0.0,
            0.0,
            15.0
          ]
        ],
        "NumAtoms": 71,
        "Positions": [
          [
            0.03206,
            0.06962,
            0.6052
          ],
          [
            -1.26464,
            2.19004,
            0.53493
          ],
          [
            12.34494,
            4.31141,
            0.6774
          ],
          [
            11.14105,
            6.47132,
            0.81437
          ],
          [
            9.87798,
            8.62755,
            0.84985
          ],
          [
            -6.17396,
            10.78748,
            0.79217
          ],
          [
            2.50172,
            0.04499,
            0.70545
          ],
          [
            1.22976,
            2.19996,
            0.45102
          ],
          [
            -0.15666,
            4.28484,
            0.13837
          ],
          [
            -1.17699,
            6.42476,
            0.69649
          ],
          [
            -2.46501,
            8.58786,
            0.82974
          ],
          [
            -3.68927,
            10.7552,
            0.84119
          ],
          [
            4.98467,
            0.01888,
            0.87194
          ],
          [
            3.6849,
            2.23216,
            0.84248
          ],
          [
            1.65062,
            6.72011,
            0.89987
          ],
          [
            0.04145,
            8.51928,
            0.87758
          ],
          [
            -1.17891,
            10.71165,
            0.88488
          ],
          [
            0.04474,
            12.84437,
            0.9385
          ],
          [
            6.17839,
            2.18642,
            0.96899
          ],
          [
            4.93961,
            4.41585,
            0.96462
          ],
          [
            2.36787,
            8.01975,
            0.91975
          ],
          [
            1.3697,
            10.60038,
            0.92224
          ],
          [
            2.53952,
            12.81848,
            0.9112
          ],
          [
            8.68034,
            2.12931,
            0.97545
          ],
          [
            7.43304,
            4.3121,
            1.01279
          ],
          [
            6.10219,
            6.48092,
            0.97093
          ],
          [
            3.85807,
            8.06401,
            0.93692
          ],
          [
            3.93792,
            10.68405,
            0.90662
          ],
          [
            12.4333,
            0.07521,
            0.77157
          ],
          [
            11.13335,
            2.1664,
            0.81135
          ],
          [
            9.88566,
            4.32883,
            0.93086
          ],
          [
            8.60863,
            6.49953,
            0.94296
          ],
          [
            7.30361,
            8.67261,
            0.90163
          ],
          [
            6.26862,
            10.8664,
            0.83098
          ],
          [
            1.27247,
            0.7711,
            0.54391
          ],
          [
            -0.05072,
            2.89856,
            0.32326
          ],
          [
            -1.30266,
            5.00089,
            0.48898
          ],
          [
            -2.4496,
            7.1573,
            0.77876
          ],
          [
            -3.72445,
            9.31915,
            0.84
          ],
          [
            -4.92437,
            11.4898,
            0.78443
          ],
          [
            3.73334,
            0.77522,
            0.79786
          ],
          [
            2.41536,
            2.91504,
            0.7352
          ],
          [
            2.5329,
            5.5039,
            0.94953
          ],
          [
            0.1242,
            7.08097,
            0.83181
          ],
          [
            -1.19908,
            9.2723,
            0.85877
          ],
          [
            -2.43047,
            11.46077,
            0.86691
          ],
          [
            6.22617,
            0.72303,
            0.93069
          ],
          [
            4.92476,
            2.9634,
            0.94725
          ],
          [
            3.95325,
            5.5511,
            0.90939
          ],
          [
            1.34635,
            9.13309,
            0.91644
          ],
          [
            0.09471,
            11.38276,
            0.91433
          ],
          [
            8.72265,
            0.67225,
            0.9491
          ],
          [
            7.43407,
            2.86942,
            1.00281
          ],
          [
            6.20915,
            5.03943,
            0.99632
          ],
          [
            4.65053,
            6.81043,
            0.92515
          ],
          [
            4.55605,
            9.30798,
            0.9311
          ],
          [
            2.61764,
            11.33136,
            0.91775
          ],
          [
            11.16856,
            0.7334,
            0.83457
          ],
          [
            9.89618,
            2.88097,
            0.92548
          ],
          [
            8.64721,
            5.05452,
            0.9836
          ],
          [
            7.32809,
            7.22896,
            0.95102
          ],
          [
            6.06472,
            9.46976,
            0.89953
          ],
          [
            5.04034,
            11.56547,
            0.84041
          ],
          [
            13.66035,
            0.77538,
            0.63353
          ],
          [
            12.36316,
            2.88505,
            0.65589
          ],
          [
            11.1197,
            5.03727,
            0.82866
          ],
          [
            9.87817,
            7.19197,
            0.86951
          ],
          [
            8.61515,
            9.35309,
            0.85445
          ],
          [
            7.49709,
            11.53971,
            0.74402
          ],
          [
            2.05345,
            4.22449,
            1.17841
          ],
          [
            0.66585,
            4.87795,
            14.78089
          ]
        ],
        "Stress": [
          [
            -26.63846,
            20.91627,
            -0.01289
          ],
          [
            20.91627,
            -21.03999,
            0.106
          ],
          [
            -0.01289,
            0.106,
            -1.04349
          ]
        ],
        "computation_code": "VASP",
        "pseudopotential_information": [
          [
            "PAW_PBE",
            "C",
            "08Apr2002"
          ],
          [
            "PAW_PBE",
            "O",
            "08Apr2002"
          ],
          [
            "PAW_PBE",
            "H",
            "15Jun2001"
          ]
        ]
      }
    ],
    "EnergyStyle": "electronvolt",
    "ForcesStyle": "electronvoltperangstrom",
    "LatticeStyle": "angstrom",
    "PositionsStyle": "angstrom",
    "StressStyle": "kB"
  }
}