{
  "Dataset": {
    "AtomTypeStyle": "chemicalsymbol",
    "Data": [
      {
        "AtomTypes": [
          "C",
          "C",
          "C",
          "C",
          "C",
          "C",
          "C",
          "C",
          "C",
          "C",
          "C",
          "C",
          "C",
          "C",
          "C",
          "C",
          "C",
          "C",
          "C",
          "C",
          "C",
          "C",
          "C",
          "C",
          "C",
          "C",
          "C",
          "C",
          "C",
          "C",
          "C",
          "C",
          "C",
          "C",
          "C",
          "C",
          "C",
          "C",
          "C",
          "C",
          "C",
          "C",
          "C",
          "C",
          "C",
          "C",
          "C",
          "C",
          "C",
          "C",
          "C",
          "C",
          "C",
          "C",
          "C",
          "C",
          "C",
          "C",
          "C",
          "C",
          "C",
          "C",
          "C",
          "C",
          "C",
          "C",
          "C",
          "C",
          "C",
          "O",
          "H"
        ],
        "Energy": -545.50078374,
        "Forces": [
          [
            0.011592,
            0.000257,
            0.004665
          ],
          [
            0.011094,
            0.033677,
            0.00959
          ],
          [
            0.011677,
            0.005082,
            0.008946
          ],
          [
            0.002309,
            0.000807,
            0.003589
          ],
          [
            -0.006533,
            -0.000103,
            0.002714
          ],
          [
            -0.006196,
            -0.001741,
            0.004963
          ],
          [
            0.000778,
            0.000686,
            -0.00055
          ],
          [
            -0.015663,
            0.01676,
            -0.006023
          ],
          [
            -0.020828,
            -0.00183,
            0.000394
          ],
          [
            0.001602,
            0.002274,
            0.000373
          ],
          [
            -0.004607,
            -0.007775,
            0.002595
          ],
          [
            0.00238,
            -0.001643,
            0.003413
          ],
          [
            0.003805,
            0.009803,
            0.000499
          ],
          [
            0.001924,
            0.005513,
            -0.009153
          ],
          [
            -0.014431,
            -0.006933,
            -0.007181
          ],
          [
            0.004132,
            -0.007142,
            -0.00285
          ],
          [
            0.004623,
            0.004781,
            0.001091
          ],
          [
            -0.003893,
            -0.006879,
            -0.002321
          ],
          [
            0.008333,
            -0.012873,
            -0.003009
          ],
          [
            -0.001094,
            0.006221,
            -0.005972
          ],
          [
            -0.001912,
            -0.003419,
            -0.004617
          ],
          [
            -0.001691,
            -0.009511,
            -0.001778
          ],
          [
            0.003777,
            0.007365,
            -0.002369
          ],
          [
            0.001909,
            -0.004583,
            -0.002351
          ],
          [
            0.007337,
            0.010496,
            -0.002181
          ],
          [
            0.000588,
            -0.013101,
            -0.001906
          ],
          [
            0.011109,
            0.000338,
            -0.003536
          ],
          [
            0.005861,
            0.000236,
            -0.001379
          ],
          [
            0.001004,
            -0.033921,
            0.001604
          ],
          [
            0.009975,
            0.008885,
            0.004591
          ],
          [
            0.004545,
            0.015251,
            0.001059
          ],
          [
            0.011535,
            -0.011626,
            0.000563
          ],
          [
            -0.00688,
            0.011499,
            0.000498
          ],
          [
            -0.001002,
            -0.012307,
            0.003657
          ],
          [
            0.00684,
            0.012582,
            0.000829
          ],
          [
            0.013169,
            -0.006873,
            0.002158
          ],
          [
            -0.003233,
            -0.010785,
            0.005958
          ],
          [
            -0.013347,
            0.005122,
            -0.000871
          ],
          [
            -7e-06,
            0.009011,
            0.003775
          ],
          [
            0.003751,
            0.005598,
            0.003319
          ],
          [
            0.002664,
            -0.006734,
            -0.004189
          ],
          [
            -0.002932,
            -6.3e-05,
            -0.015297
          ],
          [
            0.019257,
            -0.005209,
            -0.009396
          ],
          [
            0.01242,
            0.008221,
            -0.009717
          ],
          [
            0.00362,
            -0.005695,
            0.000777
          ],
          [
            -0.008411,
            0.007257,
            0.003979
          ],
          [
            0.004232,
            -0.011078,
            -0.000223
          ],
          [
            0.003755,
            0.002688,
            -0.006653
          ],
          [
            -0.00341,
            -0.009204,
            -0.006327
          ],
          [
            -0.004591,
            -0.013755,
            -0.002101
          ],
          [
            -0.001022,
            0.017436,
            0.000297
          ],
          [
            0.004635,
            -0.013365,
            -0.002989
          ],
          [
            -0.005175,
            0.000298,
            -0.001412
          ],
          [
            0.008043,
            -0.001028,
            -0.002407
          ],
          [
            -0.002998,
            0.005126,
            -0.003429
          ],
          [
            -0.004231,
            -0.0036,
            -0.001225
          ],
          [
            0.00814,
            0.001506,
            -0.00168
          ],
          [
            -0.006529,
            0.002306,
            0.002059
          ],
          [
            -0.000705,
            -0.001226,
            0.001461
          ],
          [
            0.002759,
            -0.003332,
            0.000531
          ],
          [
            -0.005793,
            0.005919,
            0.000859
          ],
          [
            0.00695,
            0.002722,
            0.002082
          ],
          [
            -0.006301,
            0.017246,
            0.001062
          ],
          [
            -0.013841,
            0.001978,
            0.003309
          ],
          [
            -0.019646,
            -0.018821,
            0.001304
          ],
          [
            -0.013257,
            -0.000616,
            0.001046
          ],
          [
            -0.005123,
            0.000382,
            0.002922
          ],
          [
            0.007014,
            0.007694,
            0.004279
          ],
          [
            0.000608,
            -0.00339,
            0.004145
          ],
          [
            -0.014887,
            0.000533,
            0.015347
          ],
          [
            -0.009576,
            -0.003392,
            0.00879
          ]
        ],
        "Lattice": [
          [
            14.79,
            0.0,
            0.0
          ],
          [
            -7.395,
            12.808514835,
            0.0
          ],
          [
            0.0,
            0.0,
            14.909274194
          ]
        ],
        "NumAtoms": 71,
        "Positions": [
          [
            0.00781,
            0.06987,
            0.76602
          ],
          [
            13.50975,
            2.16235,
            0.84439
          ],
          [
            12.25497,
            4.25523,
            0.89453
          ],
          [
            11.04531,
            6.40342,
            0.81116
          ],
          [
            9.78516,
            8.55021,
            0.74865
          ],
          [
            -6.17011,
            10.70437,
            0.73628
          ],
          [
            2.45795,
            0.04496,
            0.80627
          ],
          [
            1.20798,
            2.22517,
            0.99032
          ],
          [
            -0.21437,
            4.17292,
            1.59444
          ],
          [
            -1.19674,
            6.35199,
            0.98553
          ],
          [
            -2.48341,
            8.50486,
            0.7886
          ],
          [
            -3.70274,
            10.67064,
            0.75668
          ],
          [
            4.92003,
            0.00381,
            0.75797
          ],
          [
            3.62874,
            2.23198,
            0.80952
          ],
          [
            1.5863,
            6.59471,
            0.77362
          ],
          [
            0.01013,
            8.42832,
            0.7658
          ],
          [
            -1.2066,
            10.61705,
            0.73889
          ],
          [
            0.01316,
            12.73307,
            0.69166
          ],
          [
            6.12351,
            2.13956,
            0.70263
          ],
          [
            4.88961,
            4.3346,
            0.70787
          ],
          [
            2.31263,
            7.88811,
            0.70534
          ],
          [
            1.32706,
            10.49169,
            0.68345
          ],
          [
            2.48937,
            12.70158,
            0.64927
          ],
          [
            8.60168,
            2.08181,
            0.66479
          ],
          [
            7.36068,
            4.25655,
            0.67381
          ],
          [
            6.00934,
            6.40228,
            0.67899
          ],
          [
            3.78839,
            7.94471,
            0.68116
          ],
          [
            3.87834,
            10.57199,
            0.6452
          ],
          [
            12.32747,
            0.04638,
            0.64973
          ],
          [
            11.03844,
            2.11906,
            0.7079
          ],
          [
            9.80157,
            4.27082,
            0.70348
          ],
          [
            8.52145,
            6.42993,
            0.7091
          ],
          [
            7.22214,
            8.59155,
            0.69681
          ],
          [
            6.19937,
            10.7782,
            0.66288
          ],
          [
            1.23594,
            0.78304,
            0.85588
          ],
          [
            -0.07929,
            2.85579,
            1.13023
          ],
          [
            -1.31939,
            4.9399,
            1.17136
          ],
          [
            -2.46509,
            7.08418,
            0.85873
          ],
          [
            -3.73615,
            9.23698,
            0.7594
          ],
          [
            -4.93046,
            11.40553,
            0.76275
          ],
          [
            3.67576,
            0.76503,
            0.80174
          ],
          [
            2.40369,
            2.95769,
            0.90958
          ],
          [
            2.45767,
            5.34213,
            0.759
          ],
          [
            0.09159,
            6.99441,
            0.8483
          ],
          [
            -1.22315,
            9.18177,
            0.76838
          ],
          [
            -2.45374,
            11.36995,
            0.75312
          ],
          [
            6.16123,
            0.68793,
            0.71847
          ],
          [
            4.88117,
            2.91591,
            0.73255
          ],
          [
            3.8526,
            5.41224,
            0.71604
          ],
          [
            1.30281,
            9.02937,
            0.70732
          ],
          [
            0.0579,
            11.27729,
            0.70382
          ],
          [
            8.63768,
            0.63315,
            0.66444
          ],
          [
            7.36457,
            2.82075,
            0.67318
          ],
          [
            6.14079,
            4.97324,
            0.68045
          ],
          [
            4.55206,
            6.70529,
            0.68742
          ],
          [
            4.48487,
            9.20729,
            0.6627
          ],
          [
            2.56373,
            11.22382,
            0.65317
          ],
          [
            11.0666,
            0.69392,
            0.65751
          ],
          [
            9.8081,
            2.83078,
            0.68441
          ],
          [
            8.56903,
            4.99549,
            0.68789
          ],
          [
            7.23542,
            7.1493,
            0.69179
          ],
          [
            5.99473,
            9.38079,
            0.67063
          ],
          [
            4.97706,
            11.46374,
            0.63821
          ],
          [
            13.55281,
            0.75646,
            0.7173
          ],
          [
            12.26077,
            2.84049,
            0.82129
          ],
          [
            11.03081,
            4.97905,
            0.77972
          ],
          [
            9.78696,
            7.12219,
            0.75444
          ],
          [
            8.5291,
            9.27286,
            0.72314
          ],
          [
            7.42016,
            11.45772,
            0.71425
          ],
          [
            0.63402,
            4.72284,
            2.48247
          ],
          [
            1.47422,
            4.21174,
            2.51508
          ]
        ],
        "Stress": [
          [
            -28.21975,
            18.96952,
            -0.0151
          ],
          [
            18.96952,
            -28.68194,
            0.00631
          ],
          [
            -0.0151,
            0.00631,
            -1.1274
          ]
        ],
        "computation_code": "VASP",
        "pseudopotential_information": [
          [
            "PAW_PBE",
            "C",
            "08Apr2002"
          ],
          [
            "PAW_PBE",
            "O",
            "08Apr2002"
          ],
          [
            "PAW_PBE",
            "H",
            "15Jun2001"
          ]
        ]
      }
    ],
    "EnergyStyle": "electronvolt",
    "ForcesStyle": "electronvoltperangstrom",
    "LatticeStyle": "angstrom",
    "PositionsStyle": "angstrom",
    "StressStyle": "kB"
  }
}