{
  "Dataset": {
    "AtomTypeStyle": "chemicalsymbol",
    "Data": [
      {
        "AtomTypes": [
          "C",
          "C",
          "C",
          "C",
          "C",
          "C",
          "C",
          "C",
          "C",
          "C",
          "C",
          "C",
          "C",
          "C",
          "C",
          "C",
          "C",
          "C",
          "C",
          "C",
          "C",
          "C",
          "C",
          "C",
          "C",
          "C",
          "C",
          "C",
          "C",
          "C",
          "C",
          "C",
          "C",
          "C",
          "C",
          "C",
          "C",
          "C",
          "C",
          "C",
          "C",
          "C",
          "C",
          "C",
          "C",
          "C",
          "C",
          "C",
          "C",
          "C",
          "C",
          "C",
          "C",
          "C",
          "C",
          "C",
          "C",
          "C",
          "C",
          "C",
          "C",
          "C",
          "C",
          "C",
          "C",
          "C",
          "C",
          "C",
          "C",
          "C",
          "O",
          "H"
        ],
        "Energy": -618.89967661,
        "Forces": [
          [
            0.018038,
            0.031935,
            -0.01693
          ],
          [
            0.039964,
            -0.004862,
            -0.010221
          ],
          [
            0.011649,
            0.021115,
            0.005721
          ],
          [
            -0.036932,
            -0.016561,
            -0.007477
          ],
          [
            0.009557,
            0.024248,
            -0.002205
          ],
          [
            -0.017144,
            0.025281,
            0.002483
          ],
          [
            0.013007,
            0.084126,
            0.004643
          ],
          [
            0.042813,
            0.067324,
            0.011367
          ],
          [
            0.005644,
            -0.031218,
            -0.011453
          ],
          [
            -0.01621,
            -0.00527,
            -0.003783
          ],
          [
            -0.023335,
            0.00859,
            0.014673
          ],
          [
            0.034824,
            -0.023661,
            -0.001703
          ],
          [
            0.015818,
            0.007505,
            -0.002816
          ],
          [
            0.002581,
            -0.028028,
            0.000666
          ],
          [
            0.014051,
            -0.049098,
            0.002411
          ],
          [
            -0.014928,
            0.009968,
            0.015395
          ],
          [
            0.012445,
            0.01572,
            -0.003332
          ],
          [
            0.005786,
            0.039848,
            -0.005095
          ],
          [
            -0.007949,
            -0.004759,
            0.001298
          ],
          [
            0.00574,
            0.037911,
            0.004048
          ],
          [
            -0.022763,
            0.003102,
            0.014089
          ],
          [
            0.000533,
            0.010258,
            0.008341
          ],
          [
            -0.03138,
            -0.01498,
            0.006656
          ],
          [
            -0.018794,
            -0.003468,
            -0.002347
          ],
          [
            0.008931,
            -0.042095,
            -0.014467
          ],
          [
            -0.031726,
            -0.052455,
            -0.00582
          ],
          [
            -0.026931,
            0.014914,
            -0.001343
          ],
          [
            -0.007949,
            0.027031,
            -0.011129
          ],
          [
            -0.029037,
            0.047844,
            3.9e-05
          ],
          [
            -0.020859,
            -0.054621,
            -0.020134
          ],
          [
            -0.026643,
            -0.043563,
            -0.012068
          ],
          [
            -0.006654,
            0.015524,
            0.001891
          ],
          [
            -0.007526,
            -0.007959,
            -0.019967
          ],
          [
            -0.035756,
            0.015403,
            0.014167
          ],
          [
            -0.067423,
            -0.048731,
            0.001772
          ],
          [
            0.007028,
            -0.099711,
            -0.000342
          ],
          [
            -0.014755,
            0.008959,
            0.000581
          ],
          [
            -0.018505,
            -0.019698,
            -0.00885
          ],
          [
            -0.008251,
            0.033682,
            0.008181
          ],
          [
            0.041017,
            0.0009,
            0.023233
          ],
          [
            -0.053909,
            -0.017849,
            0.005804
          ],
          [
            -0.023206,
            0.0083,
            0.00471
          ],
          [
            -0.035631,
            0.018004,
            -0.002876
          ],
          [
            -0.00468,
            0.001281,
            0.007383
          ],
          [
            0.029585,
            -0.022471,
            0.064261
          ],
          [
            -0.060821,
            -0.02086,
            0.005969
          ],
          [
            0.007672,
            -0.04559,
            0.017523
          ],
          [
            0.006589,
            0.007568,
            0.014578
          ],
          [
            0.003531,
            -0.026123,
            -0.001915
          ],
          [
            0.051489,
            -0.022458,
            0.003512
          ],
          [
            0.033443,
            -0.024121,
            0.000629
          ],
          [
            -0.00396,
            0.015692,
            0.01102
          ],
          [
            0.019003,
            0.031307,
            -0.000602
          ],
          [
            0.011873,
            0.025933,
            -0.025835
          ],
          [
            0.028081,
            0.006956,
            0.000681
          ],
          [
            0.015193,
            -0.012571,
            -0.030464
          ],
          [
            0.046371,
            -0.031527,
            -0.005279
          ],
          [
            0.007067,
            0.011162,
            0.007323
          ],
          [
            0.005907,
            0.042567,
            -0.011773
          ],
          [
            -0.012188,
            0.011299,
            -0.004579
          ],
          [
            0.02454,
            -0.002846,
            -0.003557
          ],
          [
            0.017375,
            0.037882,
            0.001156
          ],
          [
            0.026983,
            -0.019276,
            -0.006007
          ],
          [
            0.016859,
            0.01719,
            -0.004313
          ],
          [
            0.003844,
            0.006061,
            -0.019434
          ],
          [
            -0.024521,
            0.023328,
            0.003381
          ],
          [
            -0.000278,
            0.001991,
            0.017345
          ],
          [
            0.027095,
            -0.01685,
            0.00646
          ],
          [
            -0.039058,
            -0.009004,
            0.017387
          ],
          [
            0.094766,
            -0.021187,
            -0.017373
          ],
          [
            0.069241,
            0.000938,
            -0.082215
          ],
          [
            -0.086232,
            0.024822,
            0.046924
          ]
        ],
        "Lattice": [
          [
            14.88,
            0.0,
            0.0
          ],
          [
            -7.44,
            12.886457116,
            0.0
          ],
          [
            0.0,
            0.0,
            15.0
          ]
        ],
        "NumAtoms": 72,
        "Positions": [
          [
            7.43451,
            12.8778,
            0.74478
          ],
          [
            13.60592,
            2.12124,
            0.7223
          ],
          [
            -2.42256,
            4.28308,
            0.70227
          ],
          [
            -3.70953,
            6.43189,
            0.73438
          ],
          [
            9.87218,
            8.57697,
            0.75249
          ],
          [
            8.68072,
            10.72666,
            0.74945
          ],
          [
            -4.9612,
            12.87046,
            0.75374
          ],
          [
            1.18242,
            2.06393,
            0.74848
          ],
          [
            0.16267,
            4.17448,
            0.75886
          ],
          [
            -1.14839,
            6.38375,
            0.81495
          ],
          [
            -2.47237,
            8.56022,
            0.82482
          ],
          [
            -3.70846,
            10.72148,
            0.77101
          ],
          [
            4.93063,
            0.02753,
            0.75174
          ],
          [
            3.59348,
            2.25307,
            0.76201
          ],
          [
            1.65323,
            4.32129,
            0.78509
          ],
          [
            1.66163,
            6.81597,
            0.84679
          ],
          [
            0.02175,
            8.59587,
            0.92629
          ],
          [
            -1.21614,
            10.7284,
            0.78118
          ],
          [
            0.00203,
            12.86237,
            0.73438
          ],
          [
            6.13439,
            2.1828,
            0.74555
          ],
          [
            4.87849,
            4.39712,
            0.75472
          ],
          [
            2.33584,
            8.04388,
            0.76932
          ],
          [
            1.32238,
            10.63649,
            0.73426
          ],
          [
            2.51016,
            12.81117,
            0.71285
          ],
          [
            8.6566,
            2.12447,
            0.72488
          ],
          [
            7.4125,
            4.29861,
            0.73561
          ],
          [
            6.059,
            6.44222,
            0.73843
          ],
          [
            3.82798,
            8.04204,
            0.73275
          ],
          [
            3.89574,
            10.64988,
            0.71364
          ],
          [
            12.39561,
            0.02774,
            0.72498
          ],
          [
            11.13296,
            2.1502,
            0.70975
          ],
          [
            9.91379,
            4.30123,
            0.71393
          ],
          [
            8.60208,
            6.46032,
            0.73005
          ],
          [
            7.28063,
            8.62572,
            0.73165
          ],
          [
            6.23445,
            10.81145,
            0.73224
          ],
          [
            1.2302,
            0.67181,
            0.74788
          ],
          [
            -0.04297,
            2.78124,
            0.73807
          ],
          [
            -1.10221,
            4.97454,
            0.74027
          ],
          [
            -2.42485,
            7.11494,
            0.7859
          ],
          [
            -3.72747,
            9.27369,
            0.7819
          ],
          [
            -4.94483,
            11.43332,
            0.75716
          ],
          [
            3.67311,
            0.77047,
            0.75558
          ],
          [
            2.29006,
            2.9271,
            0.76618
          ],
          [
            2.38797,
            5.5349,
            0.81108
          ],
          [
            0.1363,
            7.1192,
            1.23093
          ],
          [
            -1.22153,
            9.29317,
            0.85318
          ],
          [
            -2.4757,
            11.46561,
            0.763
          ],
          [
            6.17979,
            0.73142,
            0.74309
          ],
          [
            4.85689,
            2.96033,
            0.75674
          ],
          [
            3.85858,
            5.52163,
            0.77128
          ],
          [
            1.28761,
            9.18947,
            0.79682
          ],
          [
            0.04941,
            11.40474,
            0.74993
          ],
          [
            8.68879,
            0.67365,
            0.72152
          ],
          [
            7.40218,
            2.85893,
            0.73764
          ],
          [
            6.16861,
            5.01756,
            0.74205
          ],
          [
            4.57503,
            6.76832,
            0.75169
          ],
          [
            4.51732,
            9.27558,
            0.71959
          ],
          [
            2.5832,
            11.33533,
            0.70968
          ],
          [
            11.14633,
            0.71128,
            0.71574
          ],
          [
            9.89271,
            2.86615,
            0.71371
          ],
          [
            8.65093,
            5.02448,
            0.72575
          ],
          [
            7.29785,
            7.17914,
            0.73177
          ],
          [
            6.03927,
            9.42348,
            0.72808
          ],
          [
            5.00261,
            11.52036,
            0.72308
          ],
          [
            13.63526,
            0.71103,
            0.73296
          ],
          [
            12.38273,
            2.85762,
            0.70451
          ],
          [
            11.18851,
            5.0008,
            0.71052
          ],
          [
            9.88446,
            7.15005,
            0.73671
          ],
          [
            8.60074,
            9.29819,
            0.74197
          ],
          [
            7.46466,
            11.46669,
            0.7448
          ],
          [
            0.23102,
            6.95054,
            2.71648
          ],
          [
            -0.65214,
            7.15837,
            3.07315
          ]
        ],
        "Stress": [
          [
            -36.48497,
            22.77268,
            -0.03822
          ],
          [
            22.77268,
            -12.28794,
            0.02624
          ],
          [
            -0.03822,
            0.02624,
            -1.19253
          ]
        ],
        "computation_code": "VASP",
        "pseudopotential_information": [
          [
            "PAW_PBE",
            "C",
            "08Apr2002"
          ],
          [
            "PAW_PBE",
            "O",
            "08Apr2002"
          ],
          [
            "PAW_PBE",
            "H",
            "15Jun2001"
          ]
        ]
      }
    ],
    "EnergyStyle": "electronvolt",
    "ForcesStyle": "electronvoltperangstrom",
    "LatticeStyle": "angstrom",
    "PositionsStyle": "angstrom",
    "StressStyle": "kB"
  }
}