{
  "Dataset": {
    "AtomTypeStyle": "chemicalsymbol",
    "Data": [
      {
        "AtomTypes": [
          "C",
          "C",
          "C",
          "C",
          "C",
          "C",
          "C",
          "C",
          "C",
          "C",
          "C",
          "C",
          "C",
          "C",
          "C",
          "C",
          "C",
          "C",
          "C",
          "C",
          "C",
          "C",
          "C",
          "C",
          "C",
          "C",
          "C",
          "C",
          "C",
          "C",
          "C",
          "C",
          "C",
          "C",
          "C",
          "C",
          "C",
          "C",
          "C",
          "C",
          "C",
          "C",
          "C",
          "C",
          "C",
          "C",
          "C",
          "C",
          "C",
          "C",
          "C",
          "C",
          "C",
          "C",
          "C",
          "C",
          "C",
          "C",
          "C",
          "C",
          "C",
          "C",
          "C",
          "C",
          "C",
          "C",
          "C",
          "C",
          "C",
          "O",
          "H"
        ],
        "Energy": -607.1536304,
        "Forces": [
          [
            -0.047231,
            0.089663,
            -0.016245
          ],
          [
            -0.08116,
            0.048132,
            -0.021812
          ],
          [
            -0.007144,
            -0.096963,
            0.046108
          ],
          [
            -0.068076,
            -0.043618,
            -0.006475
          ],
          [
            0.053195,
            0.003237,
            0.015691
          ],
          [
            0.028812,
            0.031135,
            0.00248
          ],
          [
            -0.059839,
            0.052908,
            0.028376
          ],
          [
            -0.106848,
            -0.050779,
            0.020004
          ],
          [
            -0.050523,
            -0.002477,
            0.114114
          ],
          [
            0.007616,
            -0.121354,
            0.076213
          ],
          [
            -0.02315,
            -0.119448,
            0.024702
          ],
          [
            -0.028074,
            -0.028728,
            -0.010177
          ],
          [
            0.052438,
            -0.033199,
            0.03512
          ],
          [
            -0.004222,
            0.024651,
            -0.011314
          ],
          [
            0.02462,
            -0.025766,
            0.017063
          ],
          [
            0.009497,
            -0.015653,
            0.019762
          ],
          [
            0.040089,
            0.084863,
            0.010647
          ],
          [
            -0.052321,
            0.012112,
            -0.068162
          ],
          [
            0.013048,
            0.022959,
            -0.040093
          ],
          [
            0.020282,
            0.052762,
            -0.008957
          ],
          [
            0.05824,
            0.047898,
            -0.01395
          ],
          [
            0.041254,
            -0.05554,
            -0.060918
          ],
          [
            0.049012,
            0.01407,
            0.027948
          ],
          [
            -0.029707,
            0.026961,
            0.039304
          ],
          [
            -0.013401,
            -0.034255,
            -0.026423
          ],
          [
            -0.004044,
            0.010034,
            -0.03661
          ],
          [
            0.008991,
            0.047478,
            -0.018382
          ],
          [
            -0.002159,
            -0.021562,
            -0.038278
          ],
          [
            0.065044,
            0.157973,
            0.030208
          ],
          [
            -0.031088,
            -0.016253,
            0.005515
          ],
          [
            0.100507,
            0.048855,
            0.022255
          ],
          [
            0.060962,
            0.040554,
            0.034447
          ],
          [
            -0.023467,
            -0.02182,
            -0.07552
          ],
          [
            -0.083508,
            -0.016012,
            0.033041
          ],
          [
            -0.019326,
            -0.05206,
            -0.007893
          ],
          [
            0.004096,
            -0.122342,
            0.032841
          ],
          [
            -0.122818,
            0.030442,
            -0.015203
          ],
          [
            0.044681,
            0.01663,
            0.038673
          ],
          [
            -0.026748,
            -0.03911,
            0.006176
          ],
          [
            -0.038609,
            -0.048345,
            0.024414
          ],
          [
            -0.004154,
            -0.006884,
            -0.028047
          ],
          [
            -0.011308,
            0.014129,
            0.03946
          ],
          [
            0.049965,
            0.049413,
            0.02026
          ],
          [
            0.003586,
            0.006466,
            0.069864
          ],
          [
            0.008517,
            0.022691,
            -0.035281
          ],
          [
            0.051427,
            -0.007101,
            0.068981
          ],
          [
            0.024442,
            -0.038999,
            -0.001907
          ],
          [
            -0.012238,
            0.009574,
            -0.015014
          ],
          [
            0.00716,
            -0.006782,
            0.015943
          ],
          [
            0.004406,
            0.053957,
            -0.0171
          ],
          [
            -0.031485,
            -0.020192,
            -0.035413
          ],
          [
            -0.015926,
            0.020952,
            -0.028247
          ],
          [
            -0.036985,
            -0.033317,
            -0.004616
          ],
          [
            -0.003873,
            -0.019668,
            -0.015667
          ],
          [
            0.074564,
            0.049215,
            -0.012754
          ],
          [
            -0.009484,
            0.004089,
            -0.035462
          ],
          [
            -0.036958,
            -0.069245,
            -0.012879
          ],
          [
            -0.088831,
            -0.037193,
            0.005989
          ],
          [
            -0.086375,
            -0.057534,
            0.004421
          ],
          [
            -0.141451,
            0.006673,
            0.003952
          ],
          [
            0.003825,
            0.01577,
            -0.019824
          ],
          [
            -0.021103,
            -0.01031,
            -0.015701
          ],
          [
            0.086085,
            -0.098515,
            0.013066
          ],
          [
            0.013834,
            -0.090088,
            -0.053546
          ],
          [
            0.011073,
            -0.002041,
            -0.052919
          ],
          [
            0.017065,
            0.011462,
            0.004256
          ],
          [
            -0.014895,
            -0.005777,
            -0.029117
          ],
          [
            0.064988,
            0.081609,
            0.031316
          ],
          [
            0.132432,
            0.014072,
            -0.033497
          ],
          [
            0.120039,
            0.264861,
            0.042412
          ],
          [
            0.082734,
            -0.019322,
            -0.101614
          ]
        ],
        "Lattice": [
          [
            14.88,
            0.0,
            0.0
          ],
          [
            -7.44,
            12.886457116,
            0.0
          ],
          [
            0.0,
            0.0,
            15.0
          ]
        ],
        "NumAtoms": 71,
        "Positions": [
          [
            0.01374,
            0.07231,
            0.75389
          ],
          [
            13.59869,
            2.17784,
            0.78117
          ],
          [
            12.33757,
            4.28885,
            0.80132
          ],
          [
            11.11677,
            6.44935,
            0.75346
          ],
          [
            9.84471,
            8.60724,
            0.73301
          ],
          [
            -6.20682,
            10.77185,
            0.73682
          ],
          [
            2.47828,
            0.04847,
            0.77207
          ],
          [
            1.22362,
            2.24723,
            0.93048
          ],
          [
            -0.23103,
            4.19325,
            1.53089
          ],
          [
            -1.20336,
            6.39961,
            0.90191
          ],
          [
            -2.49789,
            8.56697,
            0.7414
          ],
          [
            -3.72273,
            10.743,
            0.72923
          ],
          [
            4.95482,
            0.00954,
            0.75687
          ],
          [
            3.65869,
            2.24734,
            0.797
          ],
          [
            1.59415,
            6.63157,
            0.76277
          ],
          [
            0.01319,
            8.48458,
            0.75126
          ],
          [
            -1.21116,
            10.68558,
            0.7449
          ],
          [
            0.02192,
            12.81386,
            0.7509
          ],
          [
            6.17172,
            2.1545,
            0.75118
          ],
          [
            4.9266,
            4.35921,
            0.75045
          ],
          [
            2.32653,
            7.93071,
            0.74064
          ],
          [
            1.33953,
            10.55957,
            0.74495
          ],
          [
            2.51174,
            12.7824,
            0.69608
          ],
          [
            8.66486,
            2.09723,
            0.69802
          ],
          [
            7.41407,
            4.2857,
            0.72242
          ],
          [
            6.0475,
            6.43883,
            0.74227
          ],
          [
            3.81367,
            7.98919,
            0.74196
          ],
          [
            3.90619,
            10.63808,
            0.7169
          ],
          [
            12.40571,
            0.0445,
            0.66308
          ],
          [
            11.11522,
            2.13618,
            0.68844
          ],
          [
            9.86679,
            4.29983,
            0.68032
          ],
          [
            8.57541,
            6.47104,
            0.72173
          ],
          [
            7.26666,
            8.64608,
            0.74488
          ],
          [
            6.23908,
            10.84596,
            0.70703
          ],
          [
            1.25064,
            0.79347,
            0.81643
          ],
          [
            -0.07379,
            2.87926,
            1.04778
          ],
          [
            -1.32081,
            4.97784,
            1.07265
          ],
          [
            -2.48018,
            7.1361,
            0.78612
          ],
          [
            -3.75811,
            9.30169,
            0.72693
          ],
          [
            -4.95834,
            11.47979,
            0.73762
          ],
          [
            3.70331,
            0.77279,
            0.7829
          ],
          [
            2.42596,
            2.98194,
            0.8572
          ],
          [
            2.4736,
            5.36055,
            0.75741
          ],
          [
            0.0933,
            7.04175,
            0.79755
          ],
          [
            -1.22843,
            9.2431,
            0.74908
          ],
          [
            -2.46633,
            11.44506,
            0.7371
          ],
          [
            6.20646,
            0.69582,
            0.75705
          ],
          [
            4.92132,
            2.93366,
            0.76202
          ],
          [
            3.87924,
            5.44062,
            0.74687
          ],
          [
            1.31354,
            9.08455,
            0.74212
          ],
          [
            0.06389,
            11.34969,
            0.75268
          ],
          [
            8.69898,
            0.63967,
            0.71795
          ],
          [
            7.42049,
            2.84146,
            0.72251
          ],
          [
            6.18413,
            5.00399,
            0.74039
          ],
          [
            4.57915,
            6.74065,
            0.74292
          ],
          [
            4.51514,
            9.26414,
            0.73883
          ],
          [
            2.58546,
            11.29699,
            0.72074
          ],
          [
            11.14191,
            0.70136,
            0.67105
          ],
          [
            9.87775,
            2.85243,
            0.67949
          ],
          [
            8.62936,
            5.02876,
            0.70248
          ],
          [
            7.28,
            7.1931,
            0.7392
          ],
          [
            6.03295,
            9.44148,
            0.73391
          ],
          [
            5.00866,
            11.53462,
            0.68622
          ],
          [
            13.63979,
            0.76141,
            0.69949
          ],
          [
            12.34292,
            2.86267,
            0.76072
          ],
          [
            11.10309,
            5.01567,
            0.71378
          ],
          [
            9.84843,
            7.17085,
            0.73588
          ],
          [
            8.5798,
            9.33099,
            0.73454
          ],
          [
            7.46595,
            11.52927,
            0.73118
          ],
          [
            0.53856,
            4.69733,
            2.52108
          ],
          [
            1.29461,
            4.10084,
            2.68837
          ]
        ],
        "Stress": [
          [
            -28.03437,
            18.86372,
            0.17341
          ],
          [
            18.86372,
            -28.64446,
            0.2154
          ],
          [
            0.17341,
            0.2154,
            -1.18552
          ]
        ],
        "computation_code": "VASP",
        "pseudopotential_information": [
          [
            "PAW_PBE",
            "C",
            "08Apr2002"
          ],
          [
            "PAW_PBE",
            "O",
            "08Apr2002"
          ],
          [
            "PAW_PBE",
            "H",
            "15Jun2001"
          ]
        ]
      }
    ],
    "EnergyStyle": "electronvolt",
    "ForcesStyle": "electronvoltperangstrom",
    "LatticeStyle": "angstrom",
    "PositionsStyle": "angstrom",
    "StressStyle": "kB"
  }
}