{
  "Dataset": {
    "AtomTypeStyle": "chemicalsymbol",
    "Data": [
      {
        "AtomTypes": [
          "C",
          "C",
          "C",
          "C",
          "C",
          "C",
          "C",
          "C",
          "C",
          "C",
          "C",
          "C",
          "C",
          "C",
          "C",
          "C",
          "C",
          "C",
          "C",
          "C",
          "C",
          "C",
          "C",
          "C",
          "C",
          "C",
          "C",
          "C",
          "C",
          "C",
          "C",
          "C",
          "C",
          "C",
          "C",
          "C",
          "C",
          "C",
          "C",
          "C",
          "C",
          "C",
          "C",
          "C",
          "C",
          "C",
          "C",
          "C",
          "C",
          "C",
          "C",
          "C",
          "C",
          "C",
          "C",
          "C",
          "C",
          "C",
          "C",
          "C",
          "C",
          "C",
          "C",
          "C",
          "C",
          "C",
          "C",
          "C",
          "C",
          "C",
          "O",
          "H"
        ],
        "Energy": -618.69654625,
        "Forces": [
          [
            0.003485,
            0.011804,
            -0.017843
          ],
          [
            -0.004248,
            0.006402,
            -0.024247
          ],
          [
            0.020919,
            0.020597,
            -0.004619
          ],
          [
            -0.006949,
            0.000562,
            0.006021
          ],
          [
            -0.009475,
            0.018094,
            -0.014031
          ],
          [
            -0.000146,
            0.00699,
            -0.010241
          ],
          [
            -0.003994,
            0.010199,
            0.00695
          ],
          [
            0.033948,
            0.010559,
            -0.032332
          ],
          [
            -0.0073,
            -0.019914,
            0.025277
          ],
          [
            0.004411,
            -0.013945,
            -0.002737
          ],
          [
            -0.001097,
            -0.004975,
            0.026318
          ],
          [
            0.010508,
            -0.004619,
            -0.011373
          ],
          [
            -0.008345,
            -0.005844,
            0.011203
          ],
          [
            0.020208,
            -0.000576,
            -0.00943
          ],
          [
            -0.019098,
            0.000569,
            -0.014077
          ],
          [
            -0.009833,
            0.013066,
            -0.008879
          ],
          [
            0.001925,
            -0.002315,
            -0.000716
          ],
          [
            -0.000637,
            -0.007915,
            -0.004725
          ],
          [
            0.002276,
            -0.003155,
            0.000872
          ],
          [
            -0.008816,
            -0.006921,
            0.007205
          ],
          [
            -0.0046,
            -0.000247,
            0.022875
          ],
          [
            0.021776,
            -0.00871,
            0.027462
          ],
          [
            0.016568,
            -0.015852,
            -0.006121
          ],
          [
            -0.003904,
            0.004078,
            -0.013801
          ],
          [
            -0.000178,
            -0.023269,
            0.005727
          ],
          [
            0.004773,
            -4.6e-05,
            0.017825
          ],
          [
            -0.003244,
            -0.012167,
            -0.01603
          ],
          [
            -0.002825,
            -0.006099,
            -0.027039
          ],
          [
            -0.002249,
            -0.004365,
            0.013375
          ],
          [
            0.008978,
            0.002705,
            -0.00856
          ],
          [
            -0.006957,
            -0.003279,
            -0.004777
          ],
          [
            -0.007946,
            0.005527,
            -0.00999
          ],
          [
            0.006095,
            -0.018192,
            0.001503
          ],
          [
            0.001436,
            0.020494,
            0.008273
          ],
          [
            0.020445,
            0.01759,
            -0.003703
          ],
          [
            -0.001505,
            0.000513,
            -0.024082
          ],
          [
            -0.00249,
            0.025786,
            -0.031519
          ],
          [
            0.000708,
            0.006083,
            -0.007926
          ],
          [
            0.001425,
            -0.019409,
            0.000973
          ],
          [
            -0.017979,
            -0.009884,
            0.004799
          ],
          [
            -0.004778,
            -0.003715,
            -0.003539
          ],
          [
            0.00847,
            0.016266,
            0.000956
          ],
          [
            -0.005846,
            -0.015836,
            0.025474
          ],
          [
            -0.019042,
            0.000535,
            0.011166
          ],
          [
            -0.009794,
            0.001927,
            0.039749
          ],
          [
            0.001195,
            -0.003684,
            0.006652
          ],
          [
            0.010603,
            -0.01035,
            -0.006803
          ],
          [
            0.000664,
            -0.013566,
            0.015756
          ],
          [
            -0.008374,
            0.004267,
            -0.01424
          ],
          [
            0.001256,
            0.000436,
            0.006143
          ],
          [
            0.004965,
            -0.011919,
            -0.008917
          ],
          [
            -0.017513,
            -0.013226,
            -0.004253
          ],
          [
            0.014885,
            0.000816,
            -0.014469
          ],
          [
            0.003882,
            -0.000237,
            0.034711
          ],
          [
            -0.002369,
            -0.00723,
            -0.004232
          ],
          [
            -0.012104,
            0.007846,
            0.007692
          ],
          [
            0.001629,
            -0.011967,
            -0.013021
          ],
          [
            0.005914,
            0.013559,
            0.006864
          ],
          [
            -0.0022,
            0.003267,
            -0.00825
          ],
          [
            -0.015666,
            0.006143,
            -0.014143
          ],
          [
            -0.000973,
            -0.002241,
            0.002541
          ],
          [
            -0.015458,
            0.018758,
            -0.0002
          ],
          [
            -0.003069,
            -0.001696,
            0.009534
          ],
          [
            -0.001833,
            0.028879,
            -0.00234
          ],
          [
            0.00476,
            0.013327,
            -0.018904
          ],
          [
            0.002747,
            0.007909,
            0.003808
          ],
          [
            0.006024,
            -0.002649,
            0.002333
          ],
          [
            0.005506,
            0.007018,
            -0.002326
          ],
          [
            0.002489,
            0.009456,
            -0.013293
          ],
          [
            -0.012199,
            0.008447,
            -0.007921
          ],
          [
            -0.002514,
            -0.012743,
            0.026115
          ],
          [
            0.012673,
            -0.027719,
            0.059499
          ]
        ],
        "Lattice": [
          [
            14.88,
            0.0,
            0.0
          ],
          [
            -7.44,
            12.886457116,
            0.0
          ],
          [
            0.0,
            0.0,
            15.0
          ]
        ],
        "NumAtoms": 72,
        "Positions": [
          [
            7.42764,
            12.86799,
            0.74107
          ],
          [
            13.60713,
            2.11005,
            0.72617
          ],
          [
            -2.40308,
            4.2807,
            0.7529
          ],
          [
            -3.69567,
            6.43365,
            0.75277
          ],
          [
            9.8781,
            8.57881,
            0.75015
          ],
          [
            8.67965,
            10.72114,
            0.75266
          ],
          [
            -4.96155,
            12.86985,
            0.74313
          ],
          [
            1.17243,
            2.05109,
            0.71066
          ],
          [
            0.16876,
            4.16145,
            0.7458
          ],
          [
            -1.10443,
            6.40174,
            0.77892
          ],
          [
            -2.46706,
            8.55979,
            0.74893
          ],
          [
            -3.71069,
            10.72147,
            0.75058
          ],
          [
            4.93078,
            0.03031,
            0.75257
          ],
          [
            3.5938,
            2.2568,
            0.77192
          ],
          [
            1.65121,
            4.28824,
            0.79236
          ],
          [
            1.59971,
            6.84183,
            0.82774
          ],
          [
            0.01356,
            8.58105,
            0.7476
          ],
          [
            -1.2199,
            10.73305,
            0.73899
          ],
          [
            0.00252,
            12.86155,
            0.74629
          ],
          [
            6.13802,
            2.18644,
            0.76336
          ],
          [
            4.88504,
            4.40275,
            0.80147
          ],
          [
            2.32456,
            8.05803,
            0.75856
          ],
          [
            1.32283,
            10.62992,
            0.7315
          ],
          [
            2.51399,
            12.81079,
            0.74999
          ],
          [
            8.66382,
            2.12191,
            0.74925
          ],
          [
            7.42255,
            4.29746,
            0.73913
          ],
          [
            6.07686,
            6.43881,
            0.73472
          ],
          [
            3.81333,
            8.03852,
            0.76302
          ],
          [
            3.89164,
            10.64611,
            0.74517
          ],
          [
            12.39435,
            0.0169,
            0.75337
          ],
          [
            11.13859,
            2.14734,
            0.75067
          ],
          [
            9.93072,
            4.30252,
            0.74707
          ],
          [
            8.61748,
            6.45613,
            0.73683
          ],
          [
            7.28006,
            8.62138,
            0.7414
          ],
          [
            6.22996,
            10.80125,
            0.75424
          ],
          [
            1.22607,
            0.66604,
            0.7263
          ],
          [
            -0.04728,
            2.75585,
            0.71015
          ],
          [
            -1.08269,
            4.95745,
            0.76501
          ],
          [
            -2.41589,
            7.12489,
            0.76004
          ],
          [
            -3.73358,
            9.27878,
            0.74991
          ],
          [
            -4.94797,
            11.43368,
            0.75025
          ],
          [
            3.66977,
            0.77483,
            0.75439
          ],
          [
            2.28084,
            2.93847,
            0.75081
          ],
          [
            2.372,
            5.53684,
            1.19447
          ],
          [
            0.13176,
            7.14785,
            0.78902
          ],
          [
            -1.22837,
            9.2934,
            0.73975
          ],
          [
            -2.47783,
            11.46753,
            0.74734
          ],
          [
            6.18072,
            0.73285,
            0.75322
          ],
          [
            4.85642,
            2.96045,
            0.7893
          ],
          [
            3.88923,
            5.52017,
            0.84048
          ],
          [
            1.29946,
            9.19876,
            0.73163
          ],
          [
            0.04425,
            11.40811,
            0.73802
          ],
          [
            8.69278,
            0.67385,
            0.74997
          ],
          [
            7.40699,
            2.85874,
            0.74896
          ],
          [
            6.18471,
            5.0172,
            0.75146
          ],
          [
            4.57369,
            6.75529,
            0.76706
          ],
          [
            4.52065,
            9.25846,
            0.74608
          ],
          [
            2.58924,
            11.33155,
            0.74123
          ],
          [
            11.14832,
            0.70635,
            0.7527
          ],
          [
            9.90223,
            2.8624,
            0.75054
          ],
          [
            8.66503,
            5.02432,
            0.73727
          ],
          [
            7.30385,
            7.17442,
            0.73129
          ],
          [
            6.03466,
            9.40686,
            0.74627
          ],
          [
            5.00195,
            11.51092,
            0.75383
          ],
          [
            13.63348,
            0.69467,
            0.74123
          ],
          [
            12.38866,
            2.85313,
            0.74319
          ],
          [
            11.20119,
            5.00003,
            0.75236
          ],
          [
            9.89699,
            7.14683,
            0.7463
          ],
          [
            8.59849,
            9.29562,
            0.74993
          ],
          [
            7.45965,
            11.45566,
            0.75338
          ],
          [
            2.42855,
            5.5413,
            2.69809
          ],
          [
            1.49815,
            5.51855,
            2.99779
          ]
        ],
        "Stress": [
          [
            -37.19617,
            22.10426,
            -0.00156
          ],
          [
            22.10426,
            -11.55712,
            -0.04669
          ],
          [
            -0.00156,
            -0.04669,
            -1.07446
          ]
        ],
        "computation_code": "VASP",
        "pseudopotential_information": [
          [
            "PAW_PBE",
            "C",
            "08Apr2002"
          ],
          [
            "PAW_PBE",
            "O",
            "08Apr2002"
          ],
          [
            "PAW_PBE",
            "H",
            "15Jun2001"
          ]
        ]
      }
    ],
    "EnergyStyle": "electronvolt",
    "ForcesStyle": "electronvoltperangstrom",
    "LatticeStyle": "angstrom",
    "PositionsStyle": "angstrom",
    "StressStyle": "kB"
  }
}