{
  "Dataset": {
    "AtomTypeStyle": "chemicalsymbol",
    "Data": [
      {
        "AtomTypes": [
          "C",
          "C",
          "C",
          "C",
          "C",
          "C",
          "C",
          "C",
          "C",
          "C",
          "C",
          "C",
          "C",
          "C",
          "C",
          "C",
          "C",
          "C",
          "C",
          "C",
          "C",
          "C",
          "C",
          "C",
          "C",
          "C",
          "C",
          "C",
          "C",
          "C",
          "C",
          "C",
          "C",
          "C",
          "C",
          "C",
          "C",
          "C",
          "C",
          "C",
          "C",
          "C",
          "C",
          "C",
          "C",
          "C",
          "C",
          "C",
          "C",
          "C",
          "C",
          "C",
          "C",
          "C",
          "C",
          "C",
          "C",
          "C",
          "C",
          "C",
          "C",
          "C",
          "C",
          "C",
          "C",
          "C",
          "C",
          "C",
          "C",
          "C",
          "O",
          "H"
        ],
        "Energy": -619.15636976,
        "Forces": [
          [
            -0.003136,
            0.007373,
            0.010069
          ],
          [
            -0.005679,
            0.000695,
            0.002428
          ],
          [
            0.001025,
            -0.000342,
            0.00556
          ],
          [
            0.004235,
            -0.001504,
            0.004604
          ],
          [
            -0.009513,
            -0.00886,
            0.012195
          ],
          [
            0.006058,
            0.002986,
            -0.002523
          ],
          [
            -0.002007,
            0.004923,
            -0.004766
          ],
          [
            -0.003979,
            0.004679,
            0.001211
          ],
          [
            -0.006885,
            -0.007714,
            -0.008009
          ],
          [
            -0.009065,
            0.004989,
            -0.010307
          ],
          [
            0.006719,
            -0.001901,
            0.004694
          ],
          [
            0.003143,
            0.00239,
            0.004453
          ],
          [
            0.009366,
            -0.005751,
            -0.004075
          ],
          [
            0.000931,
            0.006831,
            -0.001354
          ],
          [
            0.006664,
            -0.001969,
            -0.00766
          ],
          [
            -0.007763,
            0.004893,
            0.001208
          ],
          [
            0.005176,
            -0.001913,
            -0.010853
          ],
          [
            -0.008783,
            -0.003315,
            -0.00618
          ],
          [
            0.001763,
            0.003755,
            0.003447
          ],
          [
            -0.00057,
            -0.000523,
            -0.004767
          ],
          [
            -0.003343,
            0.002799,
            -0.01137
          ],
          [
            -0.003139,
            0.004181,
            -0.006748
          ],
          [
            0.007113,
            0.006869,
            -0.002292
          ],
          [
            0.003505,
            -0.009478,
            0.006309
          ],
          [
            0.001852,
            0.01377,
            0.004278
          ],
          [
            -0.000209,
            -0.000252,
            -0.003997
          ],
          [
            0.004809,
            -0.00013,
            -0.010317
          ],
          [
            3.2e-05,
            -0.00659,
            0.00488
          ],
          [
            -0.003878,
            0.005275,
            0.008207
          ],
          [
            0.000762,
            0.011623,
            0.006151
          ],
          [
            0.008705,
            -0.006343,
            0.003896
          ],
          [
            -0.0023,
            0.001625,
            0.003798
          ],
          [
            0.000548,
            0.004257,
            -0.005813
          ],
          [
            -0.000186,
            -0.005378,
            0.006966
          ],
          [
            0.000484,
            -0.006635,
            0.00369
          ],
          [
            0.000204,
            -0.005102,
            0.003997
          ],
          [
            0.008469,
            -0.008852,
            -0.002367
          ],
          [
            -0.009048,
            0.012425,
            -0.001288
          ],
          [
            -0.000632,
            -0.001033,
            0.002386
          ],
          [
            0.006613,
            0.004351,
            0.006791
          ],
          [
            -0.003802,
            0.006068,
            -0.005586
          ],
          [
            -0.002116,
            -0.012134,
            0.002968
          ],
          [
            -0.004186,
            0.008465,
            -0.004949
          ],
          [
            0.001054,
            0.00369,
            0.000668
          ],
          [
            0.004821,
            -0.010498,
            -0.00514
          ],
          [
            -0.002538,
            0.006909,
            -0.000233
          ],
          [
            0.00889,
            -0.00556,
            -0.002507
          ],
          [
            -0.003408,
            0.003663,
            -0.001499
          ],
          [
            0.006459,
            -0.00436,
            -0.013441
          ],
          [
            0.003821,
            0.003375,
            0.002385
          ],
          [
            0.005362,
            -0.00101,
            -0.006897
          ],
          [
            0.002201,
            -0.007019,
            -0.007078
          ],
          [
            -0.00857,
            -0.015036,
            0.008126
          ],
          [
            -0.004807,
            0.001418,
            -0.000938
          ],
          [
            -0.003481,
            0.005071,
            -0.015465
          ],
          [
            -0.003182,
            8.2e-05,
            -0.010719
          ],
          [
            0.013393,
            0.007347,
            -0.007648
          ],
          [
            -0.005924,
            0.004656,
            0.007702
          ],
          [
            0.004809,
            -0.007395,
            0.001648
          ],
          [
            0.00217,
            0.002633,
            0.006923
          ],
          [
            -0.001795,
            -0.010142,
            -0.001188
          ],
          [
            0.008001,
            0.006506,
            -0.002113
          ],
          [
            -0.000907,
            -0.005785,
            0.008428
          ],
          [
            -0.013178,
            -0.009423,
            0.00682
          ],
          [
            0.003084,
            -0.004885,
            0.01012
          ],
          [
            -0.000377,
            -0.000506,
            -0.001784
          ],
          [
            -0.002492,
            -0.000571,
            0.002573
          ],
          [
            0.00015,
            0.008204,
            0.007543
          ],
          [
            -0.003827,
            -0.00076,
            0.002681
          ],
          [
            0.003595,
            -0.010147,
            0.001175
          ],
          [
            0.000998,
            0.011908,
            0.011772
          ],
          [
            -0.012278,
            -0.001872,
            -0.000876
          ]
        ],
        "Lattice": [
          [
            14.88,
            0.0,
            0.0
          ],
          [
            -7.44,
            12.886457116,
            0.0
          ],
          [
            0.0,
            0.0,
            15.0
          ]
        ],
        "NumAtoms": 72,
        "Positions": [
          [
            -0.00371,
            0.00777,
            0.46529
          ],
          [
            13.5988,
            2.13907,
            0.55581
          ],
          [
            -2.43015,
            4.29058,
            0.78036
          ],
          [
            -3.71397,
            6.44122,
            0.82385
          ],
          [
            9.86754,
            8.58928,
            0.74586
          ],
          [
            -6.2005,
            10.73776,
            0.60249
          ],
          [
            -4.96205,
            12.88039,
            0.66402
          ],
          [
            1.19438,
            2.08163,
            0.67691
          ],
          [
            0.09948,
            4.16511,
            0.90884
          ],
          [
            -1.11918,
            6.40943,
            0.89925
          ],
          [
            -2.4704,
            8.56257,
            0.82108
          ],
          [
            -3.71249,
            10.72198,
            0.74114
          ],
          [
            4.93498,
            0.02289,
            0.80948
          ],
          [
            3.59765,
            2.23657,
            0.89508
          ],
          [
            1.65439,
            4.31472,
            1.32304
          ],
          [
            1.61864,
            6.81184,
            0.84932
          ],
          [
            0.01924,
            8.56495,
            0.84049
          ],
          [
            -1.21654,
            10.72613,
            0.80534
          ],
          [
            0.00179,
            12.86152,
            0.79686
          ],
          [
            6.12937,
            2.19002,
            0.86315
          ],
          [
            4.86234,
            4.40199,
            0.88917
          ],
          [
            2.33637,
            8.07407,
            0.78269
          ],
          [
            1.32918,
            10.63428,
            0.76269
          ],
          [
            2.50706,
            12.82245,
            0.67333
          ],
          [
            8.65206,
            2.13077,
            0.76695
          ],
          [
            7.39755,
            4.3075,
            0.82626
          ],
          [
            6.041,
            6.45751,
            0.79097
          ],
          [
            3.81295,
            8.0559,
            0.75649
          ],
          [
            3.89968,
            10.66457,
            0.63394
          ],
          [
            12.39509,
            0.04312,
            0.4987
          ],
          [
            11.12355,
            2.15844,
            0.65048
          ],
          [
            9.90429,
            4.31406,
            0.77556
          ],
          [
            8.59538,
            6.47132,
            0.78606
          ],
          [
            7.27377,
            8.63587,
            0.68957
          ],
          [
            6.2302,
            10.82655,
            0.52401
          ],
          [
            1.23629,
            0.68503,
            0.56051
          ],
          [
            -0.05106,
            2.80115,
            0.67557
          ],
          [
            -1.11773,
            4.95923,
            0.88794
          ],
          [
            -2.42474,
            7.12857,
            0.85311
          ],
          [
            -3.73777,
            9.2838,
            0.76642
          ],
          [
            -4.95017,
            11.43785,
            0.66014
          ],
          [
            3.67396,
            0.76604,
            0.79092
          ],
          [
            2.30095,
            2.89321,
            0.91018
          ],
          [
            2.38305,
            5.57862,
            0.9158
          ],
          [
            0.1242,
            7.13754,
            0.88324
          ],
          [
            -1.22529,
            9.28568,
            0.825
          ],
          [
            -2.47342,
            11.46,
            0.78562
          ],
          [
            6.17843,
            0.7298,
            0.83558
          ],
          [
            4.85392,
            2.96101,
            0.90783
          ],
          [
            3.83367,
            5.53338,
            0.85204
          ],
          [
            1.31488,
            9.18623,
            0.79001
          ],
          [
            0.0496,
            11.40555,
            0.79246
          ],
          [
            8.68802,
            0.67972,
            0.7488
          ],
          [
            7.39396,
            2.86768,
            0.82606
          ],
          [
            6.15104,
            5.02484,
            0.8441
          ],
          [
            4.56745,
            6.78596,
            0.7842
          ],
          [
            4.52582,
            9.29098,
            0.68869
          ],
          [
            2.58489,
            11.34313,
            0.68932
          ],
          [
            11.1421,
            0.72553,
            0.59583
          ],
          [
            9.88471,
            2.87202,
            0.73376
          ],
          [
            8.6404,
            5.03537,
            0.79918
          ],
          [
            7.2876,
            7.19397,
            0.76055
          ],
          [
            6.0286,
            9.43544,
            0.63523
          ],
          [
            5.00378,
            11.53474,
            0.52223
          ],
          [
            13.63183,
            0.72646,
            0.46252
          ],
          [
            12.37916,
            2.869,
            0.65456
          ],
          [
            11.17549,
            5.01117,
            0.79686
          ],
          [
            9.8805,
            7.15766,
            0.78835
          ],
          [
            8.5935,
            9.30791,
            0.67527
          ],
          [
            7.46255,
            11.48195,
            0.5036
          ],
          [
            1.69775,
            4.3846,
            2.78947
          ],
          [
            1.28789,
            3.56707,
            3.13452
          ]
        ],
        "Stress": [
          [
            -39.83319,
            22.47745,
            -0.01652
          ],
          [
            22.47745,
            -13.78536,
            0.00745
          ],
          [
            -0.01652,
            0.00745,
            -1.18248
          ]
        ],
        "computation_code": "VASP",
        "pseudopotential_information": [
          [
            "PAW_PBE",
            "C",
            "08Apr2002"
          ],
          [
            "PAW_PBE",
            "O",
            "08Apr2002"
          ],
          [
            "PAW_PBE",
            "H",
            "15Jun2001"
          ]
        ]
      }
    ],
    "EnergyStyle": "electronvolt",
    "ForcesStyle": "electronvoltperangstrom",
    "LatticeStyle": "angstrom",
    "PositionsStyle": "angstrom",
    "StressStyle": "kB"
  }
}