{
  "Dataset": {
    "AtomTypeStyle": "chemicalsymbol",
    "Data": [
      {
        "AtomTypes": [
          "C",
          "C",
          "C",
          "C",
          "C",
          "C",
          "C",
          "C",
          "C",
          "C",
          "C",
          "C",
          "C",
          "C",
          "C",
          "C",
          "C",
          "C",
          "C",
          "C",
          "C",
          "C",
          "C",
          "C",
          "C",
          "C",
          "C",
          "C",
          "C",
          "C",
          "C",
          "C",
          "C",
          "C",
          "C",
          "C",
          "C",
          "C",
          "C",
          "C",
          "C",
          "C",
          "C",
          "C",
          "C",
          "C",
          "C",
          "C",
          "C",
          "C",
          "C",
          "C",
          "C",
          "C",
          "C",
          "C",
          "C",
          "C",
          "C",
          "C",
          "C",
          "C",
          "C",
          "C",
          "C",
          "C",
          "C",
          "C",
          "C",
          "C",
          "O",
          "H"
        ],
        "Energy": -618.70262834,
        "Forces": [
          [
            0.021178,
            0.009469,
            -0.012927
          ],
          [
            0.00518,
            -0.016478,
            0.000466
          ],
          [
            -0.009672,
            -0.01275,
            -0.008375
          ],
          [
            -0.002067,
            0.002364,
            -0.000653
          ],
          [
            -0.000242,
            -0.005482,
            0.01588
          ],
          [
            0.003187,
            -0.006012,
            -0.008713
          ],
          [
            0.013179,
            0.023984,
            -0.026818
          ],
          [
            0.001953,
            0.012023,
            0.001504
          ],
          [
            0.016369,
            0.009465,
            -0.001245
          ],
          [
            -0.016017,
            0.005053,
            -0.001991
          ],
          [
            0.005296,
            0.003801,
            -0.01871
          ],
          [
            0.009648,
            0.014749,
            0.011302
          ],
          [
            0.006571,
            0.003905,
            -0.009014
          ],
          [
            0.009016,
            -0.018635,
            -0.006097
          ],
          [
            -0.005108,
            -0.002763,
            0.010275
          ],
          [
            0.002672,
            0.012279,
            0.012418
          ],
          [
            0.000111,
            -0.007223,
            -0.003659
          ],
          [
            0.012707,
            0.015537,
            0.025835
          ],
          [
            0.012547,
            -0.001245,
            0.00176
          ],
          [
            -0.002704,
            0.006019,
            0.001045
          ],
          [
            0.006682,
            -0.006977,
            -0.00704
          ],
          [
            0.002549,
            0.018671,
            0.017858
          ],
          [
            -0.006749,
            -0.003823,
            0.016389
          ],
          [
            -0.008161,
            -0.010351,
            0.007878
          ],
          [
            -0.00508,
            0.014257,
            0.001854
          ],
          [
            -0.017606,
            -0.016801,
            -0.00169
          ],
          [
            -0.013369,
            0.000197,
            0.012552
          ],
          [
            -7e-06,
            0.000347,
            -0.01345
          ],
          [
            -0.001868,
            0.008387,
            -0.012971
          ],
          [
            0.005622,
            -0.012568,
            -0.021219
          ],
          [
            -0.011289,
            -0.007995,
            -0.023131
          ],
          [
            -0.014168,
            -0.005339,
            0.017616
          ],
          [
            -0.002579,
            0.003865,
            0.013093
          ],
          [
            -0.004317,
            0.000774,
            -0.021421
          ],
          [
            -0.001899,
            0.000585,
            -0.009812
          ],
          [
            -0.021814,
            -0.002496,
            0.004047
          ],
          [
            0.005804,
            0.020059,
            0.004386
          ],
          [
            -0.013966,
            0.002522,
            -0.006534
          ],
          [
            -0.001152,
            0.003617,
            0.000774
          ],
          [
            0.004197,
            0.006224,
            -0.006768
          ],
          [
            0.002991,
            -0.008014,
            -0.017551
          ],
          [
            -0.01341,
            -0.013798,
            -0.011514
          ],
          [
            -0.005269,
            -0.000954,
            -0.007103
          ],
          [
            0.001956,
            -0.014854,
            0.036849
          ],
          [
            -0.000363,
            -0.012643,
            0.006319
          ],
          [
            -0.004769,
            -0.01497,
            0.011201
          ],
          [
            0.002916,
            0.00025,
            0.013026
          ],
          [
            0.002938,
            0.008506,
            -0.010441
          ],
          [
            0.017318,
            -0.00866,
            0.008325
          ],
          [
            0.010224,
            0.008474,
            0.014475
          ],
          [
            0.003571,
            -0.014381,
            0.004135
          ],
          [
            0.008148,
            0.016828,
            0.021454
          ],
          [
            0.005502,
            0.010558,
            0.023088
          ],
          [
            -0.007504,
            0.002848,
            -0.024815
          ],
          [
            -0.002252,
            0.002375,
            -0.004195
          ],
          [
            0.007687,
            0.011697,
            0.013127
          ],
          [
            -0.006054,
            -0.004362,
            0.031488
          ],
          [
            -0.003637,
            -0.005381,
            -0.018922
          ],
          [
            0.005667,
            -0.008583,
            -0.01451
          ],
          [
            -0.003479,
            0.006896,
            0.017571
          ],
          [
            -0.005411,
            0.010117,
            0.020718
          ],
          [
            -0.00988,
            0.003271,
            0.006206
          ],
          [
            0.005547,
            -0.001939,
            -0.008021
          ],
          [
            0.018333,
            -0.011962,
            -0.010465
          ],
          [
            0.015178,
            0.016679,
            -0.013026
          ],
          [
            0.00443,
            0.024341,
            -0.031039
          ],
          [
            -0.008557,
            0.007838,
            -0.003085
          ],
          [
            -0.019322,
            -0.00436,
            0.002932
          ],
          [
            -0.007473,
            -0.020846,
            0.008052
          ],
          [
            -0.00354,
            -0.024064,
            -0.02173
          ],
          [
            -0.003561,
            0.00193,
            -0.00282
          ],
          [
            0.007438,
            -0.024053,
            0.005578
          ]
        ],
        "Lattice": [
          [
            14.88,
            0.0,
            0.0
          ],
          [
            -7.44,
            12.886457116,
            0.0
          ],
          [
            0.0,
            0.0,
            15.0
          ]
        ],
        "NumAtoms": 72,
        "Positions": [
          [
            7.42678,
            12.87119,
            0.72136
          ],
          [
            13.60666,
            2.1126,
            0.7021
          ],
          [
            -2.40215,
            4.28259,
            0.75258
          ],
          [
            -3.69628,
            6.43397,
            0.75627
          ],
          [
            9.87646,
            8.58041,
            0.74462
          ],
          [
            8.67845,
            10.7242,
            0.7469
          ],
          [
            -4.96184,
            12.87106,
            0.73837
          ],
          [
            1.17364,
            2.0528,
            0.68312
          ],
          [
            0.16846,
            4.16148,
            0.74336
          ],
          [
            -1.10378,
            6.4015,
            0.79384
          ],
          [
            -2.46805,
            8.55873,
            0.759
          ],
          [
            -3.71185,
            10.72087,
            0.74696
          ],
          [
            4.92977,
            0.02941,
            0.75791
          ],
          [
            3.59383,
            2.2581,
            0.77881
          ],
          [
            1.65014,
            4.28897,
            0.80043
          ],
          [
            1.59897,
            6.84092,
            0.84436
          ],
          [
            0.0135,
            8.58095,
            0.75582
          ],
          [
            -1.22125,
            10.73123,
            0.73212
          ],
          [
            0.0016,
            12.8596,
            0.74425
          ],
          [
            6.13759,
            2.18547,
            0.77923
          ],
          [
            4.88477,
            4.4032,
            0.81688
          ],
          [
            2.32489,
            8.05596,
            0.76414
          ],
          [
            1.3235,
            10.62886,
            0.72343
          ],
          [
            2.51381,
            12.8116,
            0.74298
          ],
          [
            8.66341,
            2.12032,
            0.75159
          ],
          [
            7.42302,
            4.29727,
            0.74821
          ],
          [
            6.07658,
            6.43866,
            0.73205
          ],
          [
            3.81335,
            8.03821,
            0.76123
          ],
          [
            3.8915,
            10.64713,
            0.746
          ],
          [
            12.39357,
            0.01974,
            0.74775
          ],
          [
            11.13821,
            2.1491,
            0.74561
          ],
          [
            9.93069,
            4.30295,
            0.74146
          ],
          [
            8.61725,
            6.45658,
            0.73024
          ],
          [
            7.27938,
            8.62388,
            0.73819
          ],
          [
            6.22936,
            10.80452,
            0.75522
          ],
          [
            1.22653,
            0.66784,
            0.70296
          ],
          [
            -0.04706,
            2.75724,
            0.68187
          ],
          [
            -1.0818,
            4.95798,
            0.77029
          ],
          [
            -2.41607,
            7.12391,
            0.77158
          ],
          [
            -3.73502,
            9.27828,
            0.75063
          ],
          [
            -4.94865,
            11.43495,
            0.74647
          ],
          [
            3.66991,
            0.77612,
            0.75862
          ],
          [
            2.28088,
            2.93961,
            0.7493
          ],
          [
            2.37074,
            5.53548,
            1.21052
          ],
          [
            0.13139,
            7.14841,
            0.80798
          ],
          [
            -1.22918,
            9.29233,
            0.74334
          ],
          [
            -2.47886,
            11.46638,
            0.74352
          ],
          [
            6.18006,
            0.73124,
            0.76244
          ],
          [
            4.85592,
            2.96108,
            0.80355
          ],
          [
            3.88786,
            5.51991,
            0.85043
          ],
          [
            1.3,
            9.19767,
            0.73097
          ],
          [
            0.04314,
            11.40578,
            0.72877
          ],
          [
            8.69214,
            0.67245,
            0.74487
          ],
          [
            7.40697,
            2.85789,
            0.7643
          ],
          [
            6.18478,
            5.01701,
            0.75977
          ],
          [
            4.57231,
            6.75464,
            0.76743
          ],
          [
            4.52063,
            9.25916,
            0.74148
          ],
          [
            2.58936,
            11.33233,
            0.73728
          ],
          [
            11.14744,
            0.70848,
            0.74725
          ],
          [
            9.90126,
            2.86265,
            0.74558
          ],
          [
            8.66509,
            5.02452,
            0.73395
          ],
          [
            7.30307,
            7.17602,
            0.72544
          ],
          [
            6.0341,
            9.40944,
            0.74593
          ],
          [
            5.00087,
            11.51385,
            0.75552
          ],
          [
            13.63249,
            0.69733,
            0.72139
          ],
          [
            12.38852,
            2.85494,
            0.73603
          ],
          [
            11.20137,
            5.00047,
            0.75213
          ],
          [
            9.89659,
            7.14801,
            0.74237
          ],
          [
            8.59754,
            9.29872,
            0.74335
          ],
          [
            7.45859,
            11.45948,
            0.74746
          ],
          [
            2.43994,
            5.53217,
            2.71541
          ],
          [
            1.51608,
            5.49107,
            3.03341
          ]
        ],
        "Stress": [
          [
            -37.35552,
            22.0476,
            -0.00275
          ],
          [
            22.0476,
            -11.73506,
            -0.03115
          ],
          [
            -0.00275,
            -0.03115,
            -1.16753
          ]
        ],
        "computation_code": "VASP",
        "pseudopotential_information": [
          [
            "PAW_PBE",
            "C",
            "08Apr2002"
          ],
          [
            "PAW_PBE",
            "O",
            "08Apr2002"
          ],
          [
            "PAW_PBE",
            "H",
            "15Jun2001"
          ]
        ]
      }
    ],
    "EnergyStyle": "electronvolt",
    "ForcesStyle": "electronvoltperangstrom",
    "LatticeStyle": "angstrom",
    "PositionsStyle": "angstrom",
    "StressStyle": "kB"
  }
}