{
  "Dataset": {
    "AtomTypeStyle": "chemicalsymbol",
    "Data": [
      {
        "AtomTypes": [
          "C",
          "C",
          "C",
          "C",
          "C",
          "C",
          "C",
          "C",
          "C",
          "C",
          "C",
          "C",
          "C",
          "C",
          "C",
          "C",
          "C",
          "C",
          "C",
          "C",
          "C",
          "C",
          "C",
          "C",
          "C",
          "C",
          "C",
          "C",
          "C",
          "C",
          "C",
          "C",
          "C",
          "C",
          "C",
          "C",
          "C",
          "C",
          "C",
          "C",
          "C",
          "C",
          "C",
          "C",
          "C",
          "C",
          "C",
          "C",
          "C",
          "C",
          "C",
          "C",
          "C",
          "C",
          "C",
          "C",
          "C",
          "C",
          "C",
          "C",
          "C",
          "C",
          "C",
          "C",
          "C",
          "C",
          "C",
          "C",
          "C",
          "C",
          "O",
          "H"
        ],
        "Energy": -618.67759916,
        "Forces": [
          [
            0.00305,
            -0.055613,
            -0.012857
          ],
          [
            0.027914,
            -0.02131,
            -0.045697
          ],
          [
            -0.011784,
            0.007174,
            -0.001365
          ],
          [
            0.021256,
            0.000955,
            -0.002427
          ],
          [
            0.008544,
            0.005397,
            0.003357
          ],
          [
            0.002933,
            0.004425,
            0.005628
          ],
          [
            -0.003287,
            -0.026714,
            -0.012868
          ],
          [
            0.00412,
            -0.110889,
            -0.05998
          ],
          [
            0.040652,
            -0.002986,
            0.015463
          ],
          [
            -0.010755,
            0.010534,
            0.078253
          ],
          [
            -0.004615,
            -0.003473,
            -0.009311
          ],
          [
            -0.00279,
            0.005904,
            0.003961
          ],
          [
            -0.01939,
            0.014731,
            0.000526
          ],
          [
            0.005344,
            -0.03947,
            0.047548
          ],
          [
            0.00442,
            0.041369,
            -0.095981
          ],
          [
            -0.03429,
            -0.005874,
            -0.076834
          ],
          [
            -0.014796,
            0.051834,
            -0.001348
          ],
          [
            -0.020419,
            0.033951,
            -0.018161
          ],
          [
            -0.017399,
            0.019244,
            -0.000192
          ],
          [
            0.000549,
            0.001349,
            0.01171
          ],
          [
            -0.002747,
            0.030796,
            0.122975
          ],
          [
            0.00417,
            0.004277,
            0.06935
          ],
          [
            -0.002741,
            0.020507,
            -0.047139
          ],
          [
            -0.007191,
            0.006419,
            0.002598
          ],
          [
            -0.01249,
            0.000103,
            0.000125
          ],
          [
            0.037407,
            -0.003056,
            -0.033504
          ],
          [
            0.044677,
            -0.000228,
            -0.020369
          ],
          [
            0.017105,
            0.016476,
            0.032296
          ],
          [
            -0.021068,
            -0.012628,
            -0.008809
          ],
          [
            0.005455,
            -0.045075,
            0.007931
          ],
          [
            0.006173,
            0.020368,
            0.003598
          ],
          [
            0.032815,
            0.015329,
            0.000599
          ],
          [
            0.025156,
            -0.00324,
            -0.023559
          ],
          [
            0.003362,
            -0.007182,
            -0.012731
          ],
          [
            0.01253,
            -0.028561,
            0.008946
          ],
          [
            -0.034403,
            0.004841,
            -0.046313
          ],
          [
            -0.109006,
            -0.064034,
            -0.06621
          ],
          [
            -0.048983,
            -0.010749,
            0.033778
          ],
          [
            -7.4e-05,
            0.001731,
            0.007551
          ],
          [
            0.002761,
            -0.010154,
            -0.000111
          ],
          [
            0.009262,
            0.010944,
            0.003671
          ],
          [
            0.008367,
            -0.008892,
            -0.000204
          ],
          [
            -0.029458,
            0.041851,
            0.024759
          ],
          [
            -0.010509,
            -0.028325,
            0.044063
          ],
          [
            0.017433,
            0.030015,
            0.096789
          ],
          [
            -0.021557,
            0.033682,
            -0.026608
          ],
          [
            -0.005106,
            0.037237,
            -0.00045
          ],
          [
            -0.011884,
            0.022891,
            -0.004984
          ],
          [
            0.018861,
            -0.009768,
            0.10213
          ],
          [
            -0.045016,
            0.001007,
            -0.018312
          ],
          [
            -0.028901,
            0.044408,
            -0.027423
          ],
          [
            -0.01672,
            0.026996,
            -0.019894
          ],
          [
            -0.001302,
            0.013577,
            0.003674
          ],
          [
            -0.00356,
            -0.005433,
            -0.011179
          ],
          [
            0.038142,
            0.017317,
            0.006273
          ],
          [
            -0.011933,
            -0.001141,
            0.088008
          ],
          [
            0.005667,
            0.025287,
            -0.028075
          ],
          [
            -0.005715,
            0.001123,
            -0.013145
          ],
          [
            0.005129,
            0.007497,
            0.004829
          ],
          [
            0.004743,
            0.000817,
            0.004202
          ],
          [
            0.036545,
            8.3e-05,
            -0.022052
          ],
          [
            0.014324,
            0.007035,
            -0.051203
          ],
          [
            -0.001653,
            -0.02571,
            -0.005746
          ],
          [
            -0.029177,
            -0.005621,
            0.008099
          ],
          [
            -0.052563,
            -0.032896,
            -0.011275
          ],
          [
            -0.021885,
            -0.01368,
            -0.011062
          ],
          [
            0.023009,
            -0.010193,
            0.002176
          ],
          [
            0.016949,
            -0.005803,
            0.000755
          ],
          [
            0.004886,
            -0.005669,
            0.002847
          ],
          [
            -0.044027,
            -0.021879,
            0.007922
          ],
          [
            0.059119,
            0.011267,
            0.122673
          ],
          [
            0.146365,
            -0.024497,
            -0.131686
          ]
        ],
        "Lattice": [
          [
            14.88,
            0.0,
            0.0
          ],
          [
            -7.44,
            12.886457116,
            0.0
          ],
          [
            0.0,
            0.0,
            15.0
          ]
        ],
        "NumAtoms": 72,
        "Positions": [
          [
            7.43208,
            12.87545,
            0.75041
          ],
          [
            13.6094,
            2.11635,
            0.74468
          ],
          [
            -2.40438,
            4.2831,
            0.7498
          ],
          [
            -3.70069,
            6.4332,
            0.74972
          ],
          [
            9.87538,
            8.57947,
            0.75017
          ],
          [
            8.68145,
            10.72442,
            0.7502
          ],
          [
            -4.95771,
            12.87166,
            0.74942
          ],
          [
            1.17666,
            2.05624,
            0.73523
          ],
          [
            0.16858,
            4.16345,
            0.75062
          ],
          [
            -1.10524,
            6.4,
            0.7558
          ],
          [
            -2.46737,
            8.55631,
            0.7493
          ],
          [
            -3.70881,
            10.71892,
            0.75016
          ],
          [
            4.93482,
            0.02492,
            0.75016
          ],
          [
            3.59713,
            2.25615,
            0.75448
          ],
          [
            1.6511,
            4.2884,
            0.79144
          ],
          [
            1.60052,
            6.83995,
            0.81696
          ],
          [
            0.01617,
            8.57538,
            0.74324
          ],
          [
            -1.21591,
            10.7257,
            0.74935
          ],
          [
            0.00664,
            12.8547,
            0.75088
          ],
          [
            6.13904,
            2.18181,
            0.74859
          ],
          [
            4.88165,
            4.40047,
            0.77545
          ],
          [
            2.32695,
            8.05531,
            0.74939
          ],
          [
            1.32838,
            10.62397,
            0.74427
          ],
          [
            2.51742,
            12.80961,
            0.75009
          ],
          [
            8.66394,
            2.11855,
            0.75031
          ],
          [
            7.41773,
            4.29541,
            0.74427
          ],
          [
            6.07197,
            6.43838,
            0.73249
          ],
          [
            3.81469,
            8.03864,
            0.75495
          ],
          [
            3.89687,
            10.64906,
            0.74948
          ],
          [
            12.39868,
            0.02312,
            0.7512
          ],
          [
            11.13847,
            2.14876,
            0.75016
          ],
          [
            9.92543,
            4.30213,
            0.75079
          ],
          [
            8.61155,
            6.45626,
            0.75053
          ],
          [
            7.27854,
            8.62482,
            0.74906
          ],
          [
            6.23366,
            10.80808,
            0.75031
          ],
          [
            1.23145,
            0.67093,
            0.74443
          ],
          [
            -0.04347,
            2.76054,
            0.73598
          ],
          [
            -1.08269,
            4.95807,
            0.75324
          ],
          [
            -2.41825,
            7.12199,
            0.74873
          ],
          [
            -3.7344,
            9.27667,
            0.75023
          ],
          [
            -4.9453,
            11.43429,
            0.75023
          ],
          [
            3.6743,
            0.77381,
            0.74958
          ],
          [
            2.28505,
            2.93974,
            0.75276
          ],
          [
            2.3659,
            5.53817,
            1.18732
          ],
          [
            0.13216,
            7.1437,
            0.76936
          ],
          [
            -1.22599,
            9.2866,
            0.74519
          ],
          [
            -2.47386,
            11.46132,
            0.75062
          ],
          [
            6.18446,
            0.72654,
            0.74956
          ],
          [
            4.85752,
            2.95824,
            0.75808
          ],
          [
            3.88565,
            5.51907,
            0.83292
          ],
          [
            1.3036,
            9.19307,
            0.73405
          ],
          [
            0.04863,
            11.4006,
            0.75053
          ],
          [
            8.69556,
            0.66995,
            0.75016
          ],
          [
            7.4064,
            2.85576,
            0.74929
          ],
          [
            6.18004,
            5.01556,
            0.74124
          ],
          [
            4.57139,
            6.75446,
            0.75595
          ],
          [
            4.52338,
            9.26007,
            0.74984
          ],
          [
            2.59377,
            11.33022,
            0.74908
          ],
          [
            11.1504,
            0.70831,
            0.75015
          ],
          [
            9.90029,
            2.86176,
            0.75019
          ],
          [
            8.65897,
            5.02384,
            0.74933
          ],
          [
            7.29833,
            7.17633,
            0.74355
          ],
          [
            6.03638,
            9.41262,
            0.74966
          ],
          [
            5.0064,
            11.51691,
            0.75033
          ],
          [
            13.63803,
            0.70182,
            0.75035
          ],
          [
            12.38913,
            2.85645,
            0.74941
          ],
          [
            11.19661,
            5.00026,
            0.75028
          ],
          [
            9.89177,
            7.14713,
            0.75101
          ],
          [
            8.5976,
            9.29854,
            0.75012
          ],
          [
            7.46353,
            11.46263,
            0.75125
          ],
          [
            2.40252,
            5.54237,
            2.69446
          ],
          [
            1.47283,
            5.5324,
            3.0082
          ]
        ],
        "Stress": [
          [
            -37.37526,
            22.19283,
            0.23363
          ],
          [
            22.19283,
            -11.41126,
            -0.02201
          ],
          [
            0.23363,
            -0.02201,
            -1.20658
          ]
        ],
        "computation_code": "VASP",
        "pseudopotential_information": [
          [
            "PAW_PBE",
            "C",
            "08Apr2002"
          ],
          [
            "PAW_PBE",
            "O",
            "08Apr2002"
          ],
          [
            "PAW_PBE",
            "H",
            "15Jun2001"
          ]
        ]
      }
    ],
    "EnergyStyle": "electronvolt",
    "ForcesStyle": "electronvoltperangstrom",
    "LatticeStyle": "angstrom",
    "PositionsStyle": "angstrom",
    "StressStyle": "kB"
  }
}