{
  "Dataset": {
    "AtomTypeStyle": "chemicalsymbol",
    "Data": [
      {
        "AtomTypes": [
          "C",
          "C",
          "C",
          "C",
          "C",
          "C",
          "C",
          "C",
          "C",
          "C",
          "C",
          "C",
          "C",
          "C",
          "C",
          "C",
          "C",
          "C",
          "C",
          "C",
          "C",
          "C",
          "C",
          "C",
          "C",
          "C",
          "C",
          "C",
          "C",
          "C",
          "C",
          "C",
          "C",
          "C",
          "C",
          "C",
          "C",
          "C",
          "C",
          "C",
          "C",
          "C",
          "C",
          "C",
          "C",
          "C",
          "C",
          "C",
          "C",
          "C",
          "C",
          "C",
          "C",
          "C",
          "C",
          "C",
          "C",
          "C",
          "C",
          "C",
          "C",
          "C",
          "C",
          "C",
          "C",
          "C",
          "C",
          "C",
          "C",
          "C",
          "O",
          "H"
        ],
        "Energy": -618.72479756,
        "Forces": [
          [
            0.00588,
            0.003768,
            -0.008256
          ],
          [
            9.8e-05,
            0.005695,
            -0.000627
          ],
          [
            0.000884,
            -0.01355,
            -0.001604
          ],
          [
            0.011372,
            0.010666,
            0.00522
          ],
          [
            0.002796,
            0.0002,
            0.005658
          ],
          [
            0.001757,
            -0.003598,
            0.000925
          ],
          [
            -0.009035,
            0.002038,
            -0.00154
          ],
          [
            -0.005617,
            0.004599,
            -0.008974
          ],
          [
            7.9e-05,
            0.002712,
            -0.004872
          ],
          [
            -0.00073,
            -7.9e-05,
            0.000718
          ],
          [
            -0.00152,
            -0.010906,
            0.003293
          ],
          [
            -0.010129,
            0.010282,
            0.003844
          ],
          [
            -0.003829,
            -0.004675,
            -0.004542
          ],
          [
            0.003863,
            0.000489,
            0.000245
          ],
          [
            -0.005662,
            -0.006404,
            0.001902
          ],
          [
            -0.005443,
            0.008078,
            -0.00194
          ],
          [
            0.002326,
            -0.005741,
            -0.005907
          ],
          [
            0.003856,
            0.003814,
            0.005961
          ],
          [
            0.012142,
            0.013056,
            0.010293
          ],
          [
            0.005964,
            0.008756,
            0.002954
          ],
          [
            0.007349,
            0.003981,
            -0.005069
          ],
          [
            0.006272,
            0.000623,
            0.009613
          ],
          [
            -0.009079,
            -0.005975,
            -0.002643
          ],
          [
            -0.018244,
            0.006912,
            -0.003878
          ],
          [
            -0.007318,
            0.001615,
            0.00038
          ],
          [
            6e-06,
            -0.000182,
            0.010343
          ],
          [
            0.00464,
            -0.000704,
            -0.004326
          ],
          [
            0.00858,
            -0.007669,
            -0.00325
          ],
          [
            -0.001994,
            -0.008134,
            -0.010073
          ],
          [
            0.006416,
            -0.007076,
            0.005146
          ],
          [
            -0.010124,
            0.003966,
            -0.003123
          ],
          [
            -0.000965,
            -0.006625,
            0.006217
          ],
          [
            0.004251,
            0.000171,
            0.003164
          ],
          [
            -0.001761,
            -0.002177,
            -0.005853
          ],
          [
            0.00447,
            0.003578,
            0.005002
          ],
          [
            0.014119,
            0.009624,
            -0.003382
          ],
          [
            0.012665,
            -0.000845,
            -0.009844
          ],
          [
            0.007192,
            0.001799,
            0.001385
          ],
          [
            -0.002174,
            0.009061,
            0.004526
          ],
          [
            -0.001337,
            -0.000238,
            0.002336
          ],
          [
            0.007703,
            -0.003862,
            -0.002895
          ],
          [
            -0.013471,
            -0.006931,
            -0.00077
          ],
          [
            0.009694,
            -0.00494,
            0.000155
          ],
          [
            -0.001618,
            0.002467,
            -0.011414
          ],
          [
            0.002347,
            0.001719,
            -0.00513
          ],
          [
            -0.003508,
            -0.006188,
            0.008768
          ],
          [
            -0.00134,
            0.003205,
            0.000959
          ],
          [
            0.00103,
            0.018838,
            0.00382
          ],
          [
            0.008529,
            0.002394,
            -0.003726
          ],
          [
            0.003431,
            0.007571,
            0.009853
          ],
          [
            0.005806,
            4.1e-05,
            -0.005977
          ],
          [
            -0.00065,
            0.006199,
            0.004226
          ],
          [
            -0.000113,
            0.000848,
            0.001794
          ],
          [
            -0.01048,
            0.002002,
            0.003966
          ],
          [
            0.002005,
            -0.005926,
            -0.000407
          ],
          [
            0.006182,
            0.007006,
            0.000955
          ],
          [
            -0.001569,
            -0.002345,
            -0.012537
          ],
          [
            0.001093,
            -0.00129,
            -0.00722
          ],
          [
            -0.00981,
            -0.003395,
            0.000845
          ],
          [
            0.007454,
            -0.011129,
            0.007077
          ],
          [
            0.000106,
            0.006254,
            0.00507
          ],
          [
            0.000508,
            -0.015151,
            0.001223
          ],
          [
            -0.014712,
            -0.013729,
            -0.010967
          ],
          [
            0.00319,
            -0.002461,
            0.002782
          ],
          [
            0.000908,
            0.003632,
            -0.009476
          ],
          [
            0.008225,
            -0.002281,
            -0.003672
          ],
          [
            -0.000236,
            -0.001116,
            -0.001481
          ],
          [
            0.002319,
            0.014665,
            0.009233
          ],
          [
            0.006727,
            -0.012932,
            -0.001515
          ],
          [
            -0.01637,
            -0.00415,
            0.011438
          ],
          [
            -0.004331,
            -0.002222,
            -0.009018
          ],
          [
            -0.031066,
            -0.007699,
            0.014615
          ]
        ],
        "Lattice": [
          [
            14.88,
            0.0,
            0.0
          ],
          [
            -7.44,
            12.886457116,
            0.0
          ],
          [
            0.0,
            0.0,
            15.0
          ]
        ],
        "NumAtoms": 72,
        "Positions": [
          [
            7.4284,
            12.8756,
            0.57259
          ],
          [
            13.60736,
            2.11916,
            0.59539
          ],
          [
            -2.40368,
            4.28661,
            0.73447
          ],
          [
            -3.6989,
            6.4374,
            0.78088
          ],
          [
            9.87492,
            8.58402,
            0.74988
          ],
          [
            8.67877,
            10.72779,
            0.66755
          ],
          [
            -4.96106,
            12.87584,
            0.66848
          ],
          [
            1.17512,
            2.05981,
            0.61459
          ],
          [
            0.16887,
            4.16643,
            0.74257
          ],
          [
            -1.10606,
            6.40437,
            0.83825
          ],
          [
            -2.46915,
            8.56245,
            0.79297
          ],
          [
            -3.71169,
            10.7247,
            0.73777
          ],
          [
            4.93034,
            0.03221,
            0.76713
          ],
          [
            3.59349,
            2.26,
            0.78469
          ],
          [
            1.64971,
            4.29115,
            0.83323
          ],
          [
            1.5982,
            6.84173,
            0.92401
          ],
          [
            0.01256,
            8.58298,
            0.82891
          ],
          [
            -1.22031,
            10.73422,
            0.77683
          ],
          [
            0.00302,
            12.86203,
            0.77381
          ],
          [
            6.13737,
            2.18751,
            0.80763
          ],
          [
            4.88399,
            4.40493,
            0.87027
          ],
          [
            2.3238,
            8.05794,
            0.84026
          ],
          [
            1.32458,
            10.63082,
            0.7737
          ],
          [
            2.51522,
            12.81473,
            0.72179
          ],
          [
            8.6635,
            2.12395,
            0.75746
          ],
          [
            7.42082,
            4.30001,
            0.78379
          ],
          [
            6.07375,
            6.44236,
            0.78854
          ],
          [
            3.81233,
            8.04281,
            0.82157
          ],
          [
            3.89266,
            10.65201,
            0.72392
          ],
          [
            12.39445,
            0.02397,
            0.61881
          ],
          [
            11.13801,
            2.15312,
            0.68431
          ],
          [
            9.92848,
            4.30689,
            0.75084
          ],
          [
            8.61399,
            6.46028,
            0.764
          ],
          [
            7.27803,
            8.62827,
            0.73552
          ],
          [
            6.22977,
            10.80819,
            0.65075
          ],
          [
            1.22787,
            0.67343,
            0.59599
          ],
          [
            -0.04583,
            2.76538,
            0.61477
          ],
          [
            -1.0839,
            4.96163,
            0.78073
          ],
          [
            -2.41824,
            7.12738,
            0.80679
          ],
          [
            -3.73594,
            9.2821,
            0.75931
          ],
          [
            -4.94818,
            11.43896,
            0.6864
          ],
          [
            3.67011,
            0.7791,
            0.73938
          ],
          [
            2.28029,
            2.9431,
            0.74465
          ],
          [
            2.36969,
            5.52871,
            1.27732
          ],
          [
            0.12994,
            7.15002,
            0.87964
          ],
          [
            -1.22946,
            9.29501,
            0.79618
          ],
          [
            -2.4781,
            11.46929,
            0.75976
          ],
          [
            6.18071,
            0.73331,
            0.78714
          ],
          [
            4.85539,
            2.96261,
            0.83841
          ],
          [
            3.88665,
            5.52183,
            0.91345
          ],
          [
            1.29961,
            9.19948,
            0.80349
          ],
          [
            0.04447,
            11.40841,
            0.77509
          ],
          [
            8.69344,
            0.67587,
            0.75389
          ],
          [
            7.40634,
            2.86062,
            0.78814
          ],
          [
            6.18303,
            5.02014,
            0.81296
          ],
          [
            4.57014,
            6.75771,
            0.83163
          ],
          [
            4.52027,
            9.26353,
            0.76135
          ],
          [
            2.59021,
            11.3354,
            0.7421
          ],
          [
            11.14838,
            0.71204,
            0.66917
          ],
          [
            9.90072,
            2.86665,
            0.73267
          ],
          [
            8.66245,
            5.02809,
            0.76522
          ],
          [
            7.29985,
            7.18038,
            0.76204
          ],
          [
            6.03414,
            9.41446,
            0.72067
          ],
          [
            5.00156,
            11.51778,
            0.65233
          ],
          [
            13.63349,
            0.70291,
            0.57286
          ],
          [
            12.38828,
            2.8601,
            0.66576
          ],
          [
            11.19917,
            5.00427,
            0.7595
          ],
          [
            9.89349,
            7.15127,
            0.76646
          ],
          [
            8.59645,
            9.30258,
            0.71741
          ],
          [
            7.45954,
            11.46291,
            0.61694
          ],
          [
            2.44205,
            5.50334,
            2.77872
          ],
          [
            1.54415,
            5.28282,
            3.0945
          ]
        ],
        "Stress": [
          [
            -38.01711,
            21.83557,
            -0.05378
          ],
          [
            21.83557,
            -12.66782,
            -0.01307
          ],
          [
            -0.05378,
            -0.01307,
            -1.17567
          ]
        ],
        "computation_code": "VASP",
        "pseudopotential_information": [
          [
            "PAW_PBE",
            "C",
            "08Apr2002"
          ],
          [
            "PAW_PBE",
            "O",
            "08Apr2002"
          ],
          [
            "PAW_PBE",
            "H",
            "15Jun2001"
          ]
        ]
      }
    ],
    "EnergyStyle": "electronvolt",
    "ForcesStyle": "electronvoltperangstrom",
    "LatticeStyle": "angstrom",
    "PositionsStyle": "angstrom",
    "StressStyle": "kB"
  }
}