{
  "Dataset": {
    "AtomTypeStyle": "chemicalsymbol",
    "Data": [
      {
        "AtomTypes": [
          "C",
          "C",
          "C",
          "C",
          "C",
          "C",
          "C",
          "C",
          "C",
          "C",
          "C",
          "C",
          "C",
          "C",
          "C",
          "C",
          "C",
          "C",
          "C",
          "C",
          "C",
          "C",
          "C",
          "C",
          "C",
          "C",
          "C",
          "C",
          "C",
          "C",
          "C",
          "C",
          "C",
          "C",
          "C",
          "C",
          "C",
          "C",
          "C",
          "C",
          "C",
          "C",
          "C",
          "C",
          "C",
          "C",
          "C",
          "C",
          "C",
          "C",
          "C",
          "C",
          "C",
          "C",
          "C",
          "C",
          "C",
          "C",
          "C",
          "C",
          "C",
          "C",
          "C",
          "C",
          "C",
          "C",
          "C",
          "C",
          "C",
          "C",
          "O",
          "H"
        ],
        "Energy": -618.64426912,
        "Forces": [
          [
            0.001472,
            0.004164,
            0.0079
          ],
          [
            -0.00721,
            -0.002409,
            0.0109
          ],
          [
            -0.022068,
            -0.000636,
            -0.039367
          ],
          [
            0.002011,
            -0.004071,
            0.00058
          ],
          [
            0.021269,
            -0.018013,
            -0.016678
          ],
          [
            0.004776,
            0.011728,
            -0.02178
          ],
          [
            0.000979,
            0.009955,
            0.026524
          ],
          [
            -0.005492,
            0.010856,
            0.009656
          ],
          [
            -0.01401,
            0.002285,
            0.00135
          ],
          [
            -0.006712,
            -0.002775,
            0.00262
          ],
          [
            -0.004983,
            -0.037543,
            -0.018043
          ],
          [
            0.010264,
            -0.019866,
            0.006256
          ],
          [
            0.012205,
            0.004112,
            -0.003506
          ],
          [
            -0.010875,
            -0.001591,
            -0.005992
          ],
          [
            -0.004656,
            -0.001555,
            -0.023421
          ],
          [
            0.000418,
            -0.014172,
            -0.004966
          ],
          [
            -0.006716,
            -0.010632,
            -0.00065
          ],
          [
            -0.022571,
            -0.000257,
            0.01027
          ],
          [
            0.004204,
            0.010156,
            0.023797
          ],
          [
            -0.03292,
            0.033047,
            0.045035
          ],
          [
            -0.001371,
            -0.016715,
            -0.023152
          ],
          [
            -0.013394,
            0.000108,
            0.043006
          ],
          [
            0.008593,
            -0.011879,
            -5.2e-05
          ],
          [
            -0.015078,
            0.018377,
            -0.01038
          ],
          [
            -0.014416,
            0.008907,
            0.019557
          ],
          [
            -0.011976,
            -0.009835,
            0.004564
          ],
          [
            -0.00245,
            -0.029957,
            0.009642
          ],
          [
            0.008809,
            -0.021471,
            0.027849
          ],
          [
            -0.019021,
            0.010946,
            -0.000219
          ],
          [
            -0.003291,
            -0.035336,
            -0.029054
          ],
          [
            0.002312,
            -0.006703,
            -0.006681
          ],
          [
            -0.001117,
            -0.004077,
            0.024989
          ],
          [
            0.005591,
            0.001851,
            0.038882
          ],
          [
            0.0176,
            0.0166,
            0.007461
          ],
          [
            0.030476,
            0.001949,
            -0.056821
          ],
          [
            0.022806,
            -0.0044,
            -0.031665
          ],
          [
            0.03184,
            -0.005996,
            -0.007179
          ],
          [
            -0.011463,
            -0.008683,
            -0.020531
          ],
          [
            -0.003962,
            -0.003029,
            0.010248
          ],
          [
            0.014691,
            -0.018919,
            0.003519
          ],
          [
            0.013203,
            -0.007169,
            -0.033685
          ],
          [
            0.009419,
            0.005452,
            0.044692
          ],
          [
            -0.015403,
            0.010197,
            0.026215
          ],
          [
            0.015091,
            0.003273,
            -0.023156
          ],
          [
            0.005576,
            0.020231,
            0.002627
          ],
          [
            0.000499,
            0.018235,
            -0.004321
          ],
          [
            0.007024,
            0.01008,
            -0.042763
          ],
          [
            0.00532,
            0.004735,
            -0.015573
          ],
          [
            -0.003908,
            -0.00554,
            -0.018503
          ],
          [
            0.010706,
            -0.011539,
            0.017147
          ],
          [
            -0.003376,
            0.022652,
            0.03631
          ],
          [
            0.003089,
            -0.011998,
            0.010101
          ],
          [
            0.001173,
            0.006089,
            -0.010503
          ],
          [
            -0.022701,
            0.010479,
            0.001551
          ],
          [
            -0.007582,
            -0.009832,
            0.040263
          ],
          [
            -0.004718,
            -0.006922,
            -0.004184
          ],
          [
            -0.00558,
            -0.000781,
            0.029464
          ],
          [
            -0.000287,
            0.000898,
            -0.014117
          ],
          [
            -0.018794,
            0.00122,
            -0.013758
          ],
          [
            -0.008845,
            0.00303,
            -0.010049
          ],
          [
            0.002909,
            0.007246,
            -0.007011
          ],
          [
            -0.017479,
            -0.008939,
            -0.019746
          ],
          [
            0.004058,
            0.020003,
            -0.013709
          ],
          [
            -0.021933,
            0.005538,
            -0.003774
          ],
          [
            -0.007749,
            -0.022035,
            0.002079
          ],
          [
            0.008616,
            -0.011148,
            0.023626
          ],
          [
            -0.00236,
            0.0026,
            -0.005252
          ],
          [
            0.007172,
            -0.00314,
            0.00639
          ],
          [
            0.044983,
            0.001694,
            0.034749
          ],
          [
            -0.00776,
            0.001408,
            -0.038101
          ],
          [
            0.006762,
            0.047995,
            0.033845
          ],
          [
            0.038314,
            0.041466,
            -0.045323
          ]
        ],
        "Lattice": [
          [
            14.88,
            0.0,
            0.0
          ],
          [
            -7.44,
            12.886457116,
            0.0
          ],
          [
            0.0,
            0.0,
            15.0
          ]
        ],
        "NumAtoms": 72,
        "Positions": [
          [
            7.43069,
            12.87523,
            0.70493
          ],
          [
            13.60411,
            2.11652,
            0.70716
          ],
          [
            -2.41129,
            4.28159,
            0.74826
          ],
          [
            -3.70424,
            6.43406,
            0.74339
          ],
          [
            9.87293,
            8.58168,
            0.73015
          ],
          [
            8.68058,
            10.72491,
            0.72385
          ],
          [
            -4.96241,
            12.86991,
            0.70053
          ],
          [
            1.17803,
            2.05798,
            0.6882
          ],
          [
            0.15322,
            4.16448,
            0.75583
          ],
          [
            -1.10717,
            6.40214,
            0.76736
          ],
          [
            -2.4673,
            8.55898,
            0.75404
          ],
          [
            -3.71096,
            10.7201,
            0.74111
          ],
          [
            4.93456,
            0.01983,
            0.78958
          ],
          [
            3.57311,
            2.23728,
            0.82587
          ],
          [
            1.66341,
            4.31481,
            0.79448
          ],
          [
            1.62147,
            6.81587,
            0.77197
          ],
          [
            0.02137,
            8.56412,
            0.75108
          ],
          [
            -1.21213,
            10.72171,
            0.75693
          ],
          [
            0.01539,
            12.84635,
            0.76592
          ],
          [
            6.17492,
            2.15292,
            0.87495
          ],
          [
            4.85932,
            4.43161,
            0.86456
          ],
          [
            2.33497,
            8.05358,
            0.74161
          ],
          [
            1.33315,
            10.61957,
            0.73983
          ],
          [
            2.51966,
            12.80379,
            0.75261
          ],
          [
            8.66738,
            2.11366,
            0.75775
          ],
          [
            7.40661,
            4.29972,
            0.77999
          ],
          [
            6.0534,
            6.45385,
            0.72251
          ],
          [
            3.82631,
            8.03868,
            0.72704
          ],
          [
            3.90179,
            10.64571,
            0.74162
          ],
          [
            12.39894,
            0.0222,
            0.7416
          ],
          [
            11.13618,
            2.14599,
            0.73918
          ],
          [
            9.91805,
            4.30137,
            0.73965
          ],
          [
            8.60372,
            6.46136,
            0.72023
          ],
          [
            7.27912,
            8.62422,
            0.72089
          ],
          [
            6.23414,
            10.80943,
            0.74801
          ],
          [
            1.22891,
            0.66966,
            0.68675
          ],
          [
            -0.04584,
            2.76938,
            0.7028
          ],
          [
            -1.08986,
            4.95459,
            0.76301
          ],
          [
            -2.42126,
            7.1238,
            0.75519
          ],
          [
            -3.7354,
            9.27996,
            0.74219
          ],
          [
            -4.94814,
            11.43216,
            0.71935
          ],
          [
            3.66825,
            0.76961,
            0.75369
          ],
          [
            2.29582,
            2.92369,
            0.75872
          ],
          [
            2.37064,
            5.53384,
            0.80635
          ],
          [
            0.12857,
            7.13723,
            0.76655
          ],
          [
            -1.22476,
            9.28566,
            0.75409
          ],
          [
            -2.47295,
            11.46555,
            0.76411
          ],
          [
            6.19541,
            0.72108,
            0.81273
          ],
          [
            4.84602,
            2.94493,
            1.23125
          ],
          [
            3.86296,
            5.51607,
            0.81436
          ],
          [
            1.31491,
            9.17761,
            0.73664
          ],
          [
            0.05631,
            11.39211,
            0.7507
          ],
          [
            8.69808,
            0.66419,
            0.76117
          ],
          [
            7.40762,
            2.84556,
            0.80291
          ],
          [
            6.15339,
            5.01958,
            0.77306
          ],
          [
            4.58169,
            6.78202,
            0.74354
          ],
          [
            4.52734,
            9.27098,
            0.7263
          ],
          [
            2.59309,
            11.32694,
            0.74497
          ],
          [
            11.15081,
            0.70658,
            0.74558
          ],
          [
            9.8991,
            2.85949,
            0.74318
          ],
          [
            8.64362,
            5.02017,
            0.74124
          ],
          [
            7.29896,
            7.18184,
            0.71393
          ],
          [
            6.03639,
            9.41573,
            0.73305
          ],
          [
            5.00811,
            11.51749,
            0.75034
          ],
          [
            13.6357,
            0.70417,
            0.71321
          ],
          [
            12.38652,
            2.85507,
            0.73102
          ],
          [
            11.18965,
            4.99934,
            0.74409
          ],
          [
            9.88647,
            7.14767,
            0.72833
          ],
          [
            8.59788,
            9.29889,
            0.72383
          ],
          [
            7.46241,
            11.46388,
            0.73005
          ],
          [
            4.89966,
            2.8434,
            2.73289
          ],
          [
            4.03016,
            3.1435,
            3.06615
          ]
        ],
        "Stress": [
          [
            -37.86703,
            22.5239,
            0.04163
          ],
          [
            22.5239,
            -11.8943,
            0.10958
          ],
          [
            0.04163,
            0.10958,
            -1.21187
          ]
        ],
        "computation_code": "VASP",
        "pseudopotential_information": [
          [
            "PAW_PBE",
            "C",
            "08Apr2002"
          ],
          [
            "PAW_PBE",
            "O",
            "08Apr2002"
          ],
          [
            "PAW_PBE",
            "H",
            "15Jun2001"
          ]
        ]
      }
    ],
    "EnergyStyle": "electronvolt",
    "ForcesStyle": "electronvoltperangstrom",
    "LatticeStyle": "angstrom",
    "PositionsStyle": "angstrom",
    "StressStyle": "kB"
  }
}