{
  "Dataset": {
    "AtomTypeStyle": "chemicalsymbol",
    "Data": [
      {
        "AtomTypes": [
          "C",
          "C",
          "C",
          "C",
          "C",
          "C",
          "C",
          "C",
          "C",
          "C",
          "C",
          "C",
          "C",
          "C",
          "C",
          "C",
          "C",
          "C",
          "C",
          "C",
          "C",
          "C",
          "C",
          "C",
          "C",
          "C",
          "C",
          "C",
          "C",
          "C",
          "C",
          "C",
          "C",
          "C",
          "C",
          "C",
          "C",
          "C",
          "C",
          "C",
          "C",
          "C",
          "C",
          "C",
          "C",
          "C",
          "C",
          "C",
          "C",
          "C",
          "C",
          "C",
          "C",
          "C",
          "C",
          "C",
          "C",
          "C",
          "C",
          "C",
          "C",
          "C",
          "C",
          "C",
          "C",
          "C",
          "C",
          "C",
          "C",
          "C",
          "O",
          "H"
        ],
        "Energy": -618.63510347,
        "Forces": [
          [
            -0.018327,
            -0.006599,
            -0.025432
          ],
          [
            0.004734,
            -0.030877,
            -0.013937
          ],
          [
            -0.002181,
            0.002785,
            0.025163
          ],
          [
            -0.005137,
            -0.007148,
            -0.000815
          ],
          [
            -0.006441,
            -0.000878,
            0.001169
          ],
          [
            -0.013277,
            -0.008214,
            -0.008508
          ],
          [
            -0.018575,
            0.008908,
            -0.006179
          ],
          [
            -0.017718,
            -0.013351,
            0.00212
          ],
          [
            0.013044,
            -0.029833,
            -0.023258
          ],
          [
            0.009505,
            0.013952,
            -0.01598
          ],
          [
            0.006341,
            0.025454,
            0.019758
          ],
          [
            0.009846,
            -0.010369,
            -0.030713
          ],
          [
            -0.005102,
            -0.043458,
            0.012389
          ],
          [
            0.005708,
            -0.01881,
            0.024525
          ],
          [
            -0.004303,
            -0.002208,
            0.015344
          ],
          [
            0.011317,
            0.007393,
            -0.006906
          ],
          [
            0.012848,
            0.022621,
            0.027123
          ],
          [
            0.013266,
            -0.000151,
            -0.023459
          ],
          [
            -0.006291,
            -0.001177,
            -0.029696
          ],
          [
            0.022051,
            0.000323,
            0.02275
          ],
          [
            0.010867,
            0.042406,
            0.022487
          ],
          [
            -0.027741,
            0.001498,
            -0.00702
          ],
          [
            0.007251,
            -0.001485,
            0.019481
          ],
          [
            0.022328,
            0.002764,
            0.002131
          ],
          [
            0.020867,
            -0.003294,
            -0.015574
          ],
          [
            0.00164,
            0.025824,
            0.032046
          ],
          [
            -0.008279,
            -0.008201,
            0.019148
          ],
          [
            0.036326,
            0.017503,
            0.003325
          ],
          [
            -0.004794,
            0.018058,
            0.011171
          ],
          [
            -0.000675,
            -0.041455,
            -0.005432
          ],
          [
            -0.009172,
            -0.008165,
            0.000723
          ],
          [
            0.021546,
            -0.006464,
            -0.025619
          ],
          [
            0.025871,
            0.007358,
            -0.01912
          ],
          [
            -0.012139,
            -0.013169,
            -0.003286
          ],
          [
            -0.029184,
            0.011113,
            -0.025824
          ],
          [
            0.005159,
            -0.001136,
            0.02044
          ],
          [
            0.017791,
            0.031582,
            -0.007291
          ],
          [
            0.018706,
            0.003721,
            -0.005366
          ],
          [
            0.000124,
            0.009388,
            -0.011943
          ],
          [
            -0.009233,
            -0.00324,
            -0.008007
          ],
          [
            -0.002892,
            5.3e-05,
            0.013006
          ],
          [
            -0.011379,
            0.006747,
            -0.037964
          ],
          [
            -0.026405,
            0.006477,
            -0.025362
          ],
          [
            -0.021479,
            -0.002064,
            0.018305
          ],
          [
            -0.004885,
            -0.036879,
            -0.009432
          ],
          [
            -0.007036,
            -0.029595,
            0.023856
          ],
          [
            -0.014501,
            0.024967,
            0.003736
          ],
          [
            -0.021273,
            -0.001101,
            0.00764
          ],
          [
            0.023023,
            0.006871,
            -0.039541
          ],
          [
            -0.004207,
            0.021675,
            -0.007292
          ],
          [
            -0.003735,
            0.010806,
            0.013374
          ],
          [
            -0.010681,
            0.004922,
            -0.008895
          ],
          [
            0.003384,
            -0.011758,
            -0.008747
          ],
          [
            -0.012587,
            -0.019804,
            0.018832
          ],
          [
            -0.005772,
            0.00531,
            -0.025379
          ],
          [
            0.003759,
            0.014872,
            0.027383
          ],
          [
            -0.008648,
            -0.007174,
            -0.000375
          ],
          [
            0.012562,
            -0.043757,
            0.037054
          ],
          [
            -0.005227,
            0.019128,
            0.011615
          ],
          [
            -0.006839,
            -0.018568,
            -0.000384
          ],
          [
            -0.022334,
            -0.024841,
            0.009872
          ],
          [
            0.007439,
            -0.001427,
            0.021658
          ],
          [
            -0.001598,
            -0.01715,
            -0.009601
          ],
          [
            0.044348,
            0.008445,
            -0.04973
          ],
          [
            0.012812,
            0.020807,
            -0.017689
          ],
          [
            -0.015614,
            0.005736,
            -0.0076
          ],
          [
            0.025534,
            -0.003889,
            0.008381
          ],
          [
            -0.001057,
            0.00865,
            -0.002694
          ],
          [
            -0.005578,
            -0.015201,
            -0.02587
          ],
          [
            -0.018167,
            -0.021995,
            -0.007428
          ],
          [
            0.009084,
            0.025067,
            0.056516
          ],
          [
            -0.008616,
            0.0717,
            0.050826
          ]
        ],
        "Lattice": [
          [
            14.88,
            0.0,
            0.0
          ],
          [
            -7.44,
            12.886457116,
            0.0
          ],
          [
            0.0,
            0.0,
            15.0
          ]
        ],
        "NumAtoms": 72,
        "Positions": [
          [
            7.43224,
            12.87701,
            0.72801
          ],
          [
            13.60354,
            2.11674,
            0.72938
          ],
          [
            -2.41348,
            4.28174,
            0.74575
          ],
          [
            -3.70427,
            6.4344,
            0.74778
          ],
          [
            9.87618,
            8.58232,
            0.74202
          ],
          [
            8.68361,
            10.72716,
            0.7372
          ],
          [
            -4.96011,
            12.87057,
            0.71418
          ],
          [
            1.17836,
            2.05896,
            0.70509
          ],
          [
            0.15142,
            4.16534,
            0.7573
          ],
          [
            -1.10752,
            6.40184,
            0.76316
          ],
          [
            -2.46549,
            8.55758,
            0.74942
          ],
          [
            -3.70809,
            10.72035,
            0.74706
          ],
          [
            4.93705,
            0.02244,
            0.78447
          ],
          [
            3.57277,
            2.23837,
            0.81577
          ],
          [
            1.66267,
            4.31645,
            0.78268
          ],
          [
            1.62168,
            6.81612,
            0.76488
          ],
          [
            0.02164,
            8.5646,
            0.74436
          ],
          [
            -1.21165,
            10.7229,
            0.75466
          ],
          [
            0.01614,
            12.84808,
            0.76322
          ],
          [
            6.17365,
            2.15569,
            0.85487
          ],
          [
            4.85902,
            4.43028,
            0.83632
          ],
          [
            2.33556,
            8.05397,
            0.74432
          ],
          [
            1.33338,
            10.62055,
            0.73647
          ],
          [
            2.51773,
            12.80647,
            0.74644
          ],
          [
            8.66559,
            2.11666,
            0.75361
          ],
          [
            7.40589,
            4.30147,
            0.7689
          ],
          [
            6.0535,
            6.45474,
            0.71752
          ],
          [
            3.8267,
            8.03805,
            0.72971
          ],
          [
            3.90094,
            10.64646,
            0.74501
          ],
          [
            12.39771,
            0.02292,
            0.75151
          ],
          [
            11.13515,
            2.14728,
            0.74216
          ],
          [
            9.91617,
            4.30338,
            0.74504
          ],
          [
            8.60308,
            6.46368,
            0.73194
          ],
          [
            7.28193,
            8.6274,
            0.73453
          ],
          [
            6.23587,
            10.8119,
            0.75958
          ],
          [
            1.23091,
            0.67069,
            0.70429
          ],
          [
            -0.0461,
            2.76894,
            0.72052
          ],
          [
            -1.09207,
            4.95444,
            0.75907
          ],
          [
            -2.42073,
            7.12292,
            0.75473
          ],
          [
            -3.73207,
            9.27971,
            0.74736
          ],
          [
            -4.94495,
            11.43298,
            0.72815
          ],
          [
            3.66993,
            0.77068,
            0.75947
          ],
          [
            2.29559,
            2.92565,
            0.7596
          ],
          [
            2.37169,
            5.53423,
            0.78862
          ],
          [
            0.12858,
            7.13836,
            0.76017
          ],
          [
            -1.2239,
            9.28692,
            0.74649
          ],
          [
            -2.47085,
            11.46704,
            0.76086
          ],
          [
            6.19703,
            0.72345,
            0.80058
          ],
          [
            4.84718,
            2.94669,
            1.20687
          ],
          [
            3.86352,
            5.51436,
            0.79483
          ],
          [
            1.31561,
            9.17845,
            0.7371
          ],
          [
            0.05712,
            11.3931,
            0.74944
          ],
          [
            8.69721,
            0.66737,
            0.7561
          ],
          [
            7.40633,
            2.84855,
            0.78826
          ],
          [
            6.15324,
            5.02046,
            0.76067
          ],
          [
            4.58154,
            6.78117,
            0.73413
          ],
          [
            4.52805,
            9.2715,
            0.73454
          ],
          [
            2.59206,
            11.32978,
            0.73866
          ],
          [
            11.14945,
            0.7078,
            0.74515
          ],
          [
            9.89787,
            2.86179,
            0.74325
          ],
          [
            8.64302,
            5.02306,
            0.74344
          ],
          [
            7.29855,
            7.18436,
            0.71915
          ],
          [
            6.03838,
            9.41879,
            0.74357
          ],
          [
            5.00685,
            11.51825,
            0.76189
          ],
          [
            13.63532,
            0.70392,
            0.73643
          ],
          [
            12.386,
            2.85519,
            0.74101
          ],
          [
            11.18778,
            5.0001,
            0.74528
          ],
          [
            9.88717,
            7.1485,
            0.73982
          ],
          [
            8.60204,
            9.30116,
            0.74217
          ],
          [
            7.46471,
            11.46607,
            0.74428
          ],
          [
            4.90602,
            2.86015,
            2.70759
          ],
          [
            4.00064,
            3.04809,
            3.02218
          ]
        ],
        "Stress": [
          [
            -37.71083,
            22.57167,
            -0.00307
          ],
          [
            22.57167,
            -11.70665,
            0.12376
          ],
          [
            -0.00307,
            0.12376,
            -1.06596
          ]
        ],
        "computation_code": "VASP",
        "pseudopotential_information": [
          [
            "PAW_PBE",
            "C",
            "08Apr2002"
          ],
          [
            "PAW_PBE",
            "O",
            "08Apr2002"
          ],
          [
            "PAW_PBE",
            "H",
            "15Jun2001"
          ]
        ]
      }
    ],
    "EnergyStyle": "electronvolt",
    "ForcesStyle": "electronvoltperangstrom",
    "LatticeStyle": "angstrom",
    "PositionsStyle": "angstrom",
    "StressStyle": "kB"
  }
}