{
  "Dataset": {
    "AtomTypeStyle": "chemicalsymbol",
    "Data": [
      {
        "AtomTypes": [
          "C",
          "C",
          "C",
          "C",
          "C",
          "C",
          "C",
          "C",
          "C",
          "C",
          "C",
          "C",
          "C",
          "C",
          "C",
          "C",
          "C",
          "C",
          "C",
          "C",
          "C",
          "C",
          "C",
          "C",
          "C",
          "C",
          "C",
          "C",
          "C",
          "C",
          "C",
          "C",
          "C",
          "C",
          "C",
          "C",
          "C",
          "C",
          "C",
          "C",
          "C",
          "C",
          "C",
          "C",
          "C",
          "C",
          "C",
          "C",
          "C",
          "C",
          "C",
          "C",
          "C",
          "C",
          "C",
          "C",
          "C",
          "C",
          "C",
          "C",
          "C",
          "C",
          "C",
          "C",
          "C",
          "C",
          "C",
          "C",
          "C",
          "C",
          "O",
          "H"
        ],
        "Energy": -619.15517489,
        "Forces": [
          [
            0.003989,
            0.004495,
            -0.005111
          ],
          [
            -0.00274,
            0.005647,
            0.001166
          ],
          [
            0.006578,
            -0.004965,
            -0.008843
          ],
          [
            0.007248,
            0.005334,
            0.013242
          ],
          [
            -0.003367,
            0.009622,
            0.003726
          ],
          [
            -0.000326,
            0.007934,
            0.003358
          ],
          [
            -0.01263,
            -0.003151,
            0.004398
          ],
          [
            0.011275,
            -0.017485,
            0.0008
          ],
          [
            0.004858,
            -0.002235,
            -0.002536
          ],
          [
            -0.006883,
            0.00983,
            0.00113
          ],
          [
            0.009707,
            -0.002365,
            0.005394
          ],
          [
            -2.2e-05,
            0.005402,
            -0.004523
          ],
          [
            0.00657,
            -0.012644,
            -0.01049
          ],
          [
            -0.005486,
            0.006269,
            -0.006412
          ],
          [
            -0.012989,
            0.008793,
            -0.000353
          ],
          [
            -0.00553,
            -0.006355,
            -0.004521
          ],
          [
            0.010839,
            -0.004678,
            -0.001768
          ],
          [
            -0.009961,
            0.019023,
            0.000371
          ],
          [
            -0.01618,
            -0.016533,
            0.00672
          ],
          [
            -0.003097,
            -0.011866,
            -0.007496
          ],
          [
            0.005082,
            0.007277,
            -0.012182
          ],
          [
            0.000428,
            -0.000577,
            -0.007355
          ],
          [
            0.024186,
            0.006055,
            -0.001147
          ],
          [
            0.003113,
            -0.025397,
            0.007109
          ],
          [
            -0.004916,
            0.004062,
            0.003866
          ],
          [
            0.004498,
            -0.01554,
            -0.007686
          ],
          [
            -0.0015,
            -0.026105,
            -0.005972
          ],
          [
            0.005167,
            -0.001407,
            -0.005787
          ],
          [
            -0.009459,
            -0.013149,
            0.006151
          ],
          [
            -0.009394,
            0.014872,
            0.010576
          ],
          [
            -0.001456,
            0.000695,
            0.004815
          ],
          [
            0.001499,
            -0.002374,
            -4.5e-05
          ],
          [
            -0.00475,
            0.005902,
            0.011349
          ],
          [
            0.002756,
            -0.010908,
            -0.009743
          ],
          [
            -0.005632,
            -0.003751,
            0.01579
          ],
          [
            0.00713,
            0.004151,
            -0.000763
          ],
          [
            -0.009886,
            0.01912,
            0.008664
          ],
          [
            0.009769,
            0.002597,
            -0.008511
          ],
          [
            -0.005677,
            -0.012147,
            0.002862
          ],
          [
            0.011621,
            -0.007955,
            0.008305
          ],
          [
            -0.00216,
            0.011045,
            -0.000779
          ],
          [
            0.003681,
            0.002387,
            -0.013406
          ],
          [
            -0.008137,
            -0.016367,
            0.002213
          ],
          [
            0.01164,
            0.010854,
            -0.013505
          ],
          [
            0.006012,
            -0.002837,
            -0.006343
          ],
          [
            -0.016016,
            0.011055,
            -0.004337
          ],
          [
            -0.001152,
            0.008169,
            -0.007264
          ],
          [
            -7.9e-05,
            0.024197,
            0.001087
          ],
          [
            0.018049,
            0.004448,
            -0.002725
          ],
          [
            -0.00431,
            -0.013056,
            -0.008682
          ],
          [
            -0.022203,
            -0.01258,
            -0.000977
          ],
          [
            0.015577,
            -0.002511,
            0.011083
          ],
          [
            0.01275,
            -0.000323,
            0.007877
          ],
          [
            -0.001452,
            0.007866,
            -0.002211
          ],
          [
            -0.01647,
            0.016127,
            -0.012547
          ],
          [
            -0.002873,
            0.006846,
            -0.006129
          ],
          [
            -0.008938,
            0.000595,
            0.008806
          ],
          [
            -0.00038,
            0.005217,
            -0.010968
          ],
          [
            0.010057,
            0.003916,
            0.013052
          ],
          [
            -0.001755,
            0.008141,
            -0.001006
          ],
          [
            0.006835,
            -0.000322,
            -0.00156
          ],
          [
            -0.003642,
            0.008415,
            0.000266
          ],
          [
            0.00903,
            -0.005754,
            0.00316
          ],
          [
            -0.00036,
            -0.016718,
            0.017712
          ],
          [
            -0.001478,
            0.009223,
            -0.001941
          ],
          [
            -0.003884,
            -0.00716,
            0.009363
          ],
          [
            -0.009115,
            -0.003876,
            0.000405
          ],
          [
            -0.008476,
            -0.006714,
            0.010912
          ],
          [
            -0.007583,
            -0.017002,
            0.007772
          ],
          [
            0.025697,
            0.004304,
            0.007158
          ],
          [
            -0.005517,
            0.003637,
            -0.010779
          ],
          [
            0.002223,
            0.013283,
            -0.004255
          ]
        ],
        "Lattice": [
          [
            14.88,
            0.0,
            0.0
          ],
          [
            -7.44,
            12.886457116,
            0.0
          ],
          [
            0.0,
            0.0,
            15.0
          ]
        ],
        "NumAtoms": 72,
        "Positions": [
          [
            -0.00314,
            0.00766,
            0.46551
          ],
          [
            13.59955,
            2.1386,
            0.55719
          ],
          [
            -2.43006,
            4.29044,
            0.78329
          ],
          [
            -3.71326,
            6.44115,
            0.8214
          ],
          [
            9.86805,
            8.58904,
            0.74284
          ],
          [
            -6.19985,
            10.73778,
            0.59819
          ],
          [
            -4.96145,
            12.88035,
            0.66786
          ],
          [
            1.19501,
            2.08177,
            0.68296
          ],
          [
            0.09913,
            4.16447,
            0.9144
          ],
          [
            -1.11873,
            6.40937,
            0.90084
          ],
          [
            -2.46977,
            8.5625,
            0.81913
          ],
          [
            -3.71199,
            10.72175,
            0.74219
          ],
          [
            4.93556,
            0.0223,
            0.81373
          ],
          [
            3.59808,
            2.23628,
            0.90298
          ],
          [
            1.65436,
            4.31392,
            1.33202
          ],
          [
            1.61935,
            6.81217,
            0.85646
          ],
          [
            0.02031,
            8.56474,
            0.83827
          ],
          [
            -1.21588,
            10.7251,
            0.80228
          ],
          [
            0.00222,
            12.86171,
            0.79399
          ],
          [
            6.12975,
            2.19008,
            0.86633
          ],
          [
            4.86274,
            4.40224,
            0.89572
          ],
          [
            2.33724,
            8.0744,
            0.78515
          ],
          [
            1.3292,
            10.63457,
            0.75808
          ],
          [
            2.50713,
            12.82304,
            0.66768
          ],
          [
            8.65255,
            2.13105,
            0.7665
          ],
          [
            7.39779,
            4.30787,
            0.82716
          ],
          [
            6.04191,
            6.45831,
            0.7909
          ],
          [
            3.81375,
            8.05632,
            0.75736
          ],
          [
            3.89993,
            10.66531,
            0.6252
          ],
          [
            12.3956,
            0.0431,
            0.49032
          ],
          [
            11.12447,
            2.15816,
            0.64807
          ],
          [
            9.90468,
            4.31393,
            0.77581
          ],
          [
            8.59639,
            6.47126,
            0.78141
          ],
          [
            7.27443,
            8.63629,
            0.6853
          ],
          [
            6.23043,
            10.82625,
            0.51184
          ],
          [
            1.23666,
            0.68494,
            0.56519
          ],
          [
            -0.05026,
            2.80035,
            0.6798
          ],
          [
            -1.11811,
            4.95921,
            0.89237
          ],
          [
            -2.42403,
            7.12873,
            0.85178
          ],
          [
            -3.73731,
            9.28382,
            0.76485
          ],
          [
            -4.94967,
            11.43776,
            0.66028
          ],
          [
            3.67432,
            0.76539,
            0.79822
          ],
          [
            2.3015,
            2.89364,
            0.91752
          ],
          [
            2.38344,
            5.5787,
            0.92737
          ],
          [
            0.125,
            7.13736,
            0.88593
          ],
          [
            -1.22416,
            9.28496,
            0.82236
          ],
          [
            -2.47261,
            11.45912,
            0.78702
          ],
          [
            6.1788,
            0.72935,
            0.83703
          ],
          [
            4.8541,
            2.96089,
            0.9136
          ],
          [
            3.83433,
            5.53413,
            0.86136
          ],
          [
            1.31622,
            9.18652,
            0.78748
          ],
          [
            0.0496,
            11.40537,
            0.78723
          ],
          [
            8.68792,
            0.67983,
            0.74571
          ],
          [
            7.39426,
            2.86777,
            0.82761
          ],
          [
            6.15164,
            5.02513,
            0.84616
          ],
          [
            4.56824,
            6.7864,
            0.78783
          ],
          [
            4.52672,
            9.29132,
            0.6819
          ],
          [
            2.58492,
            11.34366,
            0.68425
          ],
          [
            11.14248,
            0.72537,
            0.58907
          ],
          [
            9.88555,
            2.87174,
            0.73391
          ],
          [
            8.64074,
            5.03519,
            0.79768
          ],
          [
            7.28883,
            7.19432,
            0.75714
          ],
          [
            6.02883,
            9.43547,
            0.62729
          ],
          [
            5.00379,
            11.53483,
            0.5095
          ],
          [
            13.63258,
            0.72614,
            0.46121
          ],
          [
            12.37996,
            2.86897,
            0.6544
          ],
          [
            11.17588,
            5.01117,
            0.79725
          ],
          [
            9.88147,
            7.15777,
            0.78413
          ],
          [
            8.59423,
            9.30824,
            0.67064
          ],
          [
            7.46272,
            11.48148,
            0.49695
          ],
          [
            1.69347,
            4.37953,
            2.79971
          ],
          [
            1.25599,
            3.57387,
            3.1399
          ]
        ],
        "Stress": [
          [
            -39.9163,
            22.44018,
            -0.01169
          ],
          [
            22.44018,
            -13.89333,
            0.01555
          ],
          [
            -0.01169,
            0.01555,
            -1.21282
          ]
        ],
        "computation_code": "VASP",
        "pseudopotential_information": [
          [
            "PAW_PBE",
            "C",
            "08Apr2002"
          ],
          [
            "PAW_PBE",
            "O",
            "08Apr2002"
          ],
          [
            "PAW_PBE",
            "H",
            "15Jun2001"
          ]
        ]
      }
    ],
    "EnergyStyle": "electronvolt",
    "ForcesStyle": "electronvoltperangstrom",
    "LatticeStyle": "angstrom",
    "PositionsStyle": "angstrom",
    "StressStyle": "kB"
  }
}