{
  "Dataset": {
    "AtomTypeStyle": "chemicalsymbol",
    "Data": [
      {
        "AtomTypes": [
          "C",
          "C",
          "C",
          "C",
          "C",
          "C",
          "C",
          "C",
          "C",
          "C",
          "C",
          "C",
          "C",
          "C",
          "C",
          "C",
          "C",
          "C",
          "C",
          "C",
          "C",
          "C",
          "C",
          "C",
          "C",
          "C",
          "C",
          "C",
          "C",
          "C",
          "C",
          "C",
          "C",
          "C",
          "C",
          "C",
          "C",
          "C",
          "C",
          "C",
          "C",
          "C",
          "C",
          "C",
          "C",
          "C",
          "C",
          "C",
          "C",
          "C",
          "C",
          "C",
          "C",
          "C",
          "C",
          "C",
          "C",
          "C",
          "C",
          "C",
          "C",
          "C",
          "C",
          "C",
          "C",
          "C",
          "C",
          "C",
          "C",
          "C",
          "O",
          "H"
        ],
        "Energy": -619.07220292,
        "Forces": [
          [
            0.118448,
            -0.024964,
            -0.06191
          ],
          [
            0.081918,
            -0.031316,
            -0.023203
          ],
          [
            0.045342,
            -0.006924,
            0.014806
          ],
          [
            -0.011742,
            0.011999,
            0.024708
          ],
          [
            -0.014545,
            0.000408,
            0.006135
          ],
          [
            0.02776,
            0.009544,
            -0.017578
          ],
          [
            0.081373,
            -0.007483,
            0.023132
          ],
          [
            0.031698,
            0.021663,
            -0.051279
          ],
          [
            -0.003615,
            0.023385,
            0.085718
          ],
          [
            -0.00253,
            -0.014775,
            0.044465
          ],
          [
            -0.010672,
            -0.02008,
            0.019193
          ],
          [
            -0.033175,
            0.000651,
            -0.025549
          ],
          [
            -0.040387,
            0.013541,
            0.058872
          ],
          [
            -0.036104,
            0.055842,
            -0.03823
          ],
          [
            0.12011,
            0.102339,
            -0.018243
          ],
          [
            0.017054,
            0.002517,
            -0.0628
          ],
          [
            0.001656,
            0.021705,
            0.002589
          ],
          [
            -0.000444,
            0.00078,
            -0.021622
          ],
          [
            -0.02544,
            0.012474,
            -0.014022
          ],
          [
            -0.021534,
            0.006459,
            0.057369
          ],
          [
            -0.013884,
            -0.037749,
            0.038172
          ],
          [
            -0.080289,
            -0.016454,
            -0.017516
          ],
          [
            -0.004413,
            -0.043838,
            -0.019198
          ],
          [
            -0.022049,
            0.001118,
            0.017078
          ],
          [
            -0.021281,
            0.008747,
            -0.002328
          ],
          [
            -0.003281,
            -0.007664,
            -0.011565
          ],
          [
            -0.015065,
            0.03527,
            -0.006595
          ],
          [
            0.0202,
            0.031401,
            0.007148
          ],
          [
            0.041386,
            -0.030606,
            -0.001871
          ],
          [
            0.05104,
            -0.024137,
            -0.034017
          ],
          [
            -0.027644,
            0.031652,
            -0.031549
          ],
          [
            -0.008319,
            0.018006,
            0.004765
          ],
          [
            -0.013467,
            0.004398,
            -0.022758
          ],
          [
            0.008742,
            -0.006189,
            -0.000499
          ],
          [
            0.085898,
            -0.020322,
            0.018638
          ],
          [
            -0.114761,
            0.004121,
            -0.010628
          ],
          [
            -0.041891,
            -0.002735,
            -0.03988
          ],
          [
            0.070564,
            -0.004273,
            -0.034582
          ],
          [
            0.00734,
            -0.01743,
            0.053941
          ],
          [
            0.013413,
            -0.01185,
            -0.000887
          ],
          [
            0.020127,
            -0.011511,
            -0.033751
          ],
          [
            -0.044215,
            0.026377,
            0.028352
          ],
          [
            0.047741,
            -0.058708,
            0.039792
          ],
          [
            -0.04229,
            -0.131353,
            0.064337
          ],
          [
            -0.033855,
            -0.0265,
            0.035249
          ],
          [
            -0.016137,
            -0.001438,
            -0.012051
          ],
          [
            0.014704,
            0.004025,
            0.003628
          ],
          [
            0.017054,
            -0.005038,
            0.023681
          ],
          [
            -0.026668,
            -0.001601,
            0.055002
          ],
          [
            -0.003688,
            0.033616,
            -0.065262
          ],
          [
            0.035663,
            0.011201,
            -0.008729
          ],
          [
            0.009129,
            -0.005398,
            -0.022184
          ],
          [
            0.00529,
            -0.015531,
            0.005837
          ],
          [
            -0.018595,
            -0.019146,
            0.018046
          ],
          [
            0.01127,
            0.006665,
            0.0031
          ],
          [
            0.025869,
            -0.050706,
            -0.013001
          ],
          [
            -0.044448,
            -0.0782,
            -0.032139
          ],
          [
            -0.007629,
            0.005534,
            -0.000436
          ],
          [
            0.013722,
            0.023895,
            -0.01666
          ],
          [
            0.018874,
            -0.034583,
            -0.02488
          ],
          [
            -0.001018,
            -0.002094,
            -0.020132
          ],
          [
            -0.038372,
            -0.031957,
            -0.019455
          ],
          [
            -0.039696,
            0.0342,
            -0.001725
          ],
          [
            -0.042067,
            0.094488,
            0.019473
          ],
          [
            -0.096463,
            0.054832,
            -0.065263
          ],
          [
            -0.060868,
            0.040482,
            0.01522
          ],
          [
            0.026246,
            -0.029464,
            0.053179
          ],
          [
            0.018695,
            -0.018604,
            -0.012884
          ],
          [
            0.015207,
            -0.008502,
            0.017389
          ],
          [
            -0.051836,
            0.039112,
            -0.035229
          ],
          [
            0.096752,
            0.06738,
            -0.010207
          ],
          [
            -0.065913,
            -0.000702,
            0.103285
          ]
        ],
        "Lattice": [
          [
            14.88,
            0.0,
            0.0
          ],
          [
            -7.44,
            12.886457116,
            0.0
          ],
          [
            0.0,
            0.0,
            15.0
          ]
        ],
        "NumAtoms": 72,
        "Positions": [
          [
            7.43676,
            12.87567,
            0.72844
          ],
          [
            13.60027,
            2.11729,
            0.712
          ],
          [
            -2.42615,
            4.28082,
            0.75462
          ],
          [
            -3.70458,
            6.43204,
            0.74786
          ],
          [
            9.87699,
            8.57859,
            0.75048
          ],
          [
            8.68577,
            10.72457,
            0.75176
          ],
          [
            -4.95671,
            12.86641,
            0.73866
          ],
          [
            1.19628,
            2.06236,
            0.73462
          ],
          [
            0.1063,
            4.1571,
            0.83214
          ],
          [
            -1.1106,
            6.40337,
            0.77882
          ],
          [
            -2.46102,
            8.5549,
            0.74824
          ],
          [
            -3.70373,
            10.71222,
            0.75103
          ],
          [
            4.9437,
            0.01394,
            0.7425
          ],
          [
            3.60571,
            2.22997,
            0.80853
          ],
          [
            1.65885,
            4.31698,
            1.20355
          ],
          [
            1.627,
            6.81089,
            0.75115
          ],
          [
            0.02763,
            8.55773,
            0.74806
          ],
          [
            -1.20948,
            10.71803,
            0.7494
          ],
          [
            0.00779,
            12.85371,
            0.75048
          ],
          [
            6.13682,
            2.18238,
            0.75297
          ],
          [
            4.86983,
            4.3941,
            0.76548
          ],
          [
            2.34507,
            8.07076,
            0.72712
          ],
          [
            1.33342,
            10.62853,
            0.74716
          ],
          [
            2.51247,
            12.81126,
            0.75119
          ],
          [
            8.65945,
            2.12204,
            0.74994
          ],
          [
            7.40526,
            4.29895,
            0.75014
          ],
          [
            6.05068,
            6.44844,
            0.73793
          ],
          [
            3.82159,
            8.04633,
            0.73207
          ],
          [
            3.9029,
            10.65141,
            0.75226
          ],
          [
            12.40014,
            0.02616,
            0.75048
          ],
          [
            11.13041,
            2.1444,
            0.74926
          ],
          [
            9.91147,
            4.3042,
            0.745
          ],
          [
            8.60586,
            6.46095,
            0.75094
          ],
          [
            7.28274,
            8.62334,
            0.75021
          ],
          [
            6.23518,
            10.8131,
            0.75393
          ],
          [
            1.23904,
            0.66569,
            0.71362
          ],
          [
            -0.04697,
            2.77857,
            0.73103
          ],
          [
            -1.11238,
            4.95357,
            0.80452
          ],
          [
            -2.41543,
            7.12063,
            0.75317
          ],
          [
            -3.72881,
            9.27466,
            0.74989
          ],
          [
            -4.944,
            11.426,
            0.74942
          ],
          [
            3.68274,
            0.75555,
            0.75512
          ],
          [
            2.30902,
            2.889,
            0.8417
          ],
          [
            2.39331,
            5.57642,
            0.80027
          ],
          [
            0.135,
            7.13069,
            0.76401
          ],
          [
            -1.21656,
            9.27785,
            0.75009
          ],
          [
            -2.46537,
            11.45087,
            0.74501
          ],
          [
            6.18538,
            0.72226,
            0.74789
          ],
          [
            4.86201,
            2.95308,
            0.77989
          ],
          [
            3.84316,
            5.52543,
            0.75257
          ],
          [
            1.32166,
            9.18074,
            0.7375
          ],
          [
            0.05513,
            11.39838,
            0.75096
          ],
          [
            8.69379,
            0.6709,
            0.75053
          ],
          [
            7.40164,
            2.85991,
            0.74822
          ],
          [
            6.15867,
            5.0156,
            0.74842
          ],
          [
            4.57838,
            6.77931,
            0.72736
          ],
          [
            4.53237,
            9.27969,
            0.74877
          ],
          [
            2.58938,
            11.33351,
            0.7501
          ],
          [
            11.14819,
            0.71148,
            0.75178
          ],
          [
            9.89183,
            2.86248,
            0.75097
          ],
          [
            8.64878,
            5.02541,
            0.74932
          ],
          [
            7.29968,
            7.18287,
            0.74737
          ],
          [
            6.03695,
            9.4204,
            0.75241
          ],
          [
            5.01012,
            11.51935,
            0.75395
          ],
          [
            13.63658,
            0.70453,
            0.72901
          ],
          [
            12.38469,
            2.85388,
            0.73775
          ],
          [
            11.1818,
            5.00265,
            0.74268
          ],
          [
            9.89023,
            7.14774,
            0.75035
          ],
          [
            8.60198,
            9.29568,
            0.75121
          ],
          [
            7.46701,
            11.46628,
            0.75003
          ],
          [
            1.70651,
            4.34649,
            2.68817
          ],
          [
            0.78396,
            4.3177,
            2.99654
          ]
        ],
        "Stress": [
          [
            -37.93786,
            23.1004,
            0.04525
          ],
          [
            23.1004,
            -11.06789,
            0.09407
          ],
          [
            0.04525,
            0.09407,
            -1.05842
          ]
        ],
        "computation_code": "VASP",
        "pseudopotential_information": [
          [
            "PAW_PBE",
            "C",
            "08Apr2002"
          ],
          [
            "PAW_PBE",
            "O",
            "08Apr2002"
          ],
          [
            "PAW_PBE",
            "H",
            "15Jun2001"
          ]
        ]
      }
    ],
    "EnergyStyle": "electronvolt",
    "ForcesStyle": "electronvoltperangstrom",
    "LatticeStyle": "angstrom",
    "PositionsStyle": "angstrom",
    "StressStyle": "kB"
  }
}