{
  "Dataset": {
    "AtomTypeStyle": "chemicalsymbol",
    "Data": [
      {
        "AtomTypes": [
          "C",
          "C",
          "C",
          "C",
          "C",
          "C",
          "C",
          "C",
          "C",
          "C",
          "C",
          "C",
          "C",
          "C",
          "C",
          "C",
          "C",
          "C",
          "C",
          "C",
          "C",
          "C",
          "C",
          "C",
          "C",
          "C",
          "C",
          "C",
          "C",
          "C",
          "C",
          "C",
          "C",
          "C",
          "C",
          "C",
          "C",
          "C",
          "C",
          "C",
          "C",
          "C",
          "C",
          "C",
          "C",
          "C",
          "C",
          "C",
          "C",
          "C",
          "C",
          "C",
          "C",
          "C",
          "C",
          "C",
          "C",
          "C",
          "C",
          "C",
          "C",
          "C",
          "C",
          "C",
          "C",
          "C",
          "C",
          "C",
          "C",
          "C",
          "O",
          "H"
        ],
        "Energy": -618.88700896,
        "Forces": [
          [
            0.006457,
            0.005409,
            -0.00763
          ],
          [
            -0.005914,
            0.000272,
            8e-06
          ],
          [
            -0.024024,
            -0.017949,
            -0.018225
          ],
          [
            -0.00662,
            -0.007718,
            -0.019579
          ],
          [
            -0.02624,
            -0.001736,
            -0.012153
          ],
          [
            0.01352,
            -0.013641,
            0.000148
          ],
          [
            0.002368,
            -0.001933,
            0.017666
          ],
          [
            0.008066,
            0.010197,
            -0.000869
          ],
          [
            -0.003337,
            -0.007239,
            -0.007335
          ],
          [
            -0.013822,
            0.019533,
            0.020174
          ],
          [
            0.016753,
            0.002064,
            0.030877
          ],
          [
            -0.005084,
            0.013219,
            -0.007675
          ],
          [
            0.000375,
            0.022892,
            0.008308
          ],
          [
            0.010817,
            -0.011265,
            -0.007337
          ],
          [
            0.005905,
            0.013574,
            0.004191
          ],
          [
            0.025438,
            -0.005104,
            0.047616
          ],
          [
            -0.011557,
            -0.010661,
            0.041452
          ],
          [
            0.00692,
            0.006253,
            0.006027
          ],
          [
            -0.016155,
            0.0175,
            -0.003879
          ],
          [
            -0.006619,
            -0.00315,
            0.001946
          ],
          [
            -0.002931,
            -0.00311,
            0.001404
          ],
          [
            0.021462,
            0.005987,
            0.026644
          ],
          [
            -0.009716,
            0.014587,
            -0.009356
          ],
          [
            0.00877,
            0.018305,
            -0.009183
          ],
          [
            -0.000255,
            0.00702,
            -0.016601
          ],
          [
            0.005476,
            -0.002872,
            0.003254
          ],
          [
            0.003785,
            0.006989,
            -0.007924
          ],
          [
            0.006131,
            0.007585,
            -0.016819
          ],
          [
            -0.009642,
            -0.004124,
            -0.007273
          ],
          [
            -0.004851,
            -0.00073,
            -0.010141
          ],
          [
            -0.000763,
            -0.011955,
            -0.01443
          ],
          [
            -0.016578,
            -0.005408,
            -0.011611
          ],
          [
            -0.011187,
            0.009101,
            -0.00148
          ],
          [
            0.012171,
            -0.002962,
            0.010073
          ],
          [
            -2.4e-05,
            -0.005243,
            -0.008885
          ],
          [
            0.01033,
            -0.014289,
            0.008316
          ],
          [
            0.007331,
            -0.00683,
            0.003216
          ],
          [
            -0.006665,
            -0.006715,
            -0.012847
          ],
          [
            -0.014674,
            0.000304,
            0.018807
          ],
          [
            -0.013865,
            -0.00202,
            0.013041
          ],
          [
            0.000984,
            0.003592,
            0.002362
          ],
          [
            0.003438,
            0.003785,
            0.005797
          ],
          [
            0.006309,
            -0.010733,
            -0.01022
          ],
          [
            0.019387,
            -0.023963,
            0.038051
          ],
          [
            -0.047637,
            0.027521,
            0.020609
          ],
          [
            0.003319,
            -0.003949,
            0.044017
          ],
          [
            0.004409,
            0.012409,
            0.002903
          ],
          [
            0.005848,
            0.004981,
            0.015363
          ],
          [
            -0.000401,
            0.001688,
            -0.009202
          ],
          [
            0.012219,
            -0.016808,
            0.002163
          ],
          [
            -0.01726,
            -0.000554,
            0.020381
          ],
          [
            -0.009185,
            0.020839,
            -0.002134
          ],
          [
            0.0004,
            0.008212,
            -0.009822
          ],
          [
            -0.002802,
            -0.005233,
            -0.015438
          ],
          [
            0.000994,
            -0.002036,
            0.009683
          ],
          [
            -0.00072,
            0.000382,
            -0.023814
          ],
          [
            -0.008745,
            -0.005787,
            -0.015588
          ],
          [
            0.007156,
            0.00695,
            -0.006544
          ],
          [
            -0.001826,
            0.018704,
            -0.016474
          ],
          [
            0.014851,
            -0.005479,
            -0.017555
          ],
          [
            -0.003448,
            0.008921,
            -0.003479
          ],
          [
            0.004284,
            0.000517,
            0.004748
          ],
          [
            -0.003052,
            -0.015996,
            -0.005176
          ],
          [
            -0.001483,
            0.007934,
            -0.004465
          ],
          [
            -0.005084,
            0.003835,
            -0.006175
          ],
          [
            -0.016526,
            -0.010917,
            -0.007688
          ],
          [
            -0.022777,
            -0.002622,
            -0.005957
          ],
          [
            -0.012185,
            -0.000224,
            -0.01382
          ],
          [
            -0.006004,
            -0.006072,
            0.000644
          ],
          [
            0.012845,
            -0.013788,
            -0.013833
          ],
          [
            0.043678,
            -0.044279,
            -0.033133
          ],
          [
            0.057463,
            0.004032,
            0.001858
          ]
        ],
        "Lattice": [
          [
            14.88,
            0.0,
            0.0
          ],
          [
            -7.44,
            12.886457116,
            0.0
          ],
          [
            0.0,
            0.0,
            15.0
          ]
        ],
        "NumAtoms": 72,
        "Positions": [
          [
            7.43658,
            12.87717,
            0.75091
          ],
          [
            13.60802,
            2.12007,
            0.73814
          ],
          [
            -2.42023,
            4.28243,
            0.72193
          ],
          [
            -3.70881,
            6.43083,
            0.73701
          ],
          [
            9.87426,
            8.57698,
            0.75065
          ],
          [
            8.68187,
            10.72663,
            0.75171
          ],
          [
            -4.95919,
            12.87098,
            0.74437
          ],
          [
            1.18468,
            2.06361,
            0.74946
          ],
          [
            0.16452,
            4.17264,
            0.7603
          ],
          [
            -1.14771,
            6.38217,
            0.79228
          ],
          [
            -2.47146,
            8.55969,
            0.78823
          ],
          [
            -3.70641,
            10.72023,
            0.7522
          ],
          [
            4.93277,
            0.02657,
            0.738
          ],
          [
            3.59505,
            2.25211,
            0.7575
          ],
          [
            1.65509,
            4.31934,
            0.78071
          ],
          [
            1.65982,
            6.81574,
            0.83391
          ],
          [
            0.02213,
            8.59706,
            0.87103
          ],
          [
            -1.21487,
            10.72868,
            0.74729
          ],
          [
            0.0044,
            12.86114,
            0.73676
          ],
          [
            6.13663,
            2.18283,
            0.74974
          ],
          [
            4.87966,
            4.39647,
            0.75593
          ],
          [
            2.33658,
            8.04292,
            0.75454
          ],
          [
            1.32447,
            10.6355,
            0.72465
          ],
          [
            2.51167,
            12.81018,
            0.73907
          ],
          [
            8.65867,
            2.12281,
            0.74911
          ],
          [
            7.41392,
            4.29711,
            0.74786
          ],
          [
            6.06018,
            6.44194,
            0.74355
          ],
          [
            3.82924,
            8.04151,
            0.73104
          ],
          [
            3.89725,
            10.65028,
            0.73334
          ],
          [
            12.39729,
            0.02612,
            0.75011
          ],
          [
            11.13415,
            2.14898,
            0.74313
          ],
          [
            9.91612,
            4.30069,
            0.74099
          ],
          [
            8.60391,
            6.45938,
            0.73995
          ],
          [
            7.28137,
            8.62553,
            0.74176
          ],
          [
            6.23562,
            10.81002,
            0.75236
          ],
          [
            1.23212,
            0.67033,
            0.74579
          ],
          [
            -0.04138,
            2.78016,
            0.7448
          ],
          [
            -1.10057,
            4.97251,
            0.74097
          ],
          [
            -2.42403,
            7.11463,
            0.76388
          ],
          [
            -3.72517,
            9.27324,
            0.7628
          ],
          [
            -4.94379,
            11.43261,
            0.74843
          ],
          [
            3.67477,
            0.7702,
            0.74548
          ],
          [
            2.29127,
            2.92703,
            0.76332
          ],
          [
            2.38766,
            5.53494,
            0.8018
          ],
          [
            0.13334,
            7.12544,
            1.20142
          ],
          [
            -1.22158,
            9.29298,
            0.80167
          ],
          [
            -2.47404,
            11.46419,
            0.73994
          ],
          [
            6.18194,
            0.73073,
            0.74006
          ],
          [
            4.85867,
            2.95911,
            0.75695
          ],
          [
            3.86,
            5.52101,
            0.76662
          ],
          [
            1.29058,
            9.18871,
            0.76463
          ],
          [
            0.05148,
            11.40385,
            0.73561
          ],
          [
            8.69112,
            0.67294,
            0.7419
          ],
          [
            7.40445,
            2.85843,
            0.75121
          ],
          [
            6.17049,
            5.01703,
            0.74737
          ],
          [
            4.5766,
            6.76738,
            0.75008
          ],
          [
            4.52009,
            9.27435,
            0.73155
          ],
          [
            2.58497,
            11.33513,
            0.72547
          ],
          [
            11.14815,
            0.71042,
            0.74717
          ],
          [
            9.89397,
            2.86548,
            0.74601
          ],
          [
            8.65319,
            5.02338,
            0.74293
          ],
          [
            7.29951,
            7.17927,
            0.73959
          ],
          [
            6.04115,
            9.42253,
            0.74314
          ],
          [
            5.00458,
            11.51945,
            0.74798
          ],
          [
            13.63713,
            0.70997,
            0.74822
          ],
          [
            12.38421,
            2.85711,
            0.73136
          ],
          [
            11.19089,
            4.99992,
            0.7312
          ],
          [
            9.88659,
            7.1493,
            0.74207
          ],
          [
            8.60155,
            9.29769,
            0.74785
          ],
          [
            7.46698,
            11.46587,
            0.75481
          ],
          [
            0.19262,
            7.00707,
            2.69372
          ],
          [
            -0.72117,
            7.14622,
            3.01274
          ]
        ],
        "Stress": [
          [
            -36.44148,
            22.84268,
            0.10149
          ],
          [
            22.84268,
            -12.02267,
            -0.0397
          ],
          [
            0.10149,
            -0.0397,
            -1.20114
          ]
        ],
        "computation_code": "VASP",
        "pseudopotential_information": [
          [
            "PAW_PBE",
            "C",
            "08Apr2002"
          ],
          [
            "PAW_PBE",
            "O",
            "08Apr2002"
          ],
          [
            "PAW_PBE",
            "H",
            "15Jun2001"
          ]
        ]
      }
    ],
    "EnergyStyle": "electronvolt",
    "ForcesStyle": "electronvoltperangstrom",
    "LatticeStyle": "angstrom",
    "PositionsStyle": "angstrom",
    "StressStyle": "kB"
  }
}