{
  "Dataset": {
    "AtomTypeStyle": "chemicalsymbol",
    "Data": [
      {
        "AtomTypes": [
          "C",
          "C",
          "C",
          "C",
          "C",
          "C",
          "C",
          "C",
          "C",
          "C",
          "C",
          "C",
          "C",
          "C",
          "C",
          "C",
          "C",
          "C",
          "C",
          "C",
          "C",
          "C",
          "C",
          "C",
          "C",
          "C",
          "C",
          "C",
          "C",
          "C",
          "C",
          "C",
          "C",
          "C",
          "C",
          "C",
          "C",
          "C",
          "C",
          "C",
          "C",
          "C",
          "C",
          "C",
          "C",
          "C",
          "C",
          "C",
          "C",
          "C",
          "C",
          "C",
          "C",
          "C",
          "C",
          "C",
          "C",
          "C",
          "C",
          "C",
          "C",
          "C",
          "C",
          "C",
          "C",
          "C",
          "C",
          "C",
          "C",
          "C",
          "C",
          "O",
          "O",
          "H"
        ],
        "Energy": -635.93061837,
        "Forces": [
          [
            0.008328,
            -0.026958,
            -0.031176
          ],
          [
            0.009679,
            0.002059,
            0.009642
          ],
          [
            0.060397,
            0.063797,
            0.042856
          ],
          [
            0.056669,
            0.008116,
            -0.009425
          ],
          [
            -0.027062,
            -0.022125,
            -0.032682
          ],
          [
            0.003786,
            0.019371,
            0.001262
          ],
          [
            0.01079,
            -0.018401,
            -0.019185
          ],
          [
            -0.018139,
            0.032467,
            0.077639
          ],
          [
            0.006574,
            0.013146,
            0.017671
          ],
          [
            -0.012306,
            -0.014169,
            0.006201
          ],
          [
            0.008539,
            -0.028108,
            0.025223
          ],
          [
            -0.013096,
            0.01935,
            -0.021849
          ],
          [
            0.012828,
            0.007203,
            -0.004586
          ],
          [
            0.011799,
            -0.034382,
            0.032857
          ],
          [
            -0.019394,
            -0.004496,
            -0.026354
          ],
          [
            -0.026667,
            -0.042095,
            -0.084631
          ],
          [
            -0.042898,
            -0.051927,
            -0.019002
          ],
          [
            0.002277,
            0.028955,
            0.009672
          ],
          [
            -0.023605,
            0.023326,
            -0.004552
          ],
          [
            -0.023177,
            -0.055851,
            -0.017033
          ],
          [
            -0.068468,
            -0.015742,
            0.041061
          ],
          [
            0.00956,
            0.017599,
            -0.112326
          ],
          [
            -0.025881,
            0.029456,
            0.063172
          ],
          [
            0.037823,
            0.021161,
            0.035735
          ],
          [
            -0.024062,
            0.005511,
            0.01681
          ],
          [
            -0.019804,
            -0.007926,
            0.008293
          ],
          [
            -0.026348,
            -0.003153,
            -0.011214
          ],
          [
            -0.010791,
            0.003896,
            -0.09392
          ],
          [
            0.023608,
            -0.05929,
            -0.019703
          ],
          [
            0.015343,
            -0.027715,
            0.015457
          ],
          [
            0.026365,
            -0.034302,
            -0.014811
          ],
          [
            -0.023771,
            -0.00531,
            -0.049729
          ],
          [
            -0.018232,
            0.020435,
            0.009655
          ],
          [
            0.01239,
            -0.020681,
            -0.000217
          ],
          [
            0.039218,
            0.001379,
            0.009196
          ],
          [
            -0.025601,
            -0.00393,
            0.014537
          ],
          [
            -0.027715,
            -0.024338,
            0.006497
          ],
          [
            -0.008019,
            -0.030405,
            0.027766
          ],
          [
            0.006031,
            0.030812,
            0.031311
          ],
          [
            0.052725,
            0.000813,
            -0.016242
          ],
          [
            -0.02672,
            0.012517,
            -0.045286
          ],
          [
            0.024884,
            0.038422,
            -0.013021
          ],
          [
            0.036511,
            -0.021766,
            0.045581
          ],
          [
            -0.026559,
            -0.033393,
            0.060713
          ],
          [
            -0.042642,
            0.044963,
            -0.026154
          ],
          [
            -0.009133,
            0.013804,
            0.006161
          ],
          [
            0.064464,
            -0.059311,
            0.031491
          ],
          [
            0.012799,
            -0.001593,
            0.004312
          ],
          [
            0.022645,
            0.029306,
            0.017307
          ],
          [
            0.025974,
            0.054726,
            -0.012159
          ],
          [
            -0.027625,
            0.047293,
            -0.086436
          ],
          [
            0.010583,
            -0.017501,
            0.007895
          ],
          [
            -0.01883,
            -0.02793,
            0.068895
          ],
          [
            0.011608,
            0.031832,
            -0.028634
          ],
          [
            0.050039,
            0.000274,
            0.009383
          ],
          [
            0.059017,
            -0.08704,
            0.056124
          ],
          [
            0.063614,
            0.088185,
            0.049452
          ],
          [
            -0.019084,
            0.001501,
            -0.029762
          ],
          [
            0.012922,
            0.04009,
            0.027947
          ],
          [
            0.010548,
            0.028889,
            -0.017378
          ],
          [
            0.008624,
            -0.010963,
            -0.00052
          ],
          [
            0.013777,
            0.023164,
            -0.00173
          ],
          [
            -0.030401,
            0.003048,
            -0.010774
          ],
          [
            -0.068897,
            0.011955,
            0.034913
          ],
          [
            -0.021312,
            0.053786,
            -0.016748
          ],
          [
            0.010609,
            -0.004265,
            -0.003201
          ],
          [
            -0.019413,
            -0.015307,
            -0.021662
          ],
          [
            -0.028854,
            0.029155,
            -0.031694
          ],
          [
            -0.022493,
            -0.014487,
            0.011283
          ],
          [
            -0.020875,
            0.00975,
            0.007057
          ],
          [
            0.087366,
            0.006945,
            0.013632
          ],
          [
            -0.164809,
            -0.054073,
            0.077275
          ],
          [
            0.071869,
            -0.01411,
            -0.039357
          ],
          [
            0.020103,
            -0.025414,
            -0.058782
          ]
        ],
        "Lattice": [
          [
            14.88,
            0.0,
            0.0
          ],
          [
            -7.44,
            12.886457116,
            0.0
          ],
          [
            0.0,
            0.0,
            15.0
          ]
        ],
        "NumAtoms": 74,
        "Positions": [
          [
            0.04928,
            0.08789,
            0.74565
          ],
          [
            -1.1839,
            2.23025,
            0.74045
          ],
          [
            -2.47216,
            4.32549,
            0.74057
          ],
          [
            11.09166,
            6.46739,
            0.73858
          ],
          [
            9.82316,
            8.61184,
            0.74786
          ],
          [
            -6.21199,
            10.76933,
            0.74871
          ],
          [
            2.50291,
            0.04568,
            0.75286
          ],
          [
            1.30926,
            2.26563,
            0.74989
          ],
          [
            0.0718,
            4.4239,
            0.77497
          ],
          [
            -1.28435,
            6.47301,
            0.7426
          ],
          [
            -2.54332,
            8.60909,
            0.72409
          ],
          [
            -3.73182,
            10.75916,
            0.74707
          ],
          [
            4.98348,
            0.00503,
            0.74354
          ],
          [
            3.75279,
            2.19381,
            0.74983
          ],
          [
            2.6077,
            4.49198,
            0.81193
          ],
          [
            1.24177,
            6.64409,
            0.90789
          ],
          [
            -0.05591,
            8.60709,
            0.79013
          ],
          [
            -1.22505,
            10.73293,
            0.74675
          ],
          [
            0.06282,
            12.81546,
            0.74883
          ],
          [
            6.25165,
            2.11044,
            0.74278
          ],
          [
            5.01912,
            4.2674,
            0.75553
          ],
          [
            2.23312,
            7.90161,
            1.24969
          ],
          [
            1.3355,
            10.58657,
            0.82508
          ],
          [
            2.55867,
            12.78375,
            0.76569
          ],
          [
            8.72921,
            2.09059,
            0.74737
          ],
          [
            7.47206,
            4.26098,
            0.74205
          ],
          [
            6.0274,
            6.37535,
            0.74566
          ],
          [
            3.80675,
            7.89611,
            0.85851
          ],
          [
            3.90666,
            10.61997,
            0.793
          ],
          [
            12.44975,
            0.05383,
            0.74727
          ],
          [
            11.18494,
            2.15473,
            0.74869
          ],
          [
            9.92009,
            4.3027,
            0.75476
          ],
          [
            8.56404,
            6.46105,
            0.74773
          ],
          [
            7.25143,
            8.62488,
            0.74631
          ],
          [
            6.2427,
            10.82616,
            0.73983
          ],
          [
            1.28961,
            0.81382,
            0.74711
          ],
          [
            0.06404,
            2.97678,
            0.74962
          ],
          [
            -1.22378,
            5.05874,
            0.75135
          ],
          [
            -2.54296,
            7.18144,
            0.72461
          ],
          [
            -3.7887,
            9.32237,
            0.73975
          ],
          [
            -4.96007,
            11.4872,
            0.75489
          ],
          [
            3.7443,
            0.74957,
            0.74818
          ],
          [
            2.55849,
            3.00805,
            0.76643
          ],
          [
            1.33664,
            5.20778,
            0.84233
          ],
          [
            -0.05547,
            7.18594,
            0.80298
          ],
          [
            -1.28531,
            9.31865,
            0.73488
          ],
          [
            -2.47333,
            11.46529,
            0.7412
          ],
          [
            6.25482,
            0.6749,
            0.74128
          ],
          [
            5.00875,
            2.8511,
            0.74686
          ],
          [
            3.90611,
            5.17173,
            0.79719
          ],
          [
            1.24094,
            9.15138,
            0.87993
          ],
          [
            0.07023,
            11.36901,
            0.7676
          ],
          [
            8.74883,
            0.63919,
            0.75004
          ],
          [
            7.48855,
            2.81646,
            0.74538
          ],
          [
            6.24181,
            4.96495,
            0.74012
          ],
          [
            4.49426,
            6.59927,
            0.78507
          ],
          [
            4.49531,
            9.1926,
            0.78042
          ],
          [
            2.60777,
            11.30042,
            0.80461
          ],
          [
            11.19344,
            0.71084,
            0.75085
          ],
          [
            9.94304,
            2.85803,
            0.75307
          ],
          [
            8.66769,
            5.02042,
            0.74866
          ],
          [
            7.25127,
            7.1654,
            0.74692
          ],
          [
            6.02782,
            9.4157,
            0.74365
          ],
          [
            5.02008,
            11.52412,
            0.75525
          ],
          [
            13.69269,
            0.79453,
            0.74261
          ],
          [
            12.42444,
            2.89941,
            0.74288
          ],
          [
            11.14879,
            5.03074,
            0.74623
          ],
          [
            9.82323,
            7.17751,
            0.74724
          ],
          [
            8.56424,
            9.32861,
            0.74777
          ],
          [
            7.47281,
            11.52962,
            0.74241
          ],
          [
            2.14996,
            7.95699,
            2.85206
          ],
          [
            1.11189,
            7.99189,
            3.48799
          ],
          [
            3.36929,
            7.98713,
            3.46334
          ],
          [
            3.17443,
            8.04836,
            4.42447
          ]
        ],
        "Stress": [
          [
            -23.74768,
            -0.03386,
            -0.01179
          ],
          [
            -0.03386,
            -26.52814,
            -0.14448
          ],
          [
            -0.01179,
            -0.14448,
            -1.37798
          ]
        ],
        "computation_code": "VASP",
        "pseudopotential_information": [
          [
            "PAW_PBE",
            "C",
            "08Apr2002"
          ],
          [
            "PAW_PBE",
            "O",
            "08Apr2002"
          ],
          [
            "PAW_PBE",
            "H",
            "15Jun2001"
          ]
        ]
      }
    ],
    "EnergyStyle": "electronvolt",
    "ForcesStyle": "electronvoltperangstrom",
    "LatticeStyle": "angstrom",
    "PositionsStyle": "angstrom",
    "StressStyle": "kB"
  }
}