{
  "Dataset": {
    "AtomTypeStyle": "chemicalsymbol",
    "Data": [
      {
        "AtomTypes": [
          "C",
          "C",
          "C",
          "C",
          "C",
          "C",
          "C",
          "C",
          "C",
          "C",
          "C",
          "C",
          "C",
          "C",
          "C",
          "C",
          "C",
          "C",
          "C",
          "C",
          "C",
          "C",
          "C",
          "C",
          "C",
          "C",
          "C",
          "C",
          "C",
          "C",
          "C",
          "C",
          "C",
          "C",
          "C",
          "C",
          "C",
          "C",
          "C",
          "C",
          "C",
          "C",
          "C",
          "C",
          "C",
          "C",
          "C",
          "C",
          "C",
          "C",
          "C",
          "C",
          "C",
          "C",
          "C",
          "C",
          "C",
          "C",
          "C",
          "C",
          "C",
          "C",
          "C",
          "C",
          "C",
          "C",
          "C",
          "C",
          "C",
          "C",
          "O",
          "O",
          "H"
        ],
        "Energy": -622.27753115,
        "Forces": [
          [
            0.012676,
            -0.01163,
            -0.000831
          ],
          [
            -0.02493,
            -0.006886,
            0.01993
          ],
          [
            -0.01005,
            0.00121,
            0.007376
          ],
          [
            -0.000373,
            0.006404,
            0.010237
          ],
          [
            -0.007348,
            -0.017618,
            -0.001884
          ],
          [
            -0.013921,
            -0.001971,
            -0.01104
          ],
          [
            0.001756,
            0.031796,
            -0.026087
          ],
          [
            0.00634,
            -0.001727,
            -0.011683
          ],
          [
            0.005331,
            0.015304,
            -0.010031
          ],
          [
            -0.001337,
            -0.00566,
            -0.004903
          ],
          [
            -0.02049,
            -0.014906,
            -0.012787
          ],
          [
            -0.005747,
            -0.010433,
            0.001989
          ],
          [
            -0.003087,
            0.001411,
            -0.027512
          ],
          [
            0.006699,
            -0.004094,
            -0.005986
          ],
          [
            0.005836,
            -0.016228,
            -0.002534
          ],
          [
            -0.004146,
            -0.006806,
            -8.3e-05
          ],
          [
            0.026606,
            -0.001939,
            -0.004761
          ],
          [
            -0.019781,
            -0.00766,
            -0.004432
          ],
          [
            0.006325,
            -0.009099,
            0.005001
          ],
          [
            -0.020949,
            0.020574,
            0.005684
          ],
          [
            0.003723,
            0.00223,
            0.008047
          ],
          [
            -0.006678,
            -0.007208,
            -0.006625
          ],
          [
            -0.012133,
            -0.028973,
            -0.005944
          ],
          [
            -0.001657,
            0.006393,
            -0.012273
          ],
          [
            0.015573,
            -0.003529,
            0.00852
          ],
          [
            -0.019484,
            -0.000924,
            -0.010646
          ],
          [
            0.006488,
            -0.006131,
            0.009763
          ],
          [
            -0.010673,
            -0.014091,
            0.019704
          ],
          [
            -0.000377,
            -0.029989,
            0.003902
          ],
          [
            -0.003316,
            -0.000345,
            0.009527
          ],
          [
            -0.015512,
            -0.004677,
            -0.000856
          ],
          [
            0.005511,
            -0.007809,
            -0.016787
          ],
          [
            -0.000214,
            0.002681,
            -0.007461
          ],
          [
            0.009835,
            -0.01552,
            0.020077
          ],
          [
            -0.032148,
            0.011391,
            -0.018252
          ],
          [
            0.006799,
            -0.017068,
            0.000266
          ],
          [
            0.008344,
            0.006939,
            -0.012582
          ],
          [
            -0.006993,
            0.003903,
            -0.014976
          ],
          [
            0.028142,
            0.004338,
            0.004042
          ],
          [
            0.004409,
            -0.0137,
            -0.003176
          ],
          [
            -0.004169,
            0.023124,
            -0.029989
          ],
          [
            0.01087,
            0.01832,
            -0.006169
          ],
          [
            0.00484,
            -0.00649,
            0.004192
          ],
          [
            -0.008501,
            0.015901,
            -0.011444
          ],
          [
            0.012032,
            -0.011103,
            -0.001213
          ],
          [
            -0.014883,
            0.013733,
            -0.001618
          ],
          [
            -0.005146,
            0.015241,
            0.008448
          ],
          [
            -0.015258,
            0.009903,
            0.004905
          ],
          [
            -0.000552,
            -0.005678,
            0.016101
          ],
          [
            -0.001776,
            0.00928,
            -0.002996
          ],
          [
            0.018032,
            -0.00901,
            0.002567
          ],
          [
            0.026999,
            0.014138,
            -0.00614
          ],
          [
            -0.007961,
            0.002133,
            0.000442
          ],
          [
            -0.010012,
            0.031184,
            0.009233
          ],
          [
            0.010512,
            0.001314,
            0.009532
          ],
          [
            0.001159,
            0.002899,
            0.007106
          ],
          [
            -0.010771,
            0.019232,
            -0.002704
          ],
          [
            0.000767,
            3e-05,
            0.004198
          ],
          [
            0.001778,
            -0.011729,
            -0.001717
          ],
          [
            0.023274,
            -0.012211,
            -0.001992
          ],
          [
            0.01457,
            0.010443,
            0.001046
          ],
          [
            -0.003255,
            -0.003095,
            0.032285
          ],
          [
            0.019345,
            0.044214,
            0.01813
          ],
          [
            0.014512,
            0.0133,
            0.002348
          ],
          [
            -0.00383,
            -0.017703,
            0.002429
          ],
          [
            0.000563,
            0.007036,
            0.000855
          ],
          [
            0.011037,
            0.010431,
            -0.005456
          ],
          [
            0.007825,
            -0.007007,
            0.006597
          ],
          [
            -0.008727,
            -0.008229,
            -0.009454
          ],
          [
            -0.019624,
            0.066809,
            0.06806
          ],
          [
            0.030418,
            -0.0659,
            -0.019088
          ],
          [
            -0.006449,
            -0.009453,
            0.009098
          ],
          [
            -0.006664,
            -0.009012,
            -0.007516
          ]
        ],
        "Lattice": [
          [
            14.88,
            0.0,
            0.0
          ],
          [
            -7.44,
            12.886457116,
            0.0
          ],
          [
            0.0,
            0.0,
            15.0
          ]
        ],
        "NumAtoms": 73,
        "Positions": [
          [
            -0.00686,
            0.05338,
            0.79995
          ],
          [
            -1.29302,
            2.16612,
            0.89251
          ],
          [
            -2.55839,
            4.27224,
            0.91606
          ],
          [
            11.09253,
            6.42658,
            0.81194
          ],
          [
            9.82401,
            8.58497,
            0.75651
          ],
          [
            -6.22586,
            10.75085,
            0.75932
          ],
          [
            2.45488,
            0.0234,
            0.8281
          ],
          [
            1.19716,
            2.22225,
            1.01112
          ],
          [
            -0.20994,
            4.20414,
            1.67666
          ],
          [
            -1.22685,
            6.37273,
            0.97776
          ],
          [
            -2.51846,
            8.53908,
            0.78679
          ],
          [
            -3.74302,
            10.71627,
            0.77151
          ],
          [
            4.93428,
            -0.01779,
            0.7639
          ],
          [
            3.63181,
            2.21773,
            0.78436
          ],
          [
            1.57877,
            6.61751,
            0.7586
          ],
          [
            -0.00988,
            8.45898,
            0.74858
          ],
          [
            -1.23159,
            10.66258,
            0.73766
          ],
          [
            -0.00118,
            12.79293,
            0.68731
          ],
          [
            6.14288,
            2.13463,
            0.68668
          ],
          [
            4.89533,
            4.34218,
            0.67656
          ],
          [
            2.30703,
            7.92187,
            0.68938
          ],
          [
            1.31942,
            10.53787,
            0.67479
          ],
          [
            2.49273,
            12.76609,
            0.65497
          ],
          [
            8.64034,
            2.0796,
            0.66838
          ],
          [
            7.3864,
            4.26439,
            0.66142
          ],
          [
            6.02359,
            6.42029,
            0.66523
          ],
          [
            3.7935,
            7.98005,
            0.66337
          ],
          [
            3.88883,
            10.6273,
            0.63483
          ],
          [
            12.39156,
            0.03658,
            0.6704
          ],
          [
            11.09564,
            2.12121,
            0.73635
          ],
          [
            9.84619,
            4.28334,
            0.71258
          ],
          [
            8.55269,
            6.45218,
            0.71066
          ],
          [
            7.24659,
            8.62577,
            0.69606
          ],
          [
            6.2205,
            10.82946,
            0.66604
          ],
          [
            1.22675,
            0.76843,
            0.8806
          ],
          [
            -0.08978,
            2.87005,
            1.20563
          ],
          [
            -1.33578,
            4.95701,
            1.20009
          ],
          [
            -2.50097,
            7.10986,
            0.85258
          ],
          [
            -3.77936,
            9.27551,
            0.76724
          ],
          [
            -4.97886,
            11.45507,
            0.78688
          ],
          [
            3.68145,
            0.74358,
            0.81074
          ],
          [
            2.39607,
            2.93761,
            0.84961
          ],
          [
            2.44043,
            5.36155,
            0.75253
          ],
          [
            0.06939,
            7.02068,
            0.82875
          ],
          [
            -1.25066,
            9.2189,
            0.76212
          ],
          [
            -2.48509,
            11.41815,
            0.76146
          ],
          [
            6.18235,
            0.67266,
            0.71179
          ],
          [
            4.88995,
            2.91273,
            0.70244
          ],
          [
            3.85146,
            5.42917,
            0.692
          ],
          [
            1.29267,
            9.06442,
            0.69217
          ],
          [
            0.04214,
            11.32789,
            0.69876
          ],
          [
            8.67665,
            0.6209,
            0.66616
          ],
          [
            7.39307,
            2.82072,
            0.66336
          ],
          [
            6.15581,
            4.98227,
            0.65787
          ],
          [
            4.55972,
            6.72524,
            0.66954
          ],
          [
            4.49864,
            9.24822,
            0.64692
          ],
          [
            2.56656,
            11.27673,
            0.64803
          ],
          [
            11.12313,
            0.68645,
            0.67813
          ],
          [
            9.85439,
            2.83504,
            0.69923
          ],
          [
            8.60222,
            5.00936,
            0.68797
          ],
          [
            7.2578,
            7.17567,
            0.68743
          ],
          [
            6.01318,
            9.42489,
            0.66112
          ],
          [
            4.99243,
            11.52169,
            0.63965
          ],
          [
            13.62436,
            0.75068,
            0.75193
          ],
          [
            12.32599,
            2.84564,
            0.86271
          ],
          [
            11.08385,
            4.99598,
            0.78727
          ],
          [
            9.82513,
            7.14836,
            0.75869
          ],
          [
            8.56128,
            9.31163,
            0.73354
          ],
          [
            7.44789,
            11.5112,
            0.73946
          ],
          [
            0.50358,
            4.70338,
            2.89321
          ],
          [
            0.24902,
            5.75312,
            3.48515
          ],
          [
            1.36457,
            3.78105,
            3.45084
          ],
          [
            1.65814,
            4.19897,
            4.2869
          ]
        ],
        "Stress": [
          [
            -31.03475,
            17.73115,
            0.01253
          ],
          [
            17.73115,
            -29.70409,
            -0.03641
          ],
          [
            0.01253,
            -0.03641,
            -1.25004
          ]
        ],
        "computation_code": "VASP",
        "pseudopotential_information": [
          [
            "PAW_PBE",
            "C",
            "08Apr2002"
          ],
          [
            "PAW_PBE",
            "O",
            "08Apr2002"
          ],
          [
            "PAW_PBE",
            "H",
            "15Jun2001"
          ]
        ]
      }
    ],
    "EnergyStyle": "electronvolt",
    "ForcesStyle": "electronvoltperangstrom",
    "LatticeStyle": "angstrom",
    "PositionsStyle": "angstrom",
    "StressStyle": "kB"
  }
}