{
  "Dataset": {
    "AtomTypeStyle": "chemicalsymbol",
    "Data": [
      {
        "AtomTypes": [
          "C",
          "C",
          "C",
          "C",
          "C",
          "C",
          "C",
          "C",
          "C",
          "C",
          "C",
          "C",
          "C",
          "C",
          "C",
          "C",
          "C",
          "C",
          "C",
          "C",
          "C",
          "C",
          "C",
          "C",
          "C",
          "C",
          "C",
          "C",
          "C",
          "C",
          "C",
          "C",
          "C",
          "C",
          "C",
          "C",
          "C",
          "C",
          "C",
          "C",
          "C",
          "C",
          "C",
          "C",
          "C",
          "C",
          "C",
          "C",
          "C",
          "C",
          "C",
          "C",
          "C",
          "C",
          "C",
          "C",
          "C",
          "C",
          "C",
          "C",
          "C",
          "C",
          "C",
          "C",
          "C",
          "C",
          "C",
          "C",
          "C",
          "C",
          "C",
          "O",
          "O",
          "O",
          "O",
          "H",
          "H"
        ],
        "Energy": -579.87065237,
        "Forces": [
          [
            -0.002004,
            -0.009548,
            0.001221
          ],
          [
            -0.005346,
            -0.008706,
            0.00127
          ],
          [
            0.000958,
            0.000287,
            -0.001016
          ],
          [
            -0.006014,
            -0.000529,
            -0.001374
          ],
          [
            0.001146,
            0.003787,
            0.000126
          ],
          [
            0.001002,
            0.001048,
            0.000957
          ],
          [
            0.007578,
            -0.005408,
            0.001827
          ],
          [
            0.007411,
            0.007946,
            0.001708
          ],
          [
            0.005386,
            0.003689,
            0.007468
          ],
          [
            0.002519,
            -0.004372,
            -0.006465
          ],
          [
            -0.00128,
            0.005871,
            0.001682
          ],
          [
            0.003477,
            0.006313,
            0.003661
          ],
          [
            -0.001975,
            -0.002884,
            0.001371
          ],
          [
            -0.002614,
            0.006337,
            0.00028
          ],
          [
            -0.003685,
            -0.003331,
            -0.001992
          ],
          [
            0.00431,
            -0.001946,
            0.001985
          ],
          [
            0.002004,
            0.003349,
            0.000176
          ],
          [
            -0.005763,
            -0.002202,
            0.000615
          ],
          [
            0.001531,
            -0.003047,
            -0.000971
          ],
          [
            -0.004488,
            0.001706,
            -0.002597
          ],
          [
            -0.003703,
            -0.002397,
            -0.004077
          ],
          [
            -0.00241,
            0.001779,
            -0.002225
          ],
          [
            0.004234,
            -0.002726,
            -0.002535
          ],
          [
            0.000606,
            0.000288,
            0.00204
          ],
          [
            -0.001505,
            0.002878,
            0.001485
          ],
          [
            0.004266,
            -0.002269,
            -0.001965
          ],
          [
            -0.00203,
            -0.007937,
            -0.000748
          ],
          [
            0.00696,
            0.007308,
            0.00533
          ],
          [
            0.003007,
            -0.013266,
            0.002972
          ],
          [
            -0.007235,
            -0.005637,
            0.004507
          ],
          [
            -0.00664,
            -0.000406,
            -0.000982
          ],
          [
            0.002891,
            -0.001088,
            -0.001415
          ],
          [
            -0.000949,
            0.005703,
            0.002441
          ],
          [
            0.01361,
            -0.003071,
            0.00261
          ],
          [
            0.000485,
            -0.006695,
            0.002636
          ],
          [
            0.002658,
            0.009592,
            -0.003594
          ],
          [
            0.005403,
            0.000778,
            -0.003555
          ],
          [
            -0.002974,
            0.002224,
            -0.000138
          ],
          [
            0.002501,
            -0.000146,
            0.000499
          ],
          [
            -0.003911,
            -0.009153,
            0.005281
          ],
          [
            0.001916,
            0.000941,
            0.001112
          ],
          [
            0.004639,
            -0.000382,
            0.005584
          ],
          [
            0.002957,
            0.005014,
            0.001405
          ],
          [
            0.004189,
            0.000783,
            -0.003349
          ],
          [
            0.004236,
            -0.004534,
            0.000153
          ],
          [
            0.007553,
            -0.007011,
            -0.000716
          ],
          [
            0.003719,
            -0.002906,
            -0.00052
          ],
          [
            -0.000552,
            0.000717,
            -0.005594
          ],
          [
            -0.000116,
            -0.003474,
            -0.00345
          ],
          [
            -0.004688,
            -0.001269,
            -0.002123
          ],
          [
            0.000296,
            -0.002711,
            -0.00077
          ],
          [
            0.005939,
            0.000106,
            0.003403
          ],
          [
            0.004992,
            0.001411,
            0.001577
          ],
          [
            -0.001224,
            0.000916,
            0.001014
          ],
          [
            0.002091,
            -0.00464,
            -0.004935
          ],
          [
            0.00295,
            0.002988,
            0.006748
          ],
          [
            -0.000525,
            -0.001607,
            0.001031
          ],
          [
            0.002488,
            0.001992,
            0.000611
          ],
          [
            0.002707,
            0.002097,
            0.000788
          ],
          [
            0.001833,
            0.001029,
            -5.5e-05
          ],
          [
            0.003219,
            0.001035,
            -0.001717
          ],
          [
            0.003604,
            0.001644,
            0.003566
          ],
          [
            -0.006322,
            0.002591,
            0.001849
          ],
          [
            -0.008662,
            -0.005324,
            0.004566
          ],
          [
            -0.007936,
            0.004363,
            0.001952
          ],
          [
            -0.002063,
            -0.00055,
            -0.000949
          ],
          [
            0.000903,
            -0.008643,
            0.000457
          ],
          [
            -0.000659,
            -0.000952,
            -0.00309
          ],
          [
            -0.010022,
            -0.003501,
            0.003875
          ],
          [
            0.000326,
            0.007622,
            -0.017421
          ],
          [
            -0.008035,
            -0.001341,
            0.003671
          ],
          [
            -0.00326,
            -0.005825,
            0.00345
          ],
          [
            -0.016247,
            -0.000527,
            -0.007885
          ],
          [
            0.009747,
            0.00627,
            -0.012101
          ],
          [
            -0.010534,
            0.001836,
            -0.008397
          ],
          [
            -0.007476,
            0.021036,
            0.00285
          ],
          [
            -0.001398,
            0.016687,
            0.004905
          ]
        ],
        "Lattice": [
          [
            14.79,
            0.0,
            0.0
          ],
          [
            -7.395,
            12.808514835,
            0.0
          ],
          [
            0.0,
            0.0,
            14.909274194
          ]
        ],
        "NumAtoms": 77,
        "Positions": [
          [
            7.41308,
            12.76345,
            0.81844
          ],
          [
            13.56642,
            2.07281,
            0.99753
          ],
          [
            12.30534,
            4.17228,
            0.83904
          ],
          [
            11.05439,
            6.3054,
            0.70414
          ],
          [
            9.77899,
            8.43856,
            0.6539
          ],
          [
            8.6141,
            10.58319,
            0.69109
          ],
          [
            -4.93066,
            12.7055,
            0.87522
          ],
          [
            1.22519,
            2.0147,
            1.38757
          ],
          [
            -0.14194,
            4.15868,
            1.66444
          ],
          [
            -1.17766,
            6.27697,
            0.87054
          ],
          [
            -2.48557,
            8.41046,
            0.68037
          ],
          [
            -3.70245,
            10.5558,
            0.6846
          ],
          [
            -2.46014,
            12.68614,
            0.72175
          ],
          [
            3.68291,
            2.00914,
            1.10542
          ],
          [
            1.59573,
            6.62678,
            0.73748
          ],
          [
            -0.00236,
            8.38217,
            0.69389
          ],
          [
            -1.206,
            10.53147,
            0.66002
          ],
          [
            0.02174,
            12.65114,
            0.66309
          ],
          [
            6.12386,
            2.03591,
            0.73232
          ],
          [
            4.82548,
            4.22526,
            0.76324
          ],
          [
            2.30362,
            7.89025,
            0.65797
          ],
          [
            1.32465,
            10.43853,
            0.63133
          ],
          [
            2.50908,
            12.63164,
            0.64571
          ],
          [
            8.61623,
            1.99613,
            0.65178
          ],
          [
            7.33972,
            4.15507,
            0.65829
          ],
          [
            5.97872,
            6.29007,
            0.63203
          ],
          [
            3.7803,
            7.89253,
            0.63208
          ],
          [
            3.88211,
            10.50613,
            0.61013
          ],
          [
            4.95321,
            12.77563,
            0.69404
          ],
          [
            11.07625,
            2.04256,
            0.73767
          ],
          [
            9.8152,
            4.1783,
            0.66731
          ],
          [
            8.51125,
            6.32184,
            0.63947
          ],
          [
            7.20805,
            8.48077,
            0.62236
          ],
          [
            6.20158,
            10.6823,
            0.62662
          ],
          [
            1.24319,
            0.64238,
            0.99383
          ],
          [
            -0.02047,
            2.74473,
            1.39323
          ],
          [
            -1.25447,
            4.85956,
            1.06568
          ],
          [
            -2.46006,
            6.99269,
            0.737
          ],
          [
            -3.74203,
            9.12907,
            0.66092
          ],
          [
            -4.93127,
            11.28169,
            0.74034
          ],
          [
            3.69781,
            0.60039,
            0.86235
          ],
          [
            2.50796,
            2.60485,
            1.68115
          ],
          [
            2.33365,
            5.39628,
            0.80193
          ],
          [
            0.08693,
            6.96784,
            0.78204
          ],
          [
            -1.23358,
            9.10732,
            0.67839
          ],
          [
            -2.45078,
            11.25886,
            0.67903
          ],
          [
            6.16816,
            0.58763,
            0.7101
          ],
          [
            4.86469,
            2.78631,
            0.86942
          ],
          [
            3.7689,
            5.36444,
            0.74273
          ],
          [
            1.29497,
            8.99987,
            0.64719
          ],
          [
            0.05746,
            11.20502,
            0.64863
          ],
          [
            8.65239,
            0.55245,
            0.65111
          ],
          [
            7.36446,
            2.7236,
            0.66665
          ],
          [
            6.09252,
            4.85676,
            0.66688
          ],
          [
            4.51323,
            6.61016,
            0.65656
          ],
          [
            4.49205,
            9.1235,
            0.60564
          ],
          [
            2.57861,
            11.15699,
            0.62439
          ],
          [
            11.09208,
            0.61602,
            0.69157
          ],
          [
            9.83267,
            2.74333,
            0.67534
          ],
          [
            8.56062,
            4.89124,
            0.64661
          ],
          [
            7.21141,
            7.0356,
            0.62339
          ],
          [
            5.99279,
            9.28557,
            0.60912
          ],
          [
            4.98758,
            11.38485,
            0.62737
          ],
          [
            13.58114,
            0.66705,
            0.82061
          ],
          [
            12.31015,
            2.75351,
            0.87086
          ],
          [
            11.05796,
            4.88265,
            0.707
          ],
          [
            9.78225,
            7.01381,
            0.65962
          ],
          [
            8.52067,
            9.15784,
            0.64609
          ],
          [
            7.42341,
            11.34662,
            0.69217
          ],
          [
            0.06759,
            4.71995,
            3.07024
          ],
          [
            2.66329,
            3.25677,
            2.99364
          ],
          [
            -0.74228,
            4.36817,
            3.91032
          ],
          [
            0.98082,
            5.68617,
            3.3059
          ],
          [
            1.80068,
            3.15807,
            3.86549
          ],
          [
            3.8785,
            3.79217,
            3.30011
          ],
          [
            0.88972,
            5.91295,
            4.25859
          ],
          [
            3.83547,
            4.01055,
            4.25553
          ]
        ],
        "Stress": [
          [
            -36.55038,
            14.61406,
            -0.06441
          ],
          [
            14.61406,
            -18.56484,
            0.11053
          ],
          [
            -0.06441,
            0.11053,
            -1.50562
          ]
        ],
        "computation_code": "VASP",
        "pseudopotential_information": [
          [
            "PAW_PBE",
            "C",
            "08Apr2002"
          ],
          [
            "PAW_PBE",
            "O",
            "08Apr2002"
          ],
          [
            "PAW_PBE",
            "H",
            "15Jun2001"
          ]
        ]
      }
    ],
    "EnergyStyle": "electronvolt",
    "ForcesStyle": "electronvoltperangstrom",
    "LatticeStyle": "angstrom",
    "PositionsStyle": "angstrom",
    "StressStyle": "kB"
  }
}