{
  "Dataset": {
    "AtomTypeStyle": "chemicalsymbol",
    "Data": [
      {
        "AtomTypes": [
          "C",
          "C",
          "C",
          "C",
          "C",
          "C",
          "C",
          "C",
          "C",
          "C",
          "C",
          "C",
          "C",
          "C",
          "C",
          "C",
          "C",
          "C",
          "C",
          "C",
          "C",
          "C",
          "C",
          "C",
          "C",
          "C",
          "C",
          "C",
          "C",
          "C",
          "C",
          "C",
          "C",
          "C",
          "C",
          "C",
          "C",
          "C",
          "C",
          "C",
          "C",
          "C",
          "C",
          "C",
          "C",
          "C",
          "C",
          "C",
          "C",
          "C",
          "C",
          "C",
          "C",
          "C",
          "C",
          "C",
          "C",
          "C",
          "C",
          "C",
          "C",
          "C",
          "C",
          "C",
          "C",
          "C",
          "C",
          "C",
          "C",
          "C",
          "C",
          "O",
          "O",
          "H"
        ],
        "Energy": -634.26396269,
        "Forces": [
          [
            0.005956,
            0.00438,
            -0.002742
          ],
          [
            -0.002859,
            0.003886,
            0.003258
          ],
          [
            -0.001503,
            -5e-06,
            0.001923
          ],
          [
            0.003818,
            -0.001821,
            0.000655
          ],
          [
            -0.001533,
            -0.005834,
            0.003026
          ],
          [
            -0.009095,
            0.001476,
            -0.004471
          ],
          [
            -0.004107,
            0.003398,
            -0.007685
          ],
          [
            -0.003215,
            0.007767,
            0.002942
          ],
          [
            0.010516,
            -0.002435,
            0.007085
          ],
          [
            -0.000322,
            -0.000633,
            0.004682
          ],
          [
            -0.003819,
            -0.004032,
            0.001429
          ],
          [
            0.003531,
            9.3e-05,
            -0.003961
          ],
          [
            0.0041,
            0.005906,
            -0.003799
          ],
          [
            0.003605,
            0.003985,
            -0.003541
          ],
          [
            0.000165,
            -0.005346,
            0.004276
          ],
          [
            0.001215,
            -0.001282,
            0.003267
          ],
          [
            0.006234,
            0.001514,
            0.006721
          ],
          [
            -0.002665,
            0.003659,
            -0.001815
          ],
          [
            0.004571,
            -0.000205,
            -0.003966
          ],
          [
            -0.011735,
            -0.000439,
            -0.007592
          ],
          [
            0.00133,
            0.003256,
            -0.005708
          ],
          [
            -0.004548,
            0.002731,
            0.004136
          ],
          [
            -0.003963,
            -0.002181,
            0.005605
          ],
          [
            0.00401,
            -0.002203,
            0.002782
          ],
          [
            -0.005612,
            -0.001373,
            -0.000219
          ],
          [
            0.002593,
            0.001445,
            -0.006788
          ],
          [
            0.007798,
            0.002657,
            -0.000307
          ],
          [
            0.002544,
            -0.006454,
            2e-05
          ],
          [
            0.007494,
            0.003829,
            0.004511
          ],
          [
            0.000883,
            0.009757,
            0.004315
          ],
          [
            0.003996,
            -0.004966,
            0.002191
          ],
          [
            0.006419,
            -0.001114,
            -0.002443
          ],
          [
            -0.002075,
            0.000214,
            -0.001281
          ],
          [
            0.003667,
            -0.003102,
            -0.004522
          ],
          [
            -0.00586,
            -0.009265,
            0.009809
          ],
          [
            0.002796,
            -0.0051,
            -0.008997
          ],
          [
            -0.000583,
            -0.007471,
            -0.000733
          ],
          [
            -0.00871,
            0.004006,
            0.007805
          ],
          [
            -0.001964,
            0.003276,
            0.000392
          ],
          [
            -0.006105,
            -0.006405,
            -0.000883
          ],
          [
            -0.001744,
            -0.000372,
            -0.006623
          ],
          [
            -0.004751,
            -0.002102,
            -0.004563
          ],
          [
            0.005853,
            -0.005379,
            -0.000347
          ],
          [
            -0.000317,
            0.005566,
            0.00389
          ],
          [
            -0.006123,
            0.004366,
            0.001794
          ],
          [
            0.000293,
            -0.000448,
            0.00306
          ],
          [
            0.004589,
            0.008017,
            -0.006873
          ],
          [
            -0.006211,
            -0.001561,
            -0.005035
          ],
          [
            -0.001295,
            0.002025,
            -0.00911
          ],
          [
            0.006791,
            0.002304,
            0.002004
          ],
          [
            -0.002393,
            0.000829,
            0.009873
          ],
          [
            0.005525,
            0.00272,
            -0.001701
          ],
          [
            -0.003703,
            -0.000186,
            -0.001955
          ],
          [
            -0.002814,
            0.002073,
            -0.007749
          ],
          [
            -0.003047,
            -0.005078,
            -0.005305
          ],
          [
            0.003291,
            0.001587,
            0.002651
          ],
          [
            0.001292,
            -0.007389,
            0.001404
          ],
          [
            1.5e-05,
            -0.002945,
            0.003818
          ],
          [
            -0.00455,
            -0.005279,
            0.00316
          ],
          [
            -0.003872,
            -0.003706,
            0.002481
          ],
          [
            0.004044,
            0.0038,
            -0.005883
          ],
          [
            0.001613,
            0.008416,
            -0.003044
          ],
          [
            0.000907,
            -0.012835,
            0.001402
          ],
          [
            0.009917,
            0.002478,
            0.006212
          ],
          [
            -0.001544,
            -0.00323,
            0.001885
          ],
          [
            0.000758,
            -0.000184,
            -0.000416
          ],
          [
            -0.004628,
            -0.007979,
            -0.003635
          ],
          [
            -0.000918,
            0.004105,
            0.003713
          ],
          [
            -0.002008,
            0.003425,
            -0.005741
          ],
          [
            0.006804,
            -0.005289,
            0.00039
          ],
          [
            0.02069,
            0.000462,
            -0.004483
          ],
          [
            -0.02098,
            0.023834,
            0.009485
          ],
          [
            0.015301,
            -0.015961,
            0.005674
          ],
          [
            -0.023755,
            0.008349,
            0.00019
          ]
        ],
        "Lattice": [
          [
            14.88,
            0.0,
            0.0
          ],
          [
            -7.44,
            12.886457116,
            0.0
          ],
          [
            0.0,
            0.0,
            15.0
          ]
        ],
        "NumAtoms": 74,
        "Positions": [
          [
            7.43618,
            12.86898,
            0.82158
          ],
          [
            13.61226,
            2.10837,
            0.98157
          ],
          [
            -2.41926,
            4.28449,
            0.83783
          ],
          [
            -3.70462,
            6.42617,
            0.70343
          ],
          [
            9.87384,
            8.57152,
            0.67826
          ],
          [
            8.68142,
            10.71969,
            0.71483
          ],
          [
            -4.96002,
            12.86233,
            0.77863
          ],
          [
            1.17438,
            2.05555,
            0.95461
          ],
          [
            0.17018,
            4.19554,
            1.33057
          ],
          [
            -1.12106,
            6.37922,
            0.74561
          ],
          [
            -2.46729,
            8.54813,
            0.68084
          ],
          [
            -3.70496,
            10.71043,
            0.70649
          ],
          [
            4.93715,
            0.01482,
            0.73667
          ],
          [
            3.60364,
            2.23878,
            0.78311
          ],
          [
            1.72364,
            4.29108,
            0.89871
          ],
          [
            1.61306,
            6.7996,
            0.7415
          ],
          [
            0.02644,
            8.54508,
            0.69897
          ],
          [
            -1.21104,
            10.7087,
            0.69859
          ],
          [
            0.01176,
            12.84775,
            0.71867
          ],
          [
            6.14161,
            2.17388,
            0.7334
          ],
          [
            4.88492,
            4.39088,
            0.72121
          ],
          [
            2.33575,
            8.05073,
            0.69872
          ],
          [
            1.33276,
            10.61726,
            0.68898
          ],
          [
            2.51814,
            12.80672,
            0.73087
          ],
          [
            8.66648,
            2.11767,
            0.73909
          ],
          [
            7.41728,
            4.28957,
            0.71479
          ],
          [
            6.05901,
            6.43662,
            0.67693
          ],
          [
            3.81719,
            8.04025,
            0.67521
          ],
          [
            3.89944,
            10.64918,
            0.68007
          ],
          [
            12.39997,
            0.02051,
            0.76856
          ],
          [
            11.14481,
            2.14841,
            0.8227
          ],
          [
            9.91684,
            4.2964,
            0.74225
          ],
          [
            8.60464,
            6.45408,
            0.68964
          ],
          [
            7.28208,
            8.61866,
            0.66986
          ],
          [
            6.23491,
            10.80279,
            0.69236
          ],
          [
            1.22954,
            0.6593,
            0.85064
          ],
          [
            -0.03865,
            2.73795,
            1.1045
          ],
          [
            -1.14048,
            4.97141,
            0.86458
          ],
          [
            -2.42775,
            7.11302,
            0.69355
          ],
          [
            -3.73147,
            9.26983,
            0.68359
          ],
          [
            -4.94581,
            11.42783,
            0.73176
          ],
          [
            3.67807,
            0.76048,
            0.77048
          ],
          [
            2.29839,
            2.9282,
            0.86642
          ],
          [
            2.38831,
            5.52388,
            0.76905
          ],
          [
            0.13992,
            7.11879,
            0.73609
          ],
          [
            -1.22088,
            9.27131,
            0.68953
          ],
          [
            -2.47028,
            11.44757,
            0.71413
          ],
          [
            6.18459,
            0.7202,
            0.73067
          ],
          [
            4.86079,
            2.9505,
            0.74278
          ],
          [
            3.86395,
            5.52461,
            0.7037
          ],
          [
            1.31808,
            9.17011,
            0.68675
          ],
          [
            0.05695,
            11.38906,
            0.70201
          ],
          [
            8.69451,
            0.66544,
            0.73069
          ],
          [
            7.40791,
            2.85319,
            0.72802
          ],
          [
            6.1705,
            5.01001,
            0.70118
          ],
          [
            4.57577,
            6.76114,
            0.67341
          ],
          [
            4.52467,
            9.26451,
            0.66357
          ],
          [
            2.59071,
            11.32835,
            0.69587
          ],
          [
            11.15249,
            0.70421,
            0.78097
          ],
          [
            9.8966,
            2.86119,
            0.76449
          ],
          [
            8.65195,
            5.01698,
            0.71254
          ],
          [
            7.29882,
            7.17335,
            0.67497
          ],
          [
            6.03548,
            9.41213,
            0.66555
          ],
          [
            5.00554,
            11.51456,
            0.70227
          ],
          [
            13.63963,
            0.69956,
            0.84973
          ],
          [
            12.38056,
            2.84906,
            0.91062
          ],
          [
            11.18592,
            4.99735,
            0.74619
          ],
          [
            9.88513,
            7.14423,
            0.68499
          ],
          [
            8.59637,
            9.29052,
            0.68194
          ],
          [
            7.46474,
            11.45547,
            0.73649
          ],
          [
            0.14743,
            4.37776,
            2.92655
          ],
          [
            -0.82953,
            4.73083,
            3.56224
          ],
          [
            1.33069,
            4.03552,
            3.51831
          ],
          [
            1.18353,
            4.11802,
            4.48442
          ]
        ],
        "Stress": [
          [
            -37.74912,
            21.52504,
            -0.03474
          ],
          [
            21.52504,
            -13.75428,
            0.03159
          ],
          [
            -0.03474,
            0.03159,
            -1.26903
          ]
        ],
        "computation_code": "VASP",
        "pseudopotential_information": [
          [
            "PAW_PBE",
            "C",
            "08Apr2002"
          ],
          [
            "PAW_PBE",
            "O",
            "08Apr2002"
          ],
          [
            "PAW_PBE",
            "H",
            "15Jun2001"
          ]
        ]
      }
    ],
    "EnergyStyle": "electronvolt",
    "ForcesStyle": "electronvoltperangstrom",
    "LatticeStyle": "angstrom",
    "PositionsStyle": "angstrom",
    "StressStyle": "kB"
  }
}