{
  "Dataset": {
    "AtomTypeStyle": "chemicalsymbol",
    "Data": [
      {
        "AtomTypes": [
          "C",
          "C",
          "C",
          "C",
          "C",
          "C",
          "C",
          "C",
          "C",
          "C",
          "C",
          "C",
          "C",
          "C",
          "C",
          "C",
          "C",
          "C",
          "C",
          "C",
          "C",
          "C",
          "C",
          "C",
          "C",
          "C",
          "C",
          "C",
          "C",
          "C",
          "C",
          "C",
          "C",
          "C",
          "C",
          "C",
          "C",
          "C",
          "C",
          "C",
          "C",
          "C",
          "C",
          "C",
          "C",
          "C",
          "C",
          "C",
          "C",
          "C",
          "C",
          "C",
          "C",
          "C",
          "C",
          "C",
          "C",
          "C",
          "C",
          "C",
          "C",
          "C",
          "C",
          "C",
          "C",
          "C",
          "C",
          "C",
          "C",
          "C",
          "C",
          "O",
          "O",
          "H"
        ],
        "Energy": -634.54037555,
        "Forces": [
          [
            0.039413,
            -0.027315,
            -0.016869
          ],
          [
            0.052925,
            -0.109207,
            0.036629
          ],
          [
            -0.005703,
            -0.001522,
            0.01243
          ],
          [
            0.018252,
            0.015754,
            0.018317
          ],
          [
            -0.037489,
            0.000597,
            0.005461
          ],
          [
            0.029532,
            0.062641,
            -0.032069
          ],
          [
            0.000348,
            -0.046064,
            0.009599
          ],
          [
            -0.049182,
            -0.073179,
            -0.012908
          ],
          [
            -0.014382,
            -0.043719,
            -0.026389
          ],
          [
            -0.024224,
            -0.002399,
            -0.005451
          ],
          [
            -0.016625,
            -0.02687,
            0.0173
          ],
          [
            -0.052274,
            0.008214,
            -0.009485
          ],
          [
            -0.011471,
            -0.038048,
            -0.017067
          ],
          [
            -0.01714,
            -0.011031,
            0.008622
          ],
          [
            -0.020583,
            0.002156,
            -0.025101
          ],
          [
            0.005889,
            0.050565,
            0.007947
          ],
          [
            -0.019565,
            0.037966,
            0.016405
          ],
          [
            0.003483,
            0.006608,
            0.005294
          ],
          [
            0.007757,
            -0.017816,
            0.00192
          ],
          [
            0.039336,
            0.036666,
            0.009575
          ],
          [
            -0.057612,
            0.003866,
            0.014907
          ],
          [
            -0.018306,
            -0.032699,
            0.002628
          ],
          [
            -0.003155,
            0.033693,
            0.025557
          ],
          [
            -0.050106,
            -0.005398,
            -0.010139
          ],
          [
            0.018601,
            -0.007408,
            -0.011663
          ],
          [
            -0.025466,
            -0.011344,
            -0.0048
          ],
          [
            -0.027068,
            -0.002263,
            -0.002437
          ],
          [
            0.016299,
            0.024201,
            0.003189
          ],
          [
            0.017076,
            0.032748,
            -0.038036
          ],
          [
            0.070755,
            0.067757,
            -0.032502
          ],
          [
            0.042278,
            -0.014296,
            -0.008506
          ],
          [
            0.036519,
            0.016722,
            0.019214
          ],
          [
            0.031861,
            -0.002325,
            -0.020316
          ],
          [
            0.033101,
            0.019508,
            0.007457
          ],
          [
            0.081315,
            0.055185,
            -0.034478
          ],
          [
            -0.023031,
            0.077645,
            -0.002691
          ],
          [
            0.067517,
            0.074885,
            0.015197
          ],
          [
            0.007379,
            8.2e-05,
            0.027534
          ],
          [
            0.01238,
            0.064697,
            0.000631
          ],
          [
            -0.020918,
            0.001118,
            -0.005307
          ],
          [
            -0.000718,
            -0.002615,
            0.006348
          ],
          [
            0.039613,
            0.036648,
            -0.001724
          ],
          [
            0.027702,
            0.032107,
            0.013289
          ],
          [
            -0.041201,
            -0.07926,
            0.039905
          ],
          [
            0.034397,
            -0.05313,
            0.011023
          ],
          [
            0.009601,
            -0.036988,
            0.002571
          ],
          [
            0.017649,
            0.040704,
            0.028129
          ],
          [
            -0.010413,
            0.025169,
            0.021439
          ],
          [
            0.006944,
            -0.010244,
            -0.012575
          ],
          [
            0.01971,
            0.016777,
            0.001412
          ],
          [
            0.008157,
            -0.034272,
            0.006399
          ],
          [
            -0.000335,
            0.013485,
            -0.007345
          ],
          [
            -0.000204,
            -0.038361,
            -0.001746
          ],
          [
            -0.031919,
            -0.018868,
            0.005382
          ],
          [
            0.042088,
            0.006922,
            0.009933
          ],
          [
            -0.036903,
            -0.04756,
            0.004498
          ],
          [
            -0.001274,
            0.014485,
            0.028171
          ],
          [
            0.011361,
            0.026719,
            -0.020743
          ],
          [
            -0.01842,
            0.031918,
            -0.000433
          ],
          [
            0.006485,
            -0.025953,
            -0.001535
          ],
          [
            0.010484,
            0.001818,
            0.011472
          ],
          [
            0.034157,
            0.023361,
            0.01699
          ],
          [
            0.007084,
            -0.016883,
            -0.048058
          ],
          [
            -0.073501,
            -0.079968,
            -0.012445
          ],
          [
            -0.095348,
            0.024096,
            -0.038721
          ],
          [
            -0.050066,
            0.055487,
            -0.02269
          ],
          [
            -0.038416,
            -0.007358,
            -0.022657
          ],
          [
            -0.011788,
            -0.005709,
            0.005665
          ],
          [
            -0.000181,
            -0.076969,
            -0.013207
          ],
          [
            -0.062007,
            -0.053421,
            -0.000884
          ],
          [
            0.042554,
            0.043553,
            -0.023047
          ],
          [
            -0.013951,
            -0.023405,
            0.031848
          ],
          [
            0.009567,
            -0.007476,
            -0.005507
          ],
          [
            0.02137,
            0.004823,
            0.039244
          ]
        ],
        "Lattice": [
          [
            14.88,
            0.0,
            0.0
          ],
          [
            -7.44,
            12.886457116,
            0.0
          ],
          [
            0.0,
            0.0,
            15.0
          ]
        ],
        "NumAtoms": 74,
        "Positions": [
          [
            7.43669,
            12.88047,
            0.64744
          ],
          [
            13.59786,
            2.12537,
            0.63939
          ],
          [
            -2.42588,
            4.28195,
            0.75158
          ],
          [
            -3.71043,
            6.42958,
            0.7701
          ],
          [
            9.87335,
            8.57789,
            0.75203
          ],
          [
            8.68271,
            10.7257,
            0.72166
          ],
          [
            -4.95983,
            12.86778,
            0.7328
          ],
          [
            1.19386,
            2.07011,
            0.73304
          ],
          [
            0.10328,
            4.15951,
            0.86089
          ],
          [
            -1.11766,
            6.39948,
            0.82192
          ],
          [
            -2.46423,
            8.55174,
            0.77041
          ],
          [
            -3.70596,
            10.70997,
            0.75251
          ],
          [
            4.93998,
            0.01316,
            0.78321
          ],
          [
            3.60534,
            2.22687,
            0.87453
          ],
          [
            1.64978,
            4.3181,
            1.26618
          ],
          [
            1.62077,
            6.80517,
            0.76835
          ],
          [
            0.02335,
            8.55357,
            0.76035
          ],
          [
            -1.21294,
            10.71566,
            0.75482
          ],
          [
            0.00487,
            12.85153,
            0.76736
          ],
          [
            6.13067,
            2.17988,
            0.80253
          ],
          [
            4.86678,
            4.39278,
            0.79069
          ],
          [
            2.33913,
            8.0711,
            0.71377
          ],
          [
            1.33129,
            10.62564,
            0.73446
          ],
          [
            2.51009,
            12.81267,
            0.73512
          ],
          [
            8.65402,
            2.12245,
            0.75324
          ],
          [
            7.40056,
            4.2974,
            0.75238
          ],
          [
            6.0437,
            6.44829,
            0.71732
          ],
          [
            3.81737,
            8.04784,
            0.71053
          ],
          [
            3.90156,
            10.65467,
            0.73237
          ],
          [
            12.39879,
            0.0308,
            0.68713
          ],
          [
            11.12583,
            2.14752,
            0.70905
          ],
          [
            9.90616,
            4.30467,
            0.7384
          ],
          [
            8.59862,
            6.46136,
            0.74032
          ],
          [
            7.27851,
            8.62262,
            0.73098
          ],
          [
            6.23283,
            10.81473,
            0.71905
          ],
          [
            1.23738,
            0.66795,
            0.67095
          ],
          [
            -0.04831,
            2.78843,
            0.70156
          ],
          [
            -1.11545,
            4.95272,
            0.82637
          ],
          [
            -2.42034,
            7.11611,
            0.78978
          ],
          [
            -3.73089,
            9.27271,
            0.75814
          ],
          [
            -4.94604,
            11.4261,
            0.73229
          ],
          [
            3.67862,
            0.75603,
            0.79588
          ],
          [
            2.3042,
            2.8829,
            0.91274
          ],
          [
            2.38966,
            5.57644,
            0.84165
          ],
          [
            0.12721,
            7.12933,
            0.79949
          ],
          [
            -1.22095,
            9.27572,
            0.76124
          ],
          [
            -2.46787,
            11.4484,
            0.75932
          ],
          [
            6.18191,
            0.71892,
            0.79033
          ],
          [
            4.85898,
            2.94978,
            0.8395
          ],
          [
            3.84051,
            5.52383,
            0.75679
          ],
          [
            1.32075,
            9.17617,
            0.72695
          ],
          [
            0.05363,
            11.39534,
            0.75253
          ],
          [
            8.6909,
            0.67045,
            0.75413
          ],
          [
            7.39662,
            2.85898,
            0.76971
          ],
          [
            6.15257,
            5.01366,
            0.74864
          ],
          [
            4.57627,
            6.77717,
            0.70596
          ],
          [
            4.52925,
            9.27713,
            0.72583
          ],
          [
            2.58648,
            11.33226,
            0.73504
          ],
          [
            11.14612,
            0.71376,
            0.7074
          ],
          [
            9.88645,
            2.86295,
            0.73414
          ],
          [
            8.64362,
            5.02485,
            0.74043
          ],
          [
            7.293,
            7.18274,
            0.72596
          ],
          [
            6.03298,
            9.42274,
            0.73217
          ],
          [
            5.00816,
            11.52449,
            0.71738
          ],
          [
            13.63461,
            0.71226,
            0.64041
          ],
          [
            12.38156,
            2.85594,
            0.69662
          ],
          [
            11.18,
            5.00135,
            0.7534
          ],
          [
            9.88474,
            7.1466,
            0.75472
          ],
          [
            8.59882,
            9.29663,
            0.73817
          ],
          [
            7.46522,
            11.47072,
            0.69317
          ],
          [
            1.61207,
            4.31613,
            2.8579
          ],
          [
            0.60222,
            4.24983,
            3.53705
          ],
          [
            2.86492,
            4.39825,
            3.39451
          ],
          [
            2.73826,
            4.38892,
            4.36613
          ]
        ],
        "Stress": [
          [
            -38.57595,
            22.82765,
            0.07425
          ],
          [
            22.82765,
            -12.12065,
            0.0126
          ],
          [
            0.07425,
            0.0126,
            -1.19769
          ]
        ],
        "computation_code": "VASP",
        "pseudopotential_information": [
          [
            "PAW_PBE",
            "C",
            "08Apr2002"
          ],
          [
            "PAW_PBE",
            "O",
            "08Apr2002"
          ],
          [
            "PAW_PBE",
            "H",
            "15Jun2001"
          ]
        ]
      }
    ],
    "EnergyStyle": "electronvolt",
    "ForcesStyle": "electronvoltperangstrom",
    "LatticeStyle": "angstrom",
    "PositionsStyle": "angstrom",
    "StressStyle": "kB"
  }
}