{
  "Dataset": {
    "AtomTypeStyle": "chemicalsymbol",
    "Data": [
      {
        "AtomTypes": [
          "C",
          "C",
          "C",
          "C",
          "C",
          "C",
          "C",
          "C",
          "C",
          "C",
          "C",
          "C",
          "C",
          "C",
          "C",
          "C",
          "C",
          "C",
          "C",
          "C",
          "C",
          "C",
          "C",
          "C",
          "C",
          "C",
          "C",
          "C",
          "C",
          "C",
          "C",
          "C",
          "C",
          "C",
          "C",
          "C",
          "C",
          "C",
          "C",
          "C",
          "C",
          "C",
          "C",
          "C",
          "C",
          "C",
          "C",
          "C",
          "C",
          "C",
          "C",
          "C",
          "C",
          "C",
          "C",
          "C",
          "C",
          "C",
          "C",
          "C",
          "C",
          "C",
          "C",
          "C",
          "C",
          "C",
          "C",
          "C",
          "C",
          "C",
          "C",
          "O",
          "O",
          "O",
          "O",
          "H",
          "H"
        ],
        "Energy": -579.87037284,
        "Forces": [
          [
            -0.00145,
            -0.005353,
            0.006601
          ],
          [
            -0.004644,
            0.003967,
            0.003218
          ],
          [
            -0.003377,
            0.004965,
            -0.000324
          ],
          [
            -0.002219,
            0.000425,
            0.00285
          ],
          [
            -0.000455,
            -0.006071,
            -0.002528
          ],
          [
            -0.004451,
            0.003372,
            0.00373
          ],
          [
            0.005437,
            -0.01098,
            0.003661
          ],
          [
            0.003594,
            -0.004367,
            -0.004982
          ],
          [
            -0.001705,
            0.00363,
            -0.00297
          ],
          [
            -0.001933,
            0.003716,
            -0.00907
          ],
          [
            0.006743,
            -0.002035,
            0.002771
          ],
          [
            -0.000254,
            -0.004201,
            0.002359
          ],
          [
            0.012024,
            -0.001786,
            0.000648
          ],
          [
            0.00128,
            -0.001514,
            -0.004149
          ],
          [
            4.5e-05,
            0.002441,
            -0.004465
          ],
          [
            -0.005079,
            0.006846,
            0.001583
          ],
          [
            0.004098,
            -0.008374,
            -0.002496
          ],
          [
            0.004789,
            -0.001712,
            0.002652
          ],
          [
            -0.001144,
            -0.001659,
            -0.003982
          ],
          [
            -0.000387,
            0.002971,
            -0.003631
          ],
          [
            -0.002126,
            -0.004084,
            -0.006536
          ],
          [
            0.000559,
            -0.006626,
            -0.001646
          ],
          [
            0.003359,
            -0.000432,
            -0.001761
          ],
          [
            0.00131,
            0.002525,
            0.005123
          ],
          [
            0.002038,
            0.000165,
            0.002988
          ],
          [
            0.005617,
            0.005335,
            -0.000649
          ],
          [
            0.003475,
            0.003879,
            -0.000722
          ],
          [
            -0.006817,
            -0.004217,
            0.005344
          ],
          [
            -0.003092,
            0.001024,
            0.001947
          ],
          [
            0.002438,
            0.006723,
            0.003407
          ],
          [
            0.000285,
            -0.001055,
            -0.004354
          ],
          [
            0.00374,
            -0.0021,
            2.4e-05
          ],
          [
            0.000656,
            -0.008099,
            -0.002948
          ],
          [
            -0.011979,
            -0.001779,
            -0.000231
          ],
          [
            0.002775,
            -0.000285,
            0.002979
          ],
          [
            0.003256,
            0.004215,
            -0.005282
          ],
          [
            -0.000617,
            -0.003535,
            -0.010573
          ],
          [
            -0.002642,
            -0.004349,
            -0.000912
          ],
          [
            0.003237,
            0.004978,
            0.001715
          ],
          [
            0.010615,
            -0.000981,
            0.004923
          ],
          [
            0.005123,
            0.003168,
            0.000854
          ],
          [
            -0.000847,
            -0.000868,
            0.005648
          ],
          [
            0.000972,
            0.003402,
            0.006276
          ],
          [
            0.001603,
            -0.004746,
            -0.000963
          ],
          [
            -0.001158,
            0.003061,
            0.0018
          ],
          [
            0.001053,
            0.001209,
            0.000949
          ],
          [
            -0.003163,
            -0.003798,
            0.001643
          ],
          [
            -0.001914,
            -0.00031,
            -0.005917
          ],
          [
            0.00227,
            0.002353,
            -0.006816
          ],
          [
            0.006639,
            0.004655,
            -0.001073
          ],
          [
            0.000828,
            -0.001041,
            -0.002235
          ],
          [
            -0.004342,
            -0.00411,
            0.001888
          ],
          [
            -0.000479,
            0.003922,
            0.001904
          ],
          [
            0.004828,
            0.000261,
            0.002044
          ],
          [
            -0.001138,
            -0.00337,
            -0.00704
          ],
          [
            -0.001815,
            -0.012159,
            0.012099
          ],
          [
            -0.001898,
            -0.004722,
            -0.002012
          ],
          [
            0.003926,
            -0.002191,
            0.000176
          ],
          [
            -0.004332,
            -0.000759,
            0.00071
          ],
          [
            6.4e-05,
            0.000286,
            -0.00106
          ],
          [
            7e-06,
            -0.000934,
            -0.001926
          ],
          [
            0.003889,
            -0.003581,
            0.006935
          ],
          [
            0.011742,
            -0.005147,
            0.001722
          ],
          [
            -0.005041,
            -0.008449,
            0.0059
          ],
          [
            -0.007216,
            -0.003743,
            0.006591
          ],
          [
            -0.008298,
            0.00609,
            -0.000873
          ],
          [
            -0.000567,
            0.004542,
            -0.000298
          ],
          [
            0.003159,
            0.00638,
            -0.00047
          ],
          [
            -0.000154,
            -0.006428,
            -0.000696
          ],
          [
            -0.014354,
            -0.010252,
            -0.001729
          ],
          [
            -0.00479,
            -0.00225,
            -0.008981
          ],
          [
            0.005513,
            6.5e-05,
            -0.00507
          ],
          [
            -0.009042,
            0.013145,
            0.005672
          ],
          [
            -0.001398,
            0.004945,
            0.00129
          ],
          [
            -0.003032,
            0.008913,
            0.007974
          ],
          [
            -0.004855,
            0.021192,
            -0.005206
          ],
          [
            0.001218,
            0.015689,
            -0.004022
          ]
        ],
        "Lattice": [
          [
            14.79,
            0.0,
            0.0
          ],
          [
            -7.395,
            12.808514835,
            0.0
          ],
          [
            0.0,
            0.0,
            14.909274194
          ]
        ],
        "NumAtoms": 77,
        "Positions": [
          [
            7.41307,
            12.76357,
            0.81799
          ],
          [
            13.56646,
            2.07262,
            0.99733
          ],
          [
            12.3057,
            4.1721,
            0.83906
          ],
          [
            11.05447,
            6.30523,
            0.70393
          ],
          [
            9.77896,
            8.43856,
            0.65407
          ],
          [
            8.61405,
            10.58308,
            0.69086
          ],
          [
            -4.93094,
            12.70569,
            0.87493
          ],
          [
            1.22522,
            2.01503,
            1.38789
          ],
          [
            -0.14173,
            4.15866,
            1.66499
          ],
          [
            -1.17751,
            6.27689,
            0.871
          ],
          [
            -2.48575,
            8.4107,
            0.68022
          ],
          [
            -3.7026,
            10.55606,
            0.68451
          ],
          [
            -2.46059,
            12.6862,
            0.72172
          ],
          [
            3.68281,
            2.00932,
            1.10566
          ],
          [
            1.59567,
            6.62662,
            0.73774
          ],
          [
            -0.00228,
            8.38196,
            0.69382
          ],
          [
            -1.20605,
            10.53164,
            0.66019
          ],
          [
            0.02151,
            12.65129,
            0.66292
          ],
          [
            6.12399,
            2.03588,
            0.73257
          ],
          [
            4.82527,
            4.22514,
            0.76344
          ],
          [
            2.30354,
            7.89026,
            0.65835
          ],
          [
            1.32452,
            10.43879,
            0.6314
          ],
          [
            2.50909,
            12.63164,
            0.64578
          ],
          [
            8.61635,
            1.99612,
            0.65147
          ],
          [
            7.33959,
            4.15509,
            0.65811
          ],
          [
            5.97864,
            6.2899,
            0.63204
          ],
          [
            3.78024,
            7.89252,
            0.63211
          ],
          [
            3.88238,
            10.50662,
            0.60985
          ],
          [
            4.95329,
            12.77555,
            0.69397
          ],
          [
            11.07615,
            2.04234,
            0.73754
          ],
          [
            9.81519,
            4.1783,
            0.66758
          ],
          [
            8.51116,
            6.32188,
            0.63944
          ],
          [
            7.20787,
            8.48111,
            0.6226
          ],
          [
            6.20197,
            10.68258,
            0.62667
          ],
          [
            1.24302,
            0.64258,
            0.99375
          ],
          [
            -0.02051,
            2.74481,
            1.39357
          ],
          [
            -1.25419,
            4.8596,
            1.06638
          ],
          [
            -2.46006,
            6.99287,
            0.73707
          ],
          [
            -3.7422,
            9.12918,
            0.66081
          ],
          [
            -4.93168,
            11.28167,
            0.74011
          ],
          [
            3.69748,
            0.60048,
            0.86234
          ],
          [
            2.50804,
            2.60508,
            1.68117
          ],
          [
            2.33364,
            5.39618,
            0.80152
          ],
          [
            0.08705,
            6.96776,
            0.78208
          ],
          [
            -1.23349,
            9.10726,
            0.67826
          ],
          [
            -2.45085,
            11.25884,
            0.67894
          ],
          [
            6.16803,
            0.58767,
            0.70999
          ],
          [
            4.86476,
            2.78629,
            0.86974
          ],
          [
            3.76879,
            5.36424,
            0.74312
          ],
          [
            1.29468,
            8.99986,
            0.64721
          ],
          [
            0.05736,
            11.20519,
            0.64876
          ],
          [
            8.6525,
            0.55255,
            0.65105
          ],
          [
            7.36462,
            2.72355,
            0.66655
          ],
          [
            6.09228,
            4.85666,
            0.66676
          ],
          [
            4.51321,
            6.61008,
            0.65696
          ],
          [
            4.49211,
            9.124,
            0.60496
          ],
          [
            2.57863,
            11.15718,
            0.62454
          ],
          [
            11.09209,
            0.616,
            0.69156
          ],
          [
            9.83282,
            2.74337,
            0.67529
          ],
          [
            8.56055,
            4.89127,
            0.64669
          ],
          [
            7.21132,
            7.03576,
            0.62349
          ],
          [
            5.99281,
            9.28603,
            0.60871
          ],
          [
            4.98758,
            11.38513,
            0.62729
          ],
          [
            13.58113,
            0.66708,
            0.82022
          ],
          [
            12.31025,
            2.75346,
            0.87041
          ],
          [
            11.05826,
            4.88239,
            0.70704
          ],
          [
            9.78231,
            7.01353,
            0.65965
          ],
          [
            8.52052,
            9.15769,
            0.64606
          ],
          [
            7.42344,
            11.3468,
            0.69228
          ],
          [
            0.06784,
            4.7202,
            3.07005
          ],
          [
            2.66341,
            3.25665,
            2.99371
          ],
          [
            -0.7422,
            4.36833,
            3.91032
          ],
          [
            0.98125,
            5.68547,
            3.30579
          ],
          [
            1.80094,
            3.15788,
            3.86536
          ],
          [
            3.87849,
            3.7917,
            3.29989
          ],
          [
            0.88999,
            5.91185,
            4.25877
          ],
          [
            3.83545,
            4.00973,
            4.25562
          ]
        ],
        "Stress": [
          [
            -36.54332,
            14.61955,
            -0.05858
          ],
          [
            14.61955,
            -18.56593,
            0.11844
          ],
          [
            -0.05858,
            0.11844,
            -1.49285
          ]
        ],
        "computation_code": "VASP",
        "pseudopotential_information": [
          [
            "PAW_PBE",
            "C",
            "08Apr2002"
          ],
          [
            "PAW_PBE",
            "O",
            "08Apr2002"
          ],
          [
            "PAW_PBE",
            "H",
            "15Jun2001"
          ]
        ]
      }
    ],
    "EnergyStyle": "electronvolt",
    "ForcesStyle": "electronvoltperangstrom",
    "LatticeStyle": "angstrom",
    "PositionsStyle": "angstrom",
    "StressStyle": "kB"
  }
}