{
  "Dataset": {
    "AtomTypeStyle": "chemicalsymbol",
    "Data": [
      {
        "AtomTypes": [
          "C",
          "C",
          "C",
          "C",
          "C",
          "C",
          "C",
          "C",
          "C",
          "C",
          "C",
          "C",
          "C",
          "C",
          "C",
          "C",
          "C",
          "C",
          "C",
          "C",
          "C",
          "C",
          "C",
          "C",
          "C",
          "C",
          "C",
          "C",
          "C",
          "C",
          "C",
          "C",
          "C",
          "C",
          "C",
          "C",
          "C",
          "C",
          "C",
          "C",
          "C",
          "C",
          "C",
          "C",
          "C",
          "C",
          "C",
          "C",
          "C",
          "C",
          "C",
          "C",
          "C",
          "C",
          "C",
          "C",
          "C",
          "C",
          "C",
          "C",
          "C",
          "C",
          "C",
          "C",
          "C",
          "C",
          "C",
          "C",
          "C",
          "C",
          "C",
          "O",
          "O",
          "O",
          "O",
          "H",
          "H"
        ],
        "Energy": -579.87033334,
        "Forces": [
          [
            -0.000805,
            -0.003333,
            0.00785
          ],
          [
            -0.002702,
            0.004334,
            0.003623
          ],
          [
            -0.005576,
            0.004369,
            -0.000384
          ],
          [
            -0.001582,
            0.001881,
            0.003629
          ],
          [
            0.000145,
            -0.003341,
            -0.003053
          ],
          [
            -0.001994,
            0.00266,
            0.004236
          ],
          [
            0.005232,
            -0.00705,
            0.004738
          ],
          [
            0.001403,
            -0.005912,
            -0.005917
          ],
          [
            -0.003163,
            0.001885,
            -0.007424
          ],
          [
            -0.002617,
            0.002869,
            -0.009027
          ],
          [
            0.005273,
            -0.003884,
            0.00292
          ],
          [
            0.001286,
            -0.005274,
            0.001988
          ],
          [
            0.010711,
            -0.001348,
            0.000583
          ],
          [
            0.001626,
            -0.002762,
            -0.004403
          ],
          [
            0.000811,
            0.002913,
            -0.004821
          ],
          [
            -0.003571,
            0.005492,
            0.001458
          ],
          [
            0.002518,
            -0.006244,
            -0.003038
          ],
          [
            0.005146,
            -0.002241,
            0.003053
          ],
          [
            -0.001792,
            -0.000403,
            -0.00453
          ],
          [
            0.002123,
            0.002565,
            -0.003786
          ],
          [
            -6.9e-05,
            -0.002059,
            -0.007077
          ],
          [
            0.001711,
            -0.0059,
            -0.001483
          ],
          [
            0.001429,
            -9.7e-05,
            -0.00145
          ],
          [
            -0.000495,
            0.001322,
            0.005683
          ],
          [
            0.002449,
            -0.000155,
            0.003262
          ],
          [
            0.00348,
            0.004446,
            -0.000336
          ],
          [
            0.002408,
            0.002251,
            -0.000571
          ],
          [
            -0.00645,
            -0.007371,
            0.005276
          ],
          [
            -0.002814,
            0.00223,
            0.001605
          ],
          [
            0.002466,
            0.005895,
            0.002881
          ],
          [
            0.000657,
            -0.000557,
            -0.004898
          ],
          [
            0.002681,
            -0.001506,
            0.000236
          ],
          [
            0.002206,
            -0.007783,
            -0.004041
          ],
          [
            -0.01135,
            -0.003728,
            -0.00068
          ],
          [
            0.003088,
            -0.002058,
            0.002266
          ],
          [
            0.001792,
            0.001029,
            -0.006122
          ],
          [
            -0.003133,
            -0.002298,
            -0.012243
          ],
          [
            -0.001209,
            -0.003969,
            -0.001163
          ],
          [
            0.003122,
            0.001593,
            0.002012
          ],
          [
            0.009602,
            0.000144,
            0.004669
          ],
          [
            0.005879,
            0.000474,
            0.000496
          ],
          [
            -0.001689,
            -0.002654,
            0.00246
          ],
          [
            0.000426,
            0.002467,
            0.007283
          ],
          [
            -0.00057,
            -0.001576,
            -0.000809
          ],
          [
            -0.0016,
            0.002422,
            0.002219
          ],
          [
            0.000801,
            0.001213,
            0.001351
          ],
          [
            -0.000492,
            -0.002206,
            0.001966
          ],
          [
            -0.001505,
            7.8e-05,
            -0.006047
          ],
          [
            0.00236,
            0.003297,
            -0.007368
          ],
          [
            0.006412,
            0.00244,
            -0.000697
          ],
          [
            0.001395,
            -0.001998,
            -0.002494
          ],
          [
            -0.003675,
            -0.003138,
            0.001464
          ],
          [
            -0.002199,
            0.002374,
            0.001991
          ],
          [
            0.004818,
            0.001121,
            0.002169
          ],
          [
            -0.00042,
            -0.0007,
            -0.007476
          ],
          [
            -0.001483,
            -0.01125,
            0.012864
          ],
          [
            -0.001087,
            -0.004339,
            -0.002612
          ],
          [
            0.001857,
            -0.001258,
            0.000158
          ],
          [
            -0.003995,
            -0.00088,
            0.000796
          ],
          [
            0.000491,
            -0.000223,
            -0.001263
          ],
          [
            0.00082,
            -0.002049,
            -0.00188
          ],
          [
            0.001636,
            -0.006445,
            0.007559
          ],
          [
            0.006554,
            -0.006103,
            0.001655
          ],
          [
            -0.001743,
            -0.004446,
            0.006782
          ],
          [
            -0.004244,
            -0.001678,
            0.007869
          ],
          [
            -0.007189,
            0.005643,
            -0.000811
          ],
          [
            -0.000963,
            0.005708,
            -0.000459
          ],
          [
            0.003144,
            0.004905,
            0.000109
          ],
          [
            0.000584,
            -0.004886,
            -0.001543
          ],
          [
            -0.001138,
            -0.003818,
            -0.007752
          ],
          [
            0.000856,
            0.00053,
            -0.009562
          ],
          [
            -0.00622,
            -0.005171,
            0.006257
          ],
          [
            -0.009146,
            0.013406,
            0.00504
          ],
          [
            -0.007571,
            0.003792,
            0.006367
          ],
          [
            -0.001473,
            0.009196,
            0.007035
          ],
          [
            -0.00468,
            0.021357,
            -0.005091
          ],
          [
            0.001006,
            0.015789,
            -0.003543
          ]
        ],
        "Lattice": [
          [
            14.79,
            0.0,
            0.0
          ],
          [
            -7.395,
            12.808514835,
            0.0
          ],
          [
            0.0,
            0.0,
            14.909274194
          ]
        ],
        "NumAtoms": 77,
        "Positions": [
          [
            7.41306,
            12.76355,
            0.81791
          ],
          [
            13.56644,
            2.07259,
            0.9973
          ],
          [
            12.30578,
            4.17209,
            0.83906
          ],
          [
            11.05448,
            6.30518,
            0.70389
          ],
          [
            9.77894,
            8.43851,
            0.6541
          ],
          [
            8.614,
            10.58308,
            0.69082
          ],
          [
            -4.93097,
            12.70564,
            0.87487
          ],
          [
            1.22526,
            2.01509,
            1.38795
          ],
          [
            -0.14168,
            4.15868,
            1.66514
          ],
          [
            -1.17748,
            6.2769,
            0.87105
          ],
          [
            -2.48574,
            8.41076,
            0.6802
          ],
          [
            -3.70264,
            10.55611,
            0.68451
          ],
          [
            -2.46062,
            12.6862,
            0.72172
          ],
          [
            3.68279,
            2.00937,
            1.1057
          ],
          [
            1.59564,
            6.62659,
            0.73778
          ],
          [
            -0.00229,
            8.38196,
            0.69381
          ],
          [
            -1.20602,
            10.53162,
            0.66022
          ],
          [
            0.02148,
            12.65132,
            0.66289
          ],
          [
            6.12401,
            2.03586,
            0.73262
          ],
          [
            4.8252,
            4.22513,
            0.76347
          ],
          [
            2.3035,
            7.89023,
            0.65841
          ],
          [
            1.32448,
            10.4388,
            0.63141
          ],
          [
            2.50913,
            12.63164,
            0.64578
          ],
          [
            8.6164,
            1.99614,
            0.65142
          ],
          [
            7.33957,
            4.15509,
            0.65809
          ],
          [
            5.97866,
            6.28989,
            0.63203
          ],
          [
            3.78025,
            7.89255,
            0.63211
          ],
          [
            3.8824,
            10.50673,
            0.60982
          ],
          [
            4.95329,
            12.77553,
            0.69397
          ],
          [
            11.07614,
            2.04233,
            0.73753
          ],
          [
            9.81518,
            4.1783,
            0.66762
          ],
          [
            8.51117,
            6.32188,
            0.63944
          ],
          [
            7.20782,
            8.48114,
            0.62265
          ],
          [
            6.202,
            10.68265,
            0.62668
          ],
          [
            1.243,
            0.64263,
            0.99375
          ],
          [
            -0.0205,
            2.74487,
            1.39363
          ],
          [
            -1.25411,
            4.85958,
            1.0665
          ],
          [
            -2.46008,
            6.99288,
            0.73708
          ],
          [
            -3.74222,
            9.12925,
            0.66079
          ],
          [
            -4.93171,
            11.28165,
            0.74008
          ],
          [
            3.69743,
            0.60053,
            0.86234
          ],
          [
            2.50806,
            2.60514,
            1.68123
          ],
          [
            2.33364,
            5.39619,
            0.80145
          ],
          [
            0.0871,
            6.96769,
            0.78209
          ],
          [
            -1.23348,
            9.10727,
            0.67824
          ],
          [
            -2.45085,
            11.25884,
            0.67893
          ],
          [
            6.16797,
            0.58765,
            0.70997
          ],
          [
            4.86476,
            2.78628,
            0.86978
          ],
          [
            3.76877,
            5.3642,
            0.74318
          ],
          [
            1.29465,
            8.9999,
            0.64721
          ],
          [
            0.05734,
            11.20522,
            0.64879
          ],
          [
            8.6525,
            0.55255,
            0.65105
          ],
          [
            7.36467,
            2.72357,
            0.66653
          ],
          [
            6.09225,
            4.85663,
            0.66675
          ],
          [
            4.51319,
            6.61003,
            0.65702
          ],
          [
            4.49211,
            9.12405,
            0.60485
          ],
          [
            2.57862,
            11.1572,
            0.62457
          ],
          [
            11.09213,
            0.61598,
            0.69156
          ],
          [
            9.83283,
            2.74337,
            0.67529
          ],
          [
            8.56054,
            4.89128,
            0.6467
          ],
          [
            7.2113,
            7.0358,
            0.6235
          ],
          [
            5.99285,
            9.28614,
            0.60865
          ],
          [
            4.98768,
            11.38517,
            0.62728
          ],
          [
            13.58108,
            0.66701,
            0.82015
          ],
          [
            12.31022,
            2.75342,
            0.87033
          ],
          [
            11.05828,
            4.88237,
            0.70704
          ],
          [
            9.78232,
            7.01347,
            0.65966
          ],
          [
            8.52051,
            9.1577,
            0.64605
          ],
          [
            7.42344,
            11.34679,
            0.69231
          ],
          [
            0.06774,
            4.72016,
            3.07003
          ],
          [
            2.66338,
            3.25659,
            2.99367
          ],
          [
            -0.74208,
            4.36841,
            3.91023
          ],
          [
            0.98131,
            5.68537,
            3.3058
          ],
          [
            1.80103,
            3.15787,
            3.86531
          ],
          [
            3.87846,
            3.79164,
            3.29989
          ],
          [
            0.89003,
            5.91171,
            4.25879
          ],
          [
            3.83546,
            4.00961,
            4.25562
          ]
        ],
        "Stress": [
          [
            -36.53573,
            14.62297,
            -0.06593
          ],
          [
            14.62297,
            -18.56486,
            0.11763
          ],
          [
            -0.06593,
            0.11763,
            -1.47799
          ]
        ],
        "computation_code": "VASP",
        "pseudopotential_information": [
          [
            "PAW_PBE",
            "C",
            "08Apr2002"
          ],
          [
            "PAW_PBE",
            "O",
            "08Apr2002"
          ],
          [
            "PAW_PBE",
            "H",
            "15Jun2001"
          ]
        ]
      }
    ],
    "EnergyStyle": "electronvolt",
    "ForcesStyle": "electronvoltperangstrom",
    "LatticeStyle": "angstrom",
    "PositionsStyle": "angstrom",
    "StressStyle": "kB"
  }
}