{
  "Dataset": {
    "AtomTypeStyle": "chemicalsymbol",
    "Data": [
      {
        "AtomTypes": [
          "C",
          "C",
          "C",
          "C",
          "C",
          "C",
          "C",
          "C",
          "C",
          "C",
          "C",
          "C",
          "C",
          "C",
          "C",
          "C",
          "C",
          "C",
          "C",
          "C",
          "C",
          "C",
          "C",
          "C",
          "C",
          "C",
          "C",
          "C",
          "C",
          "C",
          "C",
          "C",
          "C",
          "C",
          "C",
          "C",
          "C",
          "C",
          "C",
          "C",
          "C",
          "C",
          "C",
          "C",
          "C",
          "C",
          "C",
          "C",
          "C",
          "C",
          "C",
          "C",
          "C",
          "C",
          "C",
          "C",
          "C",
          "C",
          "C",
          "C",
          "C",
          "C",
          "C",
          "C",
          "C",
          "C",
          "C",
          "C",
          "C",
          "C",
          "O",
          "O",
          "H"
        ],
        "Energy": -622.2263512,
        "Forces": [
          [
            0.02606,
            -0.009428,
            0.006684
          ],
          [
            0.029398,
            0.000859,
            0.013253
          ],
          [
            -0.049322,
            0.028829,
            -0.011687
          ],
          [
            0.005622,
            0.009017,
            -0.007189
          ],
          [
            -0.006936,
            -0.03292,
            0.058994
          ],
          [
            0.002812,
            0.032833,
            0.049799
          ],
          [
            -0.003893,
            -0.028473,
            -0.004631
          ],
          [
            0.018436,
            -0.038141,
            0.002388
          ],
          [
            0.027365,
            0.022807,
            -0.017465
          ],
          [
            0.016996,
            -0.023447,
            -0.045896
          ],
          [
            0.000122,
            0.010009,
            -0.040785
          ],
          [
            -0.045746,
            -0.024395,
            -0.011225
          ],
          [
            -0.004987,
            0.004952,
            -0.002703
          ],
          [
            -0.010179,
            0.001431,
            -0.008689
          ],
          [
            -0.038588,
            -0.050877,
            -0.021321
          ],
          [
            0.017317,
            0.031634,
            -0.040986
          ],
          [
            -0.021546,
            -0.010156,
            0.000875
          ],
          [
            -0.007446,
            0.0094,
            -0.010526
          ],
          [
            -0.0496,
            -0.033534,
            -0.003355
          ],
          [
            0.056863,
            -0.017666,
            -0.009826
          ],
          [
            0.018121,
            0.057049,
            -0.019608
          ],
          [
            -0.07045,
            -0.003459,
            0.010035
          ],
          [
            -0.009582,
            0.009133,
            0.009027
          ],
          [
            -0.02051,
            0.01277,
            0.044681
          ],
          [
            -0.007259,
            0.006016,
            -0.010206
          ],
          [
            -0.044358,
            0.034066,
            -0.010281
          ],
          [
            -0.023863,
            0.011854,
            -0.032084
          ],
          [
            0.008133,
            -0.039847,
            -0.008537
          ],
          [
            0.017494,
            -0.020418,
            0.047323
          ],
          [
            0.045956,
            -0.038983,
            0.020145
          ],
          [
            0.014571,
            0.008071,
            0.040592
          ],
          [
            0.011779,
            0.016962,
            0.03903
          ],
          [
            0.004578,
            -0.038138,
            -0.019569
          ],
          [
            0.012858,
            -0.00717,
            -0.025732
          ],
          [
            0.067873,
            0.055404,
            0.040224
          ],
          [
            0.014791,
            0.028849,
            0.019897
          ],
          [
            0.063084,
            0.048613,
            -0.052451
          ],
          [
            0.019173,
            -0.021109,
            0.010581
          ],
          [
            -0.002612,
            0.013643,
            0.016203
          ],
          [
            0.029963,
            -0.010107,
            0.00515
          ],
          [
            -0.042993,
            -0.04826,
            0.009933
          ],
          [
            -0.006891,
            -0.028549,
            0.023085
          ],
          [
            -0.038177,
            -0.002088,
            0.027778
          ],
          [
            0.026299,
            -0.012853,
            0.003275
          ],
          [
            -0.001514,
            0.038822,
            -0.042147
          ],
          [
            0.01451,
            0.013949,
            -0.040303
          ],
          [
            0.038119,
            0.015372,
            -0.023149
          ],
          [
            0.009263,
            -0.040467,
            -0.033565
          ],
          [
            -0.07918,
            0.003287,
            -0.050489
          ],
          [
            -0.071041,
            0.034384,
            -0.016594
          ],
          [
            0.026796,
            0.004088,
            -0.01947
          ],
          [
            0.027369,
            0.028028,
            0.00385
          ],
          [
            0.060237,
            -0.031164,
            0.017753
          ],
          [
            0.002424,
            0.01004,
            -0.02104
          ],
          [
            0.038489,
            -0.011256,
            -0.095363
          ],
          [
            0.001989,
            0.014053,
            0.022843
          ],
          [
            -0.013838,
            0.060017,
            0.005045
          ],
          [
            -0.018669,
            0.108513,
            0.051691
          ],
          [
            0.070981,
            0.025438,
            0.058146
          ],
          [
            -0.021599,
            0.019344,
            0.031094
          ],
          [
            -0.026682,
            -0.042293,
            -0.014501
          ],
          [
            -0.037875,
            0.000297,
            -0.00631
          ],
          [
            0.055719,
            0.053228,
            0.032942
          ],
          [
            -0.002217,
            -0.041718,
            0.018221
          ],
          [
            -0.008245,
            -0.067852,
            -0.022099
          ],
          [
            -0.004796,
            0.010072,
            0.067916
          ],
          [
            -0.023329,
            -0.019792,
            0.022796
          ],
          [
            0.044672,
            0.003911,
            -0.002068
          ],
          [
            -0.074715,
            -0.0169,
            0.002666
          ],
          [
            -0.015439,
            0.154382,
            0.120719
          ],
          [
            0.090418,
            -0.15798,
            -0.082422
          ],
          [
            -0.073292,
            -0.059546,
            -0.019509
          ],
          [
            -0.059278,
            -0.022442,
            -0.050852
          ]
        ],
        "Lattice": [
          [
            14.88,
            0.0,
            0.0
          ],
          [
            -7.44,
            12.886457116,
            0.0
          ],
          [
            0.0,
            0.0,
            15.0
          ]
        ],
        "NumAtoms": 73,
        "Positions": [
          [
            -0.0053,
            0.05842,
            0.73754
          ],
          [
            -1.29692,
            2.16657,
            0.83865
          ],
          [
            -2.56387,
            4.2665,
            0.86882
          ],
          [
            11.09307,
            6.42389,
            0.77514
          ],
          [
            9.82881,
            8.58735,
            0.73184
          ],
          [
            -6.22102,
            10.75461,
            0.7201
          ],
          [
            2.45577,
            0.03292,
            0.8002
          ],
          [
            1.19493,
            2.23238,
            0.99292
          ],
          [
            -0.23655,
            4.18906,
            1.69559
          ],
          [
            -1.23418,
            6.3648,
            1.00693
          ],
          [
            -2.5166,
            8.53648,
            0.81453
          ],
          [
            -3.739,
            10.71964,
            0.77754
          ],
          [
            4.93565,
            -0.01438,
            0.78915
          ],
          [
            3.63258,
            2.22964,
            0.8091
          ],
          [
            1.58487,
            6.60149,
            0.82893
          ],
          [
            -0.00573,
            8.4489,
            0.82135
          ],
          [
            -1.22673,
            10.65841,
            0.79027
          ],
          [
            0.00071,
            12.78705,
            0.70527
          ],
          [
            6.14655,
            2.13506,
            0.71081
          ],
          [
            4.90437,
            4.34434,
            0.74144
          ],
          [
            2.31235,
            7.90628,
            0.76622
          ],
          [
            1.326,
            10.52684,
            0.71594
          ],
          [
            2.493,
            12.75616,
            0.61152
          ],
          [
            8.6396,
            2.07366,
            0.60977
          ],
          [
            7.3918,
            4.26325,
            0.64927
          ],
          [
            6.03264,
            6.42007,
            0.71103
          ],
          [
            3.80067,
            7.97312,
            0.73494
          ],
          [
            3.89302,
            10.62119,
            0.63543
          ],
          [
            12.39332,
            0.03331,
            0.59489
          ],
          [
            11.09316,
            2.11562,
            0.64441
          ],
          [
            9.84763,
            4.27948,
            0.62516
          ],
          [
            8.55834,
            6.4518,
            0.67228
          ],
          [
            7.25287,
            8.62833,
            0.69826
          ],
          [
            6.22517,
            10.82916,
            0.64196
          ],
          [
            1.22511,
            0.77748,
            0.83534
          ],
          [
            -0.09749,
            2.86824,
            1.18872
          ],
          [
            -1.35449,
            4.94468,
            1.20644
          ],
          [
            -2.50285,
            7.10641,
            0.85864
          ],
          [
            -3.77483,
            9.27718,
            0.76837
          ],
          [
            -4.97547,
            11.46129,
            0.76039
          ],
          [
            3.6824,
            0.75415,
            0.81455
          ],
          [
            2.39584,
            2.95998,
            0.86427
          ],
          [
            2.45334,
            5.33757,
            0.81259
          ],
          [
            0.06859,
            7.00925,
            0.88841
          ],
          [
            -1.24646,
            9.2126,
            0.82169
          ],
          [
            -2.48171,
            11.41948,
            0.79478
          ],
          [
            6.18466,
            0.67198,
            0.74023
          ],
          [
            4.89487,
            2.91707,
            0.75034
          ],
          [
            3.86347,
            5.42471,
            0.77497
          ],
          [
            1.29931,
            9.05148,
            0.76261
          ],
          [
            0.04699,
            11.3207,
            0.74187
          ],
          [
            8.67717,
            0.61349,
            0.63566
          ],
          [
            7.3942,
            2.81923,
            0.6462
          ],
          [
            6.16435,
            4.98327,
            0.69862
          ],
          [
            4.56752,
            6.72273,
            0.75263
          ],
          [
            4.50323,
            9.24395,
            0.67994
          ],
          [
            2.56957,
            11.26675,
            0.64773
          ],
          [
            11.12295,
            0.67805,
            0.59716
          ],
          [
            9.85231,
            2.82936,
            0.60648
          ],
          [
            8.60716,
            5.00785,
            0.63274
          ],
          [
            7.26552,
            7.17742,
            0.69302
          ],
          [
            6.0194,
            9.4244,
            0.67445
          ],
          [
            4.99535,
            11.51772,
            0.60027
          ],
          [
            13.6249,
            0.75324,
            0.67955
          ],
          [
            12.32136,
            2.84177,
            0.79444
          ],
          [
            11.0836,
            4.99308,
            0.7171
          ],
          [
            9.82978,
            7.14966,
            0.71912
          ],
          [
            8.56613,
            9.31454,
            0.71157
          ],
          [
            7.4532,
            11.51482,
            0.6901
          ],
          [
            0.43919,
            4.69766,
            2.93378
          ],
          [
            0.03099,
            5.66213,
            3.58707
          ],
          [
            1.45902,
            3.91024,
            3.42019
          ],
          [
            1.70206,
            4.32021,
            4.2776
          ]
        ],
        "Stress": [
          [
            -31.12811,
            17.72585,
            -0.06415
          ],
          [
            17.72585,
            -31.58618,
            -0.17656
          ],
          [
            -0.06415,
            -0.17656,
            -1.44692
          ]
        ],
        "computation_code": "VASP",
        "pseudopotential_information": [
          [
            "PAW_PBE",
            "C",
            "08Apr2002"
          ],
          [
            "PAW_PBE",
            "O",
            "08Apr2002"
          ],
          [
            "PAW_PBE",
            "H",
            "15Jun2001"
          ]
        ]
      }
    ],
    "EnergyStyle": "electronvolt",
    "ForcesStyle": "electronvoltperangstrom",
    "LatticeStyle": "angstrom",
    "PositionsStyle": "angstrom",
    "StressStyle": "kB"
  }
}