{
  "Dataset": {
    "AtomTypeStyle": "chemicalsymbol",
    "Data": [
      {
        "AtomTypes": [
          "C",
          "C",
          "C",
          "C",
          "C",
          "C",
          "C",
          "C",
          "C",
          "C",
          "C",
          "C",
          "C",
          "C",
          "C",
          "C",
          "C",
          "C",
          "C",
          "C",
          "C",
          "C",
          "C",
          "C",
          "C",
          "C",
          "C",
          "C",
          "C",
          "C",
          "C",
          "C",
          "C",
          "C",
          "C",
          "C",
          "C",
          "C",
          "C",
          "C",
          "C",
          "C",
          "C",
          "C",
          "C",
          "C",
          "C",
          "C",
          "C",
          "C",
          "C",
          "C",
          "C",
          "C",
          "C",
          "C",
          "C",
          "C",
          "C",
          "C",
          "C",
          "C",
          "C",
          "C",
          "C",
          "C",
          "C",
          "C",
          "C",
          "C",
          "O",
          "O",
          "H"
        ],
        "Energy": -621.65426568,
        "Forces": [
          [
            0.012589,
            -0.012377,
            0.177424
          ],
          [
            0.122698,
            0.257385,
            -0.155526
          ],
          [
            0.093162,
            -0.014562,
            -0.120866
          ],
          [
            0.093109,
            -0.040147,
            0.194693
          ],
          [
            -0.007716,
            -0.157796,
            -0.076197
          ],
          [
            -0.14345,
            0.256162,
            -0.067189
          ],
          [
            -0.061886,
            -0.060907,
            0.081618
          ],
          [
            0.170673,
            0.151508,
            -0.137748
          ],
          [
            -0.196281,
            0.138356,
            0.17046
          ],
          [
            0.001443,
            0.267829,
            -0.170401
          ],
          [
            0.019823,
            -0.01586,
            0.113828
          ],
          [
            -0.050701,
            0.030359,
            -0.033427
          ],
          [
            -0.004468,
            0.085922,
            -0.109836
          ],
          [
            -0.04865,
            -0.015717,
            0.144698
          ],
          [
            -0.00555,
            -0.028926,
            0.071425
          ],
          [
            0.073873,
            -0.004852,
            0.088941
          ],
          [
            0.036987,
            -0.042077,
            -0.025383
          ],
          [
            -0.193888,
            -0.155949,
            0.063013
          ],
          [
            -0.124945,
            -0.04985,
            -0.015924
          ],
          [
            -0.03582,
            0.080132,
            -0.017668
          ],
          [
            0.002143,
            -0.118474,
            0.011288
          ],
          [
            -0.152423,
            -0.113043,
            -0.004953
          ],
          [
            0.135161,
            0.041174,
            -0.067942
          ],
          [
            0.159376,
            0.11156,
            -0.051429
          ],
          [
            0.101348,
            0.110297,
            -0.024322
          ],
          [
            -0.214306,
            -0.026965,
            0.001263
          ],
          [
            -0.074673,
            -0.082227,
            0.015449
          ],
          [
            0.121468,
            0.034126,
            -0.039964
          ],
          [
            0.019718,
            0.046265,
            0.031886
          ],
          [
            -0.128982,
            -0.113773,
            0.021067
          ],
          [
            -0.00569,
            -0.118646,
            0.041766
          ],
          [
            0.015907,
            0.039107,
            -0.101129
          ],
          [
            0.057636,
            -0.080197,
            0.068338
          ],
          [
            -0.000205,
            0.141259,
            -0.109817
          ],
          [
            -0.017959,
            -0.096238,
            -0.07627
          ],
          [
            -0.051098,
            0.091046,
            0.095612
          ],
          [
            0.156917,
            -0.301386,
            0.036377
          ],
          [
            -0.076272,
            0.04463,
            -0.04864
          ],
          [
            0.195367,
            0.102196,
            0.004978
          ],
          [
            0.065095,
            0.126154,
            0.03758
          ],
          [
            0.117449,
            0.073569,
            0.014474
          ],
          [
            -0.036047,
            0.012069,
            0.100239
          ],
          [
            -0.015992,
            -0.094698,
            0.068771
          ],
          [
            -0.034073,
            0.01647,
            -0.023851
          ],
          [
            -0.108244,
            -0.003378,
            0.048963
          ],
          [
            0.022165,
            0.008911,
            -0.028158
          ],
          [
            -0.12478,
            0.001837,
            -0.0048
          ],
          [
            0.082486,
            -0.09421,
            -0.019938
          ],
          [
            -0.104961,
            -0.008272,
            -0.022917
          ],
          [
            -0.061888,
            -0.089854,
            0.032613
          ],
          [
            -0.033269,
            -0.063136,
            -0.027472
          ],
          [
            0.017883,
            -0.109109,
            0.053791
          ],
          [
            -0.070703,
            0.045068,
            0.020111
          ],
          [
            -0.020548,
            -0.039619,
            0.015504
          ],
          [
            -0.019411,
            -0.111171,
            -0.039293
          ],
          [
            0.012513,
            -0.110641,
            0.027161
          ],
          [
            0.089596,
            -0.082204,
            0.005754
          ],
          [
            -0.168116,
            0.098158,
            -0.153969
          ],
          [
            0.040331,
            -0.109769,
            -0.139151
          ],
          [
            -0.048773,
            -0.051062,
            -0.031503
          ],
          [
            0.005097,
            0.027503,
            -0.008332
          ],
          [
            0.030258,
            0.01688,
            0.023088
          ],
          [
            -0.025756,
            -0.159157,
            -0.051402
          ],
          [
            -0.146465,
            -0.262299,
            -0.02191
          ],
          [
            0.00022,
            0.007219,
            0.0546
          ],
          [
            -0.099465,
            0.110507,
            -0.012373
          ],
          [
            0.035242,
            0.016792,
            -0.013032
          ],
          [
            0.012883,
            0.024403,
            -0.010595
          ],
          [
            0.00947,
            0.055478,
            -0.041509
          ],
          [
            0.466757,
            0.200578,
            -0.104419
          ],
          [
            -0.382363,
            0.272402,
            0.303618
          ],
          [
            0.199009,
            -0.158391,
            0.007679
          ],
          [
            0.299966,
            0.053626,
            -0.038816
          ]
        ],
        "Lattice": [
          [
            14.88,
            0.0,
            0.0
          ],
          [
            -7.44,
            12.886457116,
            0.0
          ],
          [
            0.0,
            0.0,
            15.0
          ]
        ],
        "NumAtoms": 73,
        "Positions": [
          [
            0.02824,
            0.05897,
            0.71005
          ],
          [
            -1.26888,
            2.17152,
            0.70729
          ],
          [
            -2.5373,
            4.28866,
            0.73166
          ],
          [
            11.12306,
            6.44528,
            0.71639
          ],
          [
            9.85467,
            8.60015,
            0.75202
          ],
          [
            -6.19009,
            10.75425,
            0.75434
          ],
          [
            2.49237,
            0.02893,
            0.74023
          ],
          [
            1.23065,
            2.21847,
            0.86637
          ],
          [
            -0.18868,
            4.19941,
            1.4335
          ],
          [
            -1.1972,
            6.3828,
            0.87618
          ],
          [
            -2.48512,
            8.55641,
            0.73118
          ],
          [
            -3.70676,
            10.72587,
            0.7417
          ],
          [
            -2.46816,
            12.88148,
            0.76214
          ],
          [
            3.67084,
            2.22522,
            0.73821
          ],
          [
            1.61271,
            6.65465,
            0.76359
          ],
          [
            0.02553,
            8.48532,
            0.75158
          ],
          [
            -1.19446,
            10.68544,
            0.74676
          ],
          [
            0.038,
            12.8233,
            0.75043
          ],
          [
            6.17686,
            2.15765,
            0.75134
          ],
          [
            4.92355,
            4.36679,
            0.74396
          ],
          [
            2.34186,
            7.96482,
            0.7361
          ],
          [
            1.35399,
            10.57325,
            0.7428
          ],
          [
            2.52273,
            12.7922,
            0.75764
          ],
          [
            8.66896,
            2.10395,
            0.757
          ],
          [
            7.41305,
            4.2839,
            0.75485
          ],
          [
            6.06045,
            6.44383,
            0.75495
          ],
          [
            3.82964,
            8.01396,
            0.74332
          ],
          [
            3.91535,
            10.65393,
            0.75738
          ],
          [
            12.42235,
            0.0504,
            0.70335
          ],
          [
            11.12542,
            2.14152,
            0.72255
          ],
          [
            9.87012,
            4.30606,
            0.70655
          ],
          [
            8.58317,
            6.47077,
            0.74881
          ],
          [
            7.27431,
            8.64311,
            0.75196
          ],
          [
            6.25076,
            10.84053,
            0.75402
          ],
          [
            1.26341,
            0.77031,
            0.76375
          ],
          [
            -0.05141,
            2.87474,
            0.94874
          ],
          [
            -1.31734,
            4.97041,
            0.97168
          ],
          [
            -2.46878,
            7.12727,
            0.76261
          ],
          [
            -3.74898,
            9.28681,
            0.73571
          ],
          [
            -4.94365,
            11.45897,
            0.73784
          ],
          [
            3.71698,
            0.75094,
            0.75434
          ],
          [
            2.43411,
            2.93697,
            0.75971
          ],
          [
            2.47242,
            5.41218,
            0.75098
          ],
          [
            0.10801,
            7.04355,
            0.81276
          ],
          [
            -1.21366,
            9.24077,
            0.74087
          ],
          [
            -2.44977,
            11.43253,
            0.75171
          ],
          [
            6.21936,
            0.69496,
            0.75602
          ],
          [
            4.92159,
            2.93517,
            0.7381
          ],
          [
            3.88608,
            5.46169,
            0.74522
          ],
          [
            1.32939,
            9.09908,
            0.73326
          ],
          [
            0.07896,
            11.35787,
            0.74914
          ],
          [
            8.7112,
            0.6509,
            0.75433
          ],
          [
            7.42455,
            2.84257,
            0.75394
          ],
          [
            6.18518,
            5.00547,
            0.7531
          ],
          [
            4.59849,
            6.75798,
            0.75223
          ],
          [
            4.52692,
            9.27744,
            0.75105
          ],
          [
            2.59543,
            11.30931,
            0.75254
          ],
          [
            11.158,
            0.70378,
            0.73793
          ],
          [
            9.88189,
            2.85937,
            0.73898
          ],
          [
            8.6293,
            5.02995,
            0.74037
          ],
          [
            7.29185,
            7.19553,
            0.75359
          ],
          [
            6.04032,
            9.4417,
            0.75319
          ],
          [
            5.02385,
            11.54083,
            0.74655
          ],
          [
            13.65895,
            0.76001,
            0.66768
          ],
          [
            12.35437,
            2.85953,
            0.71772
          ],
          [
            11.10897,
            5.0144,
            0.68313
          ],
          [
            9.85522,
            7.16559,
            0.73804
          ],
          [
            8.59148,
            9.32162,
            0.75878
          ],
          [
            7.48217,
            11.51641,
            0.74177
          ],
          [
            0.05878,
            4.34935,
            2.90805
          ],
          [
            -0.91957,
            4.42993,
            3.64551
          ],
          [
            1.30435,
            4.22136,
            3.43157
          ],
          [
            1.11074,
            4.1436,
            4.3941
          ]
        ],
        "Stress": [
          [
            -28.10617,
            17.95941,
            0.79907
          ],
          [
            17.95941,
            -26.14712,
            0.61819
          ],
          [
            0.79907,
            0.61819,
            -0.92425
          ]
        ],
        "computation_code": "VASP",
        "pseudopotential_information": [
          [
            "PAW_PBE",
            "C",
            "08Apr2002"
          ],
          [
            "PAW_PBE",
            "O",
            "08Apr2002"
          ],
          [
            "PAW_PBE",
            "H",
            "15Jun2001"
          ]
        ]
      }
    ],
    "EnergyStyle": "electronvolt",
    "ForcesStyle": "electronvoltperangstrom",
    "LatticeStyle": "angstrom",
    "PositionsStyle": "angstrom",
    "StressStyle": "kB"
  }
}