{
  "Dataset": {
    "AtomTypeStyle": "chemicalsymbol",
    "Data": [
      {
        "AtomTypes": [
          "C",
          "C",
          "C",
          "C",
          "C",
          "C",
          "C",
          "C",
          "C",
          "C",
          "C",
          "C",
          "C",
          "C",
          "C",
          "C",
          "C",
          "C",
          "C",
          "C",
          "C",
          "C",
          "C",
          "C",
          "C",
          "C",
          "C",
          "C",
          "C",
          "C",
          "C",
          "C",
          "C",
          "C",
          "C",
          "C",
          "C",
          "C",
          "C",
          "C",
          "C",
          "C",
          "C",
          "C",
          "C",
          "C",
          "C",
          "C",
          "C",
          "C",
          "C",
          "C",
          "C",
          "C",
          "C",
          "C",
          "C",
          "C",
          "C",
          "C",
          "C",
          "C",
          "C",
          "C",
          "C",
          "C",
          "C",
          "C",
          "C",
          "C",
          "C",
          "O",
          "O",
          "H"
        ],
        "Energy": -634.54533417,
        "Forces": [
          [
            0.000397,
            0.004466,
            -0.019711
          ],
          [
            -0.017505,
            0.013288,
            0.015131
          ],
          [
            -0.000381,
            0.019045,
            6.7e-05
          ],
          [
            0.008882,
            0.002419,
            0.021851
          ],
          [
            0.015218,
            -0.001219,
            0.003166
          ],
          [
            -0.009647,
            -0.004942,
            -0.027052
          ],
          [
            -0.03482,
            0.026329,
            0.019867
          ],
          [
            0.006384,
            0.002102,
            -0.013396
          ],
          [
            -0.011999,
            0.015255,
            -0.028608
          ],
          [
            0.007243,
            0.001206,
            0.014628
          ],
          [
            -0.02084,
            0.034244,
            0.014805
          ],
          [
            -0.009973,
            0.017159,
            -0.004768
          ],
          [
            0.001498,
            0.021745,
            0.002004
          ],
          [
            0.007693,
            0.010751,
            0.009871
          ],
          [
            -0.021512,
            -0.008499,
            0.006892
          ],
          [
            0.000407,
            -0.041049,
            0.016303
          ],
          [
            0.008747,
            -0.027466,
            0.008084
          ],
          [
            -0.003286,
            -0.006593,
            -0.009125
          ],
          [
            -0.0103,
            0.003461,
            0.000561
          ],
          [
            -0.008827,
            -0.002471,
            0.026467
          ],
          [
            0.013465,
            0.006919,
            0.007488
          ],
          [
            0.009643,
            0.007403,
            0.00247
          ],
          [
            -0.006824,
            -0.006597,
            -0.003248
          ],
          [
            0.008983,
            0.013076,
            -0.009072
          ],
          [
            0.007552,
            -0.019705,
            -0.004914
          ],
          [
            0.016487,
            0.002481,
            -0.003935
          ],
          [
            2.4e-05,
            -0.002476,
            -0.006741
          ],
          [
            -0.006021,
            -0.014564,
            0.013231
          ],
          [
            -0.013963,
            -0.000453,
            -0.006749
          ],
          [
            -0.032162,
            -0.017344,
            -0.020851
          ],
          [
            0.006485,
            0.011051,
            -0.016731
          ],
          [
            -0.005018,
            -0.017319,
            0.010102
          ],
          [
            0.002186,
            -0.027356,
            -0.014483
          ],
          [
            0.001668,
            0.001087,
            -0.004922
          ],
          [
            -0.011146,
            0.018122,
            -0.021747
          ],
          [
            0.014328,
            -0.027306,
            -0.001379
          ],
          [
            -0.006062,
            -0.026207,
            -0.011668
          ],
          [
            -0.013791,
            0.009367,
            0.015617
          ],
          [
            0.001678,
            -0.00396,
            0.0267
          ],
          [
            -0.024625,
            0.005489,
            -0.002205
          ],
          [
            0.004036,
            0.008359,
            -0.004784
          ],
          [
            0.00316,
            0.006899,
            0.00522
          ],
          [
            0.005823,
            -0.003397,
            0.005055
          ],
          [
            -0.006029,
            0.014829,
            -0.007616
          ],
          [
            -0.002444,
            0.012063,
            0.010817
          ],
          [
            -0.009151,
            0.013871,
            0.001558
          ],
          [
            -0.010202,
            -0.018175,
            0.002812
          ],
          [
            -0.003092,
            0.004385,
            0.020748
          ],
          [
            -0.00961,
            0.006246,
            0.00991
          ],
          [
            -0.038203,
            -0.028742,
            0.010577
          ],
          [
            -0.002307,
            0.005088,
            0.008016
          ],
          [
            -0.018344,
            -0.016522,
            -0.015747
          ],
          [
            -0.01507,
            0.017814,
            -0.00717
          ],
          [
            0.033405,
            0.000279,
            0.005916
          ],
          [
            -0.026205,
            -0.000218,
            -0.002203
          ],
          [
            -0.004048,
            0.007709,
            -0.00477
          ],
          [
            0.009116,
            -0.000208,
            0.016277
          ],
          [
            -0.003186,
            -0.000473,
            -0.018747
          ],
          [
            0.010378,
            -0.001913,
            -0.001761
          ],
          [
            0.029048,
            -0.004904,
            -0.000892
          ],
          [
            0.001999,
            -0.010915,
            -0.004041
          ],
          [
            0.005083,
            -0.019459,
            -0.001629
          ],
          [
            0.009393,
            -0.009738,
            -0.02466
          ],
          [
            0.026218,
            0.022284,
            -0.011627
          ],
          [
            0.017279,
            -0.003934,
            -0.028072
          ],
          [
            0.04863,
            -0.026118,
            -0.008441
          ],
          [
            0.021541,
            0.016246,
            0.003326
          ],
          [
            0.006977,
            0.004602,
            0.013569
          ],
          [
            0.002357,
            0.017237,
            -0.022032
          ],
          [
            0.004534,
            -0.012371,
            -0.009794
          ],
          [
            0.000838,
            0.00836,
            0.018581
          ],
          [
            0.00011,
            -0.007261,
            0.010406
          ],
          [
            0.005001,
            0.013881,
            0.00219
          ],
          [
            0.032703,
            -0.006746,
            0.025005
          ]
        ],
        "Lattice": [
          [
            14.88,
            0.0,
            0.0
          ],
          [
            -7.44,
            12.886457116,
            0.0
          ],
          [
            0.0,
            0.0,
            15.0
          ]
        ],
        "NumAtoms": 74,
        "Positions": [
          [
            7.4367,
            12.88027,
            0.63825
          ],
          [
            13.59817,
            2.12455,
            0.64319
          ],
          [
            -2.42718,
            4.28185,
            0.7538
          ],
          [
            -3.71087,
            6.42998,
            0.76694
          ],
          [
            9.87195,
            8.57756,
            0.75145
          ],
          [
            8.68306,
            10.72631,
            0.71456
          ],
          [
            -4.95937,
            12.86656,
            0.73002
          ],
          [
            1.19268,
            2.06911,
            0.73915
          ],
          [
            0.103,
            4.15853,
            0.86952
          ],
          [
            -1.11803,
            6.39869,
            0.82151
          ],
          [
            -2.4643,
            8.55037,
            0.77254
          ],
          [
            -3.7064,
            10.70901,
            0.75562
          ],
          [
            4.94008,
            0.01189,
            0.78405
          ],
          [
            3.60469,
            2.22596,
            0.87243
          ],
          [
            1.65083,
            4.31736,
            1.26985
          ],
          [
            1.62108,
            6.80592,
            0.77412
          ],
          [
            0.02325,
            8.55373,
            0.76944
          ],
          [
            -1.21242,
            10.71522,
            0.76685
          ],
          [
            0.00459,
            12.85114,
            0.77122
          ],
          [
            6.13029,
            2.18051,
            0.79926
          ],
          [
            4.865,
            4.3932,
            0.79427
          ],
          [
            2.33881,
            8.07085,
            0.72001
          ],
          [
            1.33169,
            10.62653,
            0.74278
          ],
          [
            2.50838,
            12.81285,
            0.72843
          ],
          [
            8.65276,
            2.12244,
            0.75155
          ],
          [
            7.39902,
            4.29758,
            0.75698
          ],
          [
            6.04298,
            6.44925,
            0.72535
          ],
          [
            3.81755,
            8.04924,
            0.71332
          ],
          [
            3.90127,
            10.65601,
            0.7155
          ],
          [
            12.39852,
            0.0323,
            0.66802
          ],
          [
            11.1248,
            2.14771,
            0.70544
          ],
          [
            9.90527,
            4.30543,
            0.74006
          ],
          [
            8.59843,
            6.46232,
            0.74436
          ],
          [
            7.27892,
            8.6238,
            0.72856
          ],
          [
            6.23318,
            10.81552,
            0.69512
          ],
          [
            1.23659,
            0.66882,
            0.66985
          ],
          [
            -0.04799,
            2.78888,
            0.71181
          ],
          [
            -1.11576,
            4.95193,
            0.83054
          ],
          [
            -2.42033,
            7.11652,
            0.78636
          ],
          [
            -3.7313,
            9.27188,
            0.7595
          ],
          [
            -4.94608,
            11.42545,
            0.73059
          ],
          [
            3.67904,
            0.75549,
            0.79363
          ],
          [
            2.30427,
            2.88247,
            0.91531
          ],
          [
            2.3891,
            5.57502,
            0.84758
          ],
          [
            0.128,
            7.12775,
            0.8042
          ],
          [
            -1.22067,
            9.27442,
            0.77014
          ],
          [
            -2.46734,
            11.44832,
            0.7672
          ],
          [
            6.18147,
            0.71913,
            0.79055
          ],
          [
            4.85826,
            2.94966,
            0.8365
          ],
          [
            3.84067,
            5.52473,
            0.76202
          ],
          [
            1.32097,
            9.17578,
            0.73582
          ],
          [
            0.05405,
            11.3956,
            0.76292
          ],
          [
            8.69019,
            0.66951,
            0.75308
          ],
          [
            7.39462,
            2.85892,
            0.76932
          ],
          [
            6.15253,
            5.01445,
            0.75594
          ],
          [
            4.57536,
            6.77715,
            0.71282
          ],
          [
            4.52895,
            9.27834,
            0.71825
          ],
          [
            2.58625,
            11.33357,
            0.72972
          ],
          [
            11.14468,
            0.71472,
            0.69669
          ],
          [
            9.88467,
            2.86288,
            0.73323
          ],
          [
            8.6426,
            5.0256,
            0.74571
          ],
          [
            7.29307,
            7.18454,
            0.73189
          ],
          [
            6.03299,
            9.42374,
            0.71843
          ],
          [
            5.00643,
            11.52416,
            0.6914
          ],
          [
            13.63289,
            0.71292,
            0.63061
          ],
          [
            12.37954,
            2.85704,
            0.69676
          ],
          [
            11.17802,
            5.00151,
            0.75156
          ],
          [
            9.88406,
            7.14654,
            0.75398
          ],
          [
            8.59864,
            9.29574,
            0.73512
          ],
          [
            7.46471,
            11.47042,
            0.6779
          ],
          [
            1.61922,
            4.31436,
            2.8613
          ],
          [
            0.61146,
            4.24337,
            3.54397
          ],
          [
            2.87262,
            4.39662,
            3.39643
          ],
          [
            2.74378,
            4.39525,
            4.36819
          ]
        ],
        "Stress": [
          [
            -38.63721,
            22.93287,
            0.05872
          ],
          [
            22.93287,
            -12.04338,
            0.00972
          ],
          [
            0.05872,
            0.00972,
            -1.18952
          ]
        ],
        "computation_code": "VASP",
        "pseudopotential_information": [
          [
            "PAW_PBE",
            "C",
            "08Apr2002"
          ],
          [
            "PAW_PBE",
            "O",
            "08Apr2002"
          ],
          [
            "PAW_PBE",
            "H",
            "15Jun2001"
          ]
        ]
      }
    ],
    "EnergyStyle": "electronvolt",
    "ForcesStyle": "electronvoltperangstrom",
    "LatticeStyle": "angstrom",
    "PositionsStyle": "angstrom",
    "StressStyle": "kB"
  }
}