{
  "Dataset": {
    "AtomTypeStyle": "chemicalsymbol",
    "Data": [
      {
        "AtomTypes": [
          "C",
          "C",
          "C",
          "C",
          "C",
          "C",
          "C",
          "C",
          "C",
          "C",
          "C",
          "C",
          "C",
          "C",
          "C",
          "C",
          "C",
          "C",
          "C",
          "C",
          "C",
          "C",
          "C",
          "C",
          "C",
          "C",
          "C",
          "C",
          "C",
          "C",
          "C",
          "C",
          "C",
          "C",
          "C",
          "C",
          "C",
          "C",
          "C",
          "C",
          "C",
          "C",
          "C",
          "C",
          "C",
          "C",
          "C",
          "C",
          "C",
          "C",
          "C",
          "C",
          "C",
          "C",
          "C",
          "C",
          "C",
          "C",
          "C",
          "C",
          "C",
          "C",
          "C",
          "C",
          "C",
          "C",
          "C",
          "C",
          "C",
          "C",
          "O",
          "O",
          "H"
        ],
        "Energy": -622.23732208,
        "Forces": [
          [
            -0.016508,
            0.003123,
            -0.004255
          ],
          [
            0.013376,
            0.020083,
            0.010957
          ],
          [
            0.073621,
            -0.048136,
            0.021229
          ],
          [
            0.010251,
            0.026189,
            -0.001573
          ],
          [
            0.031243,
            0.016679,
            0.041438
          ],
          [
            0.010201,
            -0.033301,
            0.02664
          ],
          [
            0.003869,
            -0.005355,
            0.031454
          ],
          [
            -0.034367,
            0.066118,
            0.024383
          ],
          [
            0.075847,
            0.017203,
            -0.051978
          ],
          [
            0.022633,
            0.020218,
            -0.037419
          ],
          [
            -0.010146,
            -0.007914,
            -0.013828
          ],
          [
            0.047837,
            0.004801,
            0.006675
          ],
          [
            0.002172,
            -0.029753,
            -0.023767
          ],
          [
            0.004381,
            -0.031657,
            -0.055038
          ],
          [
            -0.021836,
            0.026415,
            -8.3e-05
          ],
          [
            -0.057855,
            -0.039181,
            -0.032938
          ],
          [
            -0.006366,
            -0.000589,
            -0.034818
          ],
          [
            0.03062,
            0.022077,
            -0.003371
          ],
          [
            0.059688,
            0.030338,
            0.011644
          ],
          [
            -0.012521,
            -0.000114,
            -0.016452
          ],
          [
            -0.01651,
            -0.022357,
            -0.043022
          ],
          [
            0.029882,
            0.0141,
            0.028734
          ],
          [
            0.021288,
            0.013161,
            0.010413
          ],
          [
            0.058218,
            0.031783,
            0.042738
          ],
          [
            0.016234,
            -0.01984,
            0.001802
          ],
          [
            -4.4e-05,
            -0.021284,
            -0.005221
          ],
          [
            0.034984,
            -0.014264,
            -0.023744
          ],
          [
            -0.032516,
            0.057795,
            0.005716
          ],
          [
            -0.015025,
            0.077378,
            0.077259
          ],
          [
            -0.00483,
            0.037512,
            -0.013586
          ],
          [
            -0.024493,
            -0.002305,
            0.054592
          ],
          [
            -0.05061,
            -0.035174,
            0.028353
          ],
          [
            -0.021958,
            0.007806,
            -0.009096
          ],
          [
            -0.079778,
            -0.025184,
            -0.018845
          ],
          [
            -0.050515,
            -0.05809,
            -0.014534
          ],
          [
            0.017022,
            -0.011759,
            -0.012539
          ],
          [
            0.005881,
            -0.01217,
            -0.026945
          ],
          [
            0.03575,
            0.027641,
            -0.021825
          ],
          [
            0.021379,
            0.002242,
            -0.023348
          ],
          [
            -0.028065,
            0.034993,
            0.030719
          ],
          [
            0.009478,
            0.013082,
            -0.003051
          ],
          [
            0.020053,
            0.015332,
            0.051557
          ],
          [
            -0.035844,
            -0.000506,
            0.009127
          ],
          [
            -0.009921,
            0.021631,
            0.017555
          ],
          [
            -0.03273,
            -0.029188,
            -0.036312
          ],
          [
            -0.013569,
            -0.013839,
            -0.018864
          ],
          [
            -0.033323,
            0.008932,
            -0.007989
          ],
          [
            -0.003638,
            -0.014549,
            -0.026983
          ],
          [
            0.034628,
            -0.027327,
            -0.079379
          ],
          [
            0.03182,
            -0.02444,
            -0.050319
          ],
          [
            -0.032877,
            0.014382,
            0.00574
          ],
          [
            0.001119,
            0.03391,
            0.030188
          ],
          [
            -0.047215,
            0.031454,
            0.000361
          ],
          [
            -0.003204,
            -0.00344,
            0.016017
          ],
          [
            -0.058064,
            -0.029779,
            -0.059467
          ],
          [
            -0.012711,
            -0.000325,
            0.019776
          ],
          [
            0.002538,
            -0.067812,
            -0.020497
          ],
          [
            0.035838,
            -0.095505,
            0.044802
          ],
          [
            -0.046656,
            0.021534,
            0.007776
          ],
          [
            0.018865,
            -0.043423,
            0.014877
          ],
          [
            -0.021425,
            0.030616,
            -0.008963
          ],
          [
            -0.007759,
            0.009279,
            0.017397
          ],
          [
            -0.035092,
            -0.077119,
            -0.013017
          ],
          [
            0.086792,
            0.040955,
            0.029821
          ],
          [
            0.048496,
            0.072728,
            0.020241
          ],
          [
            -0.014957,
            0.033584,
            0.037515
          ],
          [
            0.010481,
            0.007104,
            0.023563
          ],
          [
            -0.015809,
            0.02511,
            -0.020257
          ],
          [
            0.051113,
            0.013298,
            0.034557
          ],
          [
            -0.073374,
            -0.012265,
            0.006036
          ],
          [
            0.08643,
            -0.042378,
            0.014001
          ],
          [
            -0.045561,
            -0.025051,
            -0.028271
          ],
          [
            -0.036349,
            -0.025212,
            0.005939
          ]
        ],
        "Lattice": [
          [
            14.88,
            0.0,
            0.0
          ],
          [
            -7.44,
            12.886457116,
            0.0
          ],
          [
            0.0,
            0.0,
            15.0
          ]
        ],
        "NumAtoms": 73,
        "Positions": [
          [
            -0.00406,
            0.05469,
            0.74525
          ],
          [
            -1.29582,
            2.16263,
            0.84754
          ],
          [
            -2.56435,
            4.26584,
            0.87262
          ],
          [
            11.09341,
            6.42178,
            0.7835
          ],
          [
            9.82786,
            8.583,
            0.74068
          ],
          [
            -6.22156,
            10.75196,
            0.72309
          ],
          [
            2.45629,
            0.02732,
            0.80234
          ],
          [
            1.19529,
            2.22417,
            1.00226
          ],
          [
            -0.23512,
            4.18958,
            1.69586
          ],
          [
            -1.23154,
            6.36493,
            1.00179
          ],
          [
            -2.51614,
            8.536,
            0.81544
          ],
          [
            -3.741,
            10.71576,
            0.7775
          ],
          [
            4.93508,
            -0.01595,
            0.78782
          ],
          [
            3.63203,
            2.22453,
            0.81437
          ],
          [
            1.58333,
            6.60902,
            0.82187
          ],
          [
            -0.00546,
            8.45446,
            0.81627
          ],
          [
            -1.22816,
            10.66012,
            0.78733
          ],
          [
            -0.00099,
            12.78842,
            0.69716
          ],
          [
            6.14329,
            2.13343,
            0.70464
          ],
          [
            4.90122,
            4.34466,
            0.73423
          ],
          [
            2.31137,
            7.91719,
            0.76208
          ],
          [
            1.32235,
            10.53337,
            0.71044
          ],
          [
            2.49213,
            12.75999,
            0.61386
          ],
          [
            8.63874,
            2.07422,
            0.61506
          ],
          [
            7.3891,
            4.26344,
            0.64559
          ],
          [
            6.02945,
            6.42172,
            0.69863
          ],
          [
            3.79784,
            7.97888,
            0.72629
          ],
          [
            3.89381,
            10.62272,
            0.63393
          ],
          [
            12.39297,
            0.03212,
            0.59983
          ],
          [
            11.09459,
            2.11469,
            0.65896
          ],
          [
            9.84735,
            4.27878,
            0.63792
          ],
          [
            8.55862,
            6.45083,
            0.67662
          ],
          [
            7.25324,
            8.62486,
            0.6944
          ],
          [
            6.22677,
            10.82772,
            0.63919
          ],
          [
            1.22762,
            0.77308,
            0.84611
          ],
          [
            -0.09709,
            2.86509,
            1.19789
          ],
          [
            -1.35035,
            4.94563,
            1.20179
          ],
          [
            -2.50205,
            7.10484,
            0.86193
          ],
          [
            -3.77593,
            9.27406,
            0.77524
          ],
          [
            -4.97532,
            11.45632,
            0.76021
          ],
          [
            3.68166,
            0.74843,
            0.81826
          ],
          [
            2.395,
            2.9476,
            0.86675
          ],
          [
            2.44893,
            5.35088,
            0.81084
          ],
          [
            0.07042,
            7.01325,
            0.88086
          ],
          [
            -1.24675,
            9.21576,
            0.81851
          ],
          [
            -2.48294,
            11.41858,
            0.7915
          ],
          [
            6.18413,
            0.67152,
            0.73361
          ],
          [
            4.89259,
            2.91558,
            0.74689
          ],
          [
            3.8586,
            5.42974,
            0.76973
          ],
          [
            1.29583,
            9.06013,
            0.76015
          ],
          [
            0.04585,
            11.3235,
            0.73397
          ],
          [
            8.67613,
            0.61502,
            0.63338
          ],
          [
            7.39391,
            2.81799,
            0.64534
          ],
          [
            6.16073,
            4.98383,
            0.68589
          ],
          [
            4.56702,
            6.72686,
            0.74019
          ],
          [
            4.50333,
            9.24665,
            0.67293
          ],
          [
            2.56878,
            11.27316,
            0.64752
          ],
          [
            11.12247,
            0.68187,
            0.60565
          ],
          [
            9.85444,
            2.82929,
            0.62248
          ],
          [
            8.60533,
            5.00778,
            0.63889
          ],
          [
            7.26492,
            7.17461,
            0.6881
          ],
          [
            6.01936,
            9.42305,
            0.66612
          ],
          [
            4.99766,
            11.51917,
            0.60399
          ],
          [
            13.62459,
            0.74877,
            0.68729
          ],
          [
            12.32241,
            2.83849,
            0.80188
          ],
          [
            11.08348,
            4.99138,
            0.72863
          ],
          [
            9.82931,
            7.14635,
            0.7278
          ],
          [
            8.56708,
            9.31114,
            0.71598
          ],
          [
            7.4523,
            11.5118,
            0.69057
          ],
          [
            0.45154,
            4.70552,
            2.92614
          ],
          [
            0.06711,
            5.6879,
            3.5622
          ],
          [
            1.44209,
            3.89063,
            3.42703
          ],
          [
            1.7051,
            4.31506,
            4.27022
          ]
        ],
        "Stress": [
          [
            -31.12308,
            17.73866,
            -0.03078
          ],
          [
            17.73866,
            -30.76047,
            -0.14367
          ],
          [
            -0.03078,
            -0.14367,
            -1.3424
          ]
        ],
        "computation_code": "VASP",
        "pseudopotential_information": [
          [
            "PAW_PBE",
            "C",
            "08Apr2002"
          ],
          [
            "PAW_PBE",
            "O",
            "08Apr2002"
          ],
          [
            "PAW_PBE",
            "H",
            "15Jun2001"
          ]
        ]
      }
    ],
    "EnergyStyle": "electronvolt",
    "ForcesStyle": "electronvoltperangstrom",
    "LatticeStyle": "angstrom",
    "PositionsStyle": "angstrom",
    "StressStyle": "kB"
  }
}