{
  "Dataset": {
    "AtomTypeStyle": "chemicalsymbol",
    "Data": [
      {
        "AtomTypes": [
          "C",
          "C",
          "C",
          "C",
          "C",
          "C",
          "C",
          "C",
          "C",
          "C",
          "C",
          "C",
          "C",
          "C",
          "C",
          "C",
          "C",
          "C",
          "C",
          "C",
          "C",
          "C",
          "C",
          "C",
          "C",
          "C",
          "C",
          "C",
          "C",
          "C",
          "C",
          "C",
          "C",
          "C",
          "C",
          "C",
          "C",
          "C",
          "C",
          "C",
          "C",
          "C",
          "C",
          "C",
          "C",
          "C",
          "C",
          "C",
          "C",
          "C",
          "C",
          "C",
          "C",
          "C",
          "C",
          "C",
          "C",
          "C",
          "C",
          "C",
          "C",
          "C",
          "C",
          "C",
          "C",
          "C",
          "C",
          "C",
          "C",
          "C",
          "O",
          "O",
          "H"
        ],
        "Energy": -621.60719611,
        "Forces": [
          [
            0.066614,
            0.040015,
            0.116551
          ],
          [
            -0.314176,
            -0.264309,
            -0.259848
          ],
          [
            -0.215025,
            0.082602,
            -0.219564
          ],
          [
            0.206838,
            0.078807,
            0.147686
          ],
          [
            0.01561,
            0.024331,
            -0.060528
          ],
          [
            -0.083058,
            0.121656,
            -0.051029
          ],
          [
            -0.015513,
            0.074246,
            0.114793
          ],
          [
            0.140667,
            -0.050184,
            -0.146238
          ],
          [
            0.077025,
            -0.107365,
            0.04607
          ],
          [
            -0.184981,
            0.229759,
            -0.143684
          ],
          [
            0.101776,
            0.013038,
            0.119115
          ],
          [
            -0.035381,
            0.105365,
            -0.057048
          ],
          [
            -0.093865,
            0.054596,
            -0.076831
          ],
          [
            0.100636,
            0.023519,
            0.094285
          ],
          [
            0.03785,
            -0.10474,
            0.071259
          ],
          [
            -0.012746,
            -0.020008,
            0.077493
          ],
          [
            0.030107,
            -0.089616,
            -0.022706
          ],
          [
            -0.027306,
            -0.114551,
            0.041612
          ],
          [
            -0.173955,
            -0.040841,
            -0.015655
          ],
          [
            -0.08832,
            -0.014127,
            -0.000771
          ],
          [
            0.013627,
            -0.142129,
            0.005813
          ],
          [
            -0.144177,
            -0.01756,
            -0.01873
          ],
          [
            -0.078343,
            -0.057931,
            -0.017994
          ],
          [
            0.018889,
            -0.08309,
            -0.012288
          ],
          [
            0.117621,
            0.140777,
            -0.021732
          ],
          [
            0.088751,
            0.027017,
            0.001608
          ],
          [
            -0.068828,
            -0.119628,
            0.0107
          ],
          [
            0.173712,
            0.077773,
            -0.028671
          ],
          [
            -0.163259,
            0.101847,
            0.00559
          ],
          [
            -0.006124,
            0.014701,
            -0.056503
          ],
          [
            -0.1323,
            -0.115963,
            0.027967
          ],
          [
            -0.101258,
            0.015166,
            -0.074385
          ],
          [
            0.08438,
            -0.058467,
            0.055726
          ],
          [
            -0.01586,
            0.131793,
            -0.066612
          ],
          [
            -0.119179,
            -0.114408,
            0.01116
          ],
          [
            0.097201,
            0.283339,
            0.148471
          ],
          [
            -0.019995,
            0.009973,
            0.020394
          ],
          [
            -0.035341,
            -0.209088,
            0.04081
          ],
          [
            0.0394,
            -0.068422,
            -0.026596
          ],
          [
            0.075807,
            0.197338,
            0.015586
          ],
          [
            -0.012115,
            0.01037,
            -0.057456
          ],
          [
            -0.012474,
            0.136515,
            0.180452
          ],
          [
            0.074725,
            -0.085217,
            0.036324
          ],
          [
            0.076797,
            0.062173,
            0.045331
          ],
          [
            -0.077701,
            -0.020593,
            -0.005389
          ],
          [
            0.04815,
            0.050771,
            0.015176
          ],
          [
            0.081676,
            0.041879,
            0.017865
          ],
          [
            0.044576,
            -0.00545,
            -0.058524
          ],
          [
            -0.168386,
            -0.039454,
            -0.029955
          ],
          [
            0.021301,
            -0.085201,
            0.007543
          ],
          [
            0.061178,
            0.034067,
            -0.027011
          ],
          [
            -0.23489,
            -0.165651,
            0.051543
          ],
          [
            -0.184223,
            -0.008529,
            0.031561
          ],
          [
            -0.047127,
            0.053475,
            0.026512
          ],
          [
            0.021803,
            -0.070257,
            -0.0419
          ],
          [
            0.017647,
            -0.069201,
            0.017087
          ],
          [
            -0.049088,
            -0.213762,
            0.01826
          ],
          [
            0.136347,
            0.097767,
            -0.165733
          ],
          [
            0.230053,
            0.035096,
            -0.153747
          ],
          [
            0.114393,
            -0.062075,
            -0.056463
          ],
          [
            -0.128474,
            0.066987,
            0.007979
          ],
          [
            0.075036,
            -0.110059,
            0.031256
          ],
          [
            -0.056678,
            -0.136677,
            -0.05765
          ],
          [
            0.007818,
            0.087997,
            0.013782
          ],
          [
            -0.08259,
            -0.16345,
            0.183036
          ],
          [
            0.172555,
            -0.094847,
            0.034863
          ],
          [
            0.045752,
            0.071924,
            -0.066672
          ],
          [
            0.030796,
            -0.046328,
            0.028194
          ],
          [
            -0.012497,
            0.128541,
            -0.095168
          ],
          [
            -0.546737,
            0.330932,
            0.596663
          ],
          [
            0.894071,
            0.18422,
            -0.236172
          ],
          [
            -0.191763,
            -0.095799,
            -0.095309
          ],
          [
            0.292549,
            0.024605,
            0.008443
          ]
        ],
        "Lattice": [
          [
            14.88,
            0.0,
            0.0
          ],
          [
            -7.44,
            12.886457116,
            0.0
          ],
          [
            0.0,
            0.0,
            15.0
          ]
        ],
        "NumAtoms": 73,
        "Positions": [
          [
            0.02931,
            0.05498,
            0.71632
          ],
          [
            -1.25436,
            2.18067,
            0.71217
          ],
          [
            -2.52527,
            4.29237,
            0.73412
          ],
          [
            11.12109,
            6.4455,
            0.7195
          ],
          [
            9.85236,
            8.59517,
            0.75335
          ],
          [
            -6.19265,
            10.75207,
            0.75501
          ],
          [
            2.49389,
            0.02009,
            0.73611
          ],
          [
            1.23524,
            2.21622,
            0.85408
          ],
          [
            -0.17807,
            4.20576,
            1.43018
          ],
          [
            -1.19112,
            6.38694,
            0.86175
          ],
          [
            -2.48723,
            8.55877,
            0.72949
          ],
          [
            -3.70781,
            10.72193,
            0.74593
          ],
          [
            -2.46526,
            12.87766,
            0.76119
          ],
          [
            3.67296,
            2.21313,
            0.74141
          ],
          [
            1.60791,
            6.66819,
            0.7586
          ],
          [
            0.02398,
            8.49342,
            0.74928
          ],
          [
            -1.19553,
            10.68787,
            0.74802
          ],
          [
            0.03875,
            12.82573,
            0.74939
          ],
          [
            6.18037,
            2.15639,
            0.75169
          ],
          [
            4.91735,
            4.36445,
            0.74404
          ],
          [
            2.33815,
            7.97556,
            0.73614
          ],
          [
            1.35507,
            10.57876,
            0.74529
          ],
          [
            2.53083,
            12.79927,
            0.75553
          ],
          [
            8.67563,
            2.10958,
            0.75514
          ],
          [
            7.40987,
            4.28275,
            0.75479
          ],
          [
            6.04844,
            6.44046,
            0.75445
          ],
          [
            3.82488,
            8.01832,
            0.74432
          ],
          [
            3.91505,
            10.6567,
            0.757
          ],
          [
            12.4279,
            0.05178,
            0.71342
          ],
          [
            11.13087,
            2.14439,
            0.73421
          ],
          [
            9.87332,
            4.30785,
            0.71446
          ],
          [
            8.58154,
            6.46865,
            0.75088
          ],
          [
            7.27001,
            8.6395,
            0.74992
          ],
          [
            6.25042,
            10.83976,
            0.75431
          ],
          [
            1.26739,
            0.76528,
            0.7527
          ],
          [
            -0.04257,
            2.87594,
            0.9427
          ],
          [
            -1.30321,
            4.97112,
            0.96363
          ],
          [
            -2.46926,
            7.13299,
            0.75149
          ],
          [
            -3.74892,
            9.28737,
            0.74036
          ],
          [
            -4.94508,
            11.45217,
            0.73992
          ],
          [
            3.72142,
            0.74298,
            0.75999
          ],
          [
            2.43897,
            2.92017,
            0.74272
          ],
          [
            2.46015,
            5.42637,
            0.75138
          ],
          [
            0.10528,
            7.05207,
            0.79922
          ],
          [
            -1.21576,
            9.24503,
            0.74386
          ],
          [
            -2.4508,
            11.42988,
            0.74979
          ],
          [
            6.21806,
            0.69375,
            0.75385
          ],
          [
            4.92225,
            2.92931,
            0.74263
          ],
          [
            3.87724,
            5.46339,
            0.74741
          ],
          [
            1.32642,
            9.10752,
            0.73603
          ],
          [
            0.07779,
            11.35982,
            0.7502
          ],
          [
            8.71889,
            0.65549,
            0.75187
          ],
          [
            7.42887,
            2.84369,
            0.75192
          ],
          [
            6.17872,
            5.00142,
            0.7515
          ],
          [
            4.58942,
            6.75696,
            0.75405
          ],
          [
            4.52557,
            9.2781,
            0.75068
          ],
          [
            2.60052,
            11.31674,
            0.75127
          ],
          [
            11.16033,
            0.70853,
            0.74592
          ],
          [
            9.88529,
            2.86057,
            0.74644
          ],
          [
            8.62564,
            5.02884,
            0.7453
          ],
          [
            7.2878,
            7.19117,
            0.75194
          ],
          [
            6.03661,
            9.44279,
            0.75101
          ],
          [
            5.02577,
            11.54179,
            0.75014
          ],
          [
            13.66181,
            0.7581,
            0.6741
          ],
          [
            12.36452,
            2.8664,
            0.71781
          ],
          [
            11.10967,
            5.01886,
            0.68602
          ],
          [
            9.85277,
            7.16246,
            0.74486
          ],
          [
            8.5883,
            9.31897,
            0.75536
          ],
          [
            7.48204,
            11.51279,
            0.74949
          ],
          [
            0.06591,
            4.33434,
            2.9015
          ],
          [
            -0.95388,
            4.39585,
            3.61875
          ],
          [
            1.30667,
            4.21774,
            3.44972
          ],
          [
            1.09269,
            4.14624,
            4.40786
          ]
        ],
        "Stress": [
          [
            -29.46067,
            17.89509,
            1.11485
          ],
          [
            17.89509,
            -25.14,
            0.60657
          ],
          [
            1.11485,
            0.60657,
            -1.04621
          ]
        ],
        "computation_code": "VASP",
        "pseudopotential_information": [
          [
            "PAW_PBE",
            "C",
            "08Apr2002"
          ],
          [
            "PAW_PBE",
            "O",
            "08Apr2002"
          ],
          [
            "PAW_PBE",
            "H",
            "15Jun2001"
          ]
        ]
      }
    ],
    "EnergyStyle": "electronvolt",
    "ForcesStyle": "electronvoltperangstrom",
    "LatticeStyle": "angstrom",
    "PositionsStyle": "angstrom",
    "StressStyle": "kB"
  }
}