{
  "Dataset": {
    "AtomTypeStyle": "chemicalsymbol",
    "Data": [
      {
        "AtomTypes": [
          "C",
          "C",
          "C",
          "C",
          "C",
          "C",
          "C",
          "C",
          "C",
          "C",
          "C",
          "C",
          "C",
          "C",
          "C",
          "C",
          "C",
          "C",
          "C",
          "C",
          "C",
          "C",
          "C",
          "C",
          "C",
          "C",
          "C",
          "C",
          "C",
          "C",
          "C",
          "C",
          "C",
          "C",
          "C",
          "C",
          "C",
          "C",
          "C",
          "C",
          "C",
          "C",
          "C",
          "C",
          "C",
          "C",
          "C",
          "C",
          "C",
          "C",
          "C",
          "C",
          "C",
          "C",
          "C",
          "C",
          "C",
          "C",
          "C",
          "C",
          "C",
          "C",
          "C",
          "C",
          "C",
          "C",
          "C",
          "C",
          "C",
          "C",
          "O"
        ],
        "Energy": -613.94867224,
        "Forces": [
          [
            0.008218,
            -0.006959,
            -0.010474
          ],
          [
            -0.030625,
            0.011687,
            -0.010354
          ],
          [
            -0.0043,
            0.003349,
            0.0003
          ],
          [
            0.023265,
            -0.012843,
            0.00886
          ],
          [
            -0.003186,
            -0.006618,
            0.013532
          ],
          [
            -0.00113,
            -0.002941,
            -0.003823
          ],
          [
            -0.017483,
            -0.005581,
            -0.026311
          ],
          [
            -0.03878,
            0.01928,
            -0.012682
          ],
          [
            -0.004293,
            -0.001207,
            -0.004599
          ],
          [
            -0.02019,
            0.006392,
            0.000988
          ],
          [
            0.000749,
            -0.002774,
            -0.002209
          ],
          [
            -0.015067,
            -0.007463,
            0.012112
          ],
          [
            -0.010625,
            -0.01246,
            0.006552
          ],
          [
            -0.001146,
            -0.01502,
            -0.003779
          ],
          [
            -0.000295,
            -0.004392,
            -0.005236
          ],
          [
            -0.004054,
            0.046403,
            0.004517
          ],
          [
            0.002354,
            -0.002206,
            -0.001829
          ],
          [
            -0.004996,
            -0.011619,
            0.011632
          ],
          [
            -0.009927,
            -0.0174,
            0.008418
          ],
          [
            0.000612,
            0.00095,
            8.2e-05
          ],
          [
            0.017145,
            0.008642,
            -0.006583
          ],
          [
            0.008445,
            -0.017548,
            0.000138
          ],
          [
            -0.011672,
            -0.014238,
            -0.000559
          ],
          [
            -0.00128,
            -0.008811,
            -0.01105
          ],
          [
            -0.000684,
            -0.009856,
            0.006176
          ],
          [
            0.009808,
            -0.015755,
            0.014801
          ],
          [
            0.00729,
            0.00267,
            0.012409
          ],
          [
            -0.024214,
            -0.004933,
            -0.006561
          ],
          [
            0.012749,
            0.006124,
            0.00098
          ],
          [
            0.015623,
            0.023573,
            -0.000246
          ],
          [
            0.004732,
            0.016536,
            -0.007797
          ],
          [
            -0.002185,
            -0.00921,
            0.006362
          ],
          [
            0.015218,
            -0.012065,
            0.024189
          ],
          [
            -0.003731,
            0.018463,
            -0.00808
          ],
          [
            0.011028,
            -0.009563,
            -0.010358
          ],
          [
            0.035031,
            -0.025046,
            -0.014216
          ],
          [
            0.03249,
            -0.013369,
            -0.003172
          ],
          [
            -0.005343,
            -0.001438,
            -0.007003
          ],
          [
            -0.004656,
            -0.003067,
            -0.009069
          ],
          [
            0.010139,
            0.008203,
            0.009434
          ],
          [
            0.012156,
            0.033807,
            -0.005197
          ],
          [
            -0.008715,
            0.002625,
            -0.007335
          ],
          [
            -0.001292,
            -0.017272,
            -0.015102
          ],
          [
            0.024184,
            -0.020882,
            -0.023425
          ],
          [
            -0.001168,
            -0.006195,
            -0.003971
          ],
          [
            0.013906,
            0.005336,
            0.000451
          ],
          [
            -0.014288,
            0.003903,
            0.014807
          ],
          [
            0.004535,
            0.028879,
            0.007898
          ],
          [
            0.018209,
            0.002477,
            -0.002676
          ],
          [
            0.00283,
            -0.024065,
            0.007746
          ],
          [
            -0.005575,
            0.010505,
            0.00858
          ],
          [
            0.024568,
            -0.003245,
            0.01088
          ],
          [
            0.009463,
            0.00872,
            0.004968
          ],
          [
            -0.012808,
            0.016458,
            -0.007377
          ],
          [
            -0.00719,
            0.003391,
            -0.001418
          ],
          [
            0.0104,
            0.006906,
            0.000348
          ],
          [
            0.006641,
            0.018297,
            0.004713
          ],
          [
            -0.008987,
            -6.1e-05,
            -0.00868
          ],
          [
            0.001065,
            -0.002086,
            -0.008903
          ],
          [
            -0.004313,
            -0.001191,
            0.009977
          ],
          [
            -0.029203,
            -0.013904,
            0.03186
          ],
          [
            -0.018132,
            -0.005518,
            0.006096
          ],
          [
            0.013238,
            0.008296,
            0.005757
          ],
          [
            -0.011775,
            -0.021716,
            -0.007229
          ],
          [
            -0.007771,
            -0.010172,
            0.001198
          ],
          [
            0.009592,
            0.001261,
            -0.013508
          ],
          [
            -0.006785,
            0.010655,
            0.001485
          ],
          [
            -0.006402,
            0.003603,
            0.029797
          ],
          [
            -0.007657,
            0.000865,
            0.001834
          ],
          [
            0.010897,
            0.02893,
            -0.024238
          ],
          [
            -0.004657,
            0.013505,
            0.005166
          ]
        ],
        "Lattice": [
          [
            14.88,
            0.0,
            0.0
          ],
          [
            -7.44,
            12.886457116,
            0.0
          ],
          [
            0.0,
            0.0,
            15.0
          ]
        ],
        "NumAtoms": 71,
        "Positions": [
          [
            7.43073,
            12.86924,
            0.73342
          ],
          [
            13.60584,
            2.11066,
            0.73344
          ],
          [
            -2.40115,
            4.28169,
            0.77082
          ],
          [
            -3.70428,
            6.43339,
            0.76357
          ],
          [
            9.87806,
            8.57986,
            0.74378
          ],
          [
            8.68384,
            10.72363,
            0.74297
          ],
          [
            -4.95639,
            12.86768,
            0.74579
          ],
          [
            1.17536,
            2.04818,
            0.72832
          ],
          [
            0.16546,
            4.15377,
            0.78052
          ],
          [
            -1.12303,
            6.40253,
            0.83689
          ],
          [
            -2.46635,
            8.55776,
            0.76972
          ],
          [
            -3.7048,
            10.71718,
            0.74282
          ],
          [
            4.93842,
            0.02712,
            0.74967
          ],
          [
            3.60544,
            2.24796,
            0.77612
          ],
          [
            1.66277,
            4.26457,
            0.80332
          ],
          [
            1.58916,
            6.82906,
            1.07247
          ],
          [
            0.00993,
            8.56637,
            0.80669
          ],
          [
            -1.21574,
            10.7286,
            0.73965
          ],
          [
            0.00946,
            12.85777,
            0.74024
          ],
          [
            6.14089,
            2.18242,
            0.76569
          ],
          [
            4.8888,
            4.39994,
            0.80973
          ],
          [
            2.34323,
            8.12246,
            0.85919
          ],
          [
            1.33401,
            10.63993,
            0.74533
          ],
          [
            2.51574,
            12.81739,
            0.74298
          ],
          [
            8.66487,
            2.12479,
            0.74458
          ],
          [
            7.42286,
            4.29983,
            0.74785
          ],
          [
            6.07044,
            6.44433,
            0.76482
          ],
          [
            3.81632,
            8.05157,
            0.81253
          ],
          [
            3.90144,
            10.65189,
            0.75144
          ],
          [
            12.39765,
            0.02218,
            0.73859
          ],
          [
            11.13881,
            2.14939,
            0.74471
          ],
          [
            9.9286,
            4.30474,
            0.74479
          ],
          [
            8.61354,
            6.4601,
            0.7368
          ],
          [
            7.28584,
            8.62169,
            0.74504
          ],
          [
            6.23393,
            10.80588,
            0.74357
          ],
          [
            1.22982,
            0.66465,
            0.73181
          ],
          [
            -0.04721,
            2.75592,
            0.73387
          ],
          [
            -1.08199,
            4.9517,
            0.80275
          ],
          [
            -2.42587,
            7.1229,
            0.79149
          ],
          [
            -3.73344,
            9.27856,
            0.74896
          ],
          [
            -4.9443,
            11.43252,
            0.74338
          ],
          [
            3.67835,
            0.77137,
            0.75706
          ],
          [
            2.28539,
            2.93197,
            0.76574
          ],
          [
            2.39131,
            5.50773,
            1.05655
          ],
          [
            0.08419,
            7.16145,
            0.87651
          ],
          [
            -1.23033,
            9.28986,
            0.7621
          ],
          [
            -2.46911,
            11.46086,
            0.74103
          ],
          [
            6.18485,
            0.72748,
            0.75097
          ],
          [
            4.86004,
            2.95216,
            0.79053
          ],
          [
            3.89689,
            5.51105,
            0.8543
          ],
          [
            1.33338,
            9.18452,
            0.79124
          ],
          [
            0.05509,
            11.40387,
            0.73658
          ],
          [
            8.69578,
            0.67239,
            0.74221
          ],
          [
            7.40902,
            2.85901,
            0.75388
          ],
          [
            6.18329,
            5.01903,
            0.76831
          ],
          [
            4.57776,
            6.76118,
            0.81167
          ],
          [
            4.53594,
            9.26826,
            0.75937
          ],
          [
            2.59054,
            11.33418,
            0.74638
          ],
          [
            11.15015,
            0.71055,
            0.74211
          ],
          [
            9.90044,
            2.86342,
            0.74382
          ],
          [
            8.66455,
            5.0256,
            0.73739
          ],
          [
            7.30609,
            7.17854,
            0.74439
          ],
          [
            6.03784,
            9.41254,
            0.7461
          ],
          [
            5.00633,
            11.51638,
            0.74403
          ],
          [
            13.63403,
            0.69766,
            0.73104
          ],
          [
            12.38907,
            2.85292,
            0.74944
          ],
          [
            11.2004,
            5.00079,
            0.76172
          ],
          [
            9.89265,
            7.14821,
            0.74317
          ],
          [
            8.60145,
            9.29666,
            0.7425
          ],
          [
            7.46327,
            11.45939,
            0.74237
          ],
          [
            1.95145,
            6.16747,
            2.32739
          ]
        ],
        "Stress": [
          [
            -36.11757,
            22.60203,
            0.0022
          ],
          [
            22.60203,
            -9.36312,
            0.01121
          ],
          [
            0.0022,
            0.01121,
            -1.1608
          ]
        ],
        "computation_code": "VASP",
        "pseudopotential_information": [
          [
            "PAW_PBE",
            "C",
            "08Apr2002"
          ],
          [
            "PAW_PBE",
            "O",
            "08Apr2002"
          ]
        ]
      }
    ],
    "EnergyStyle": "electronvolt",
    "ForcesStyle": "electronvoltperangstrom",
    "LatticeStyle": "angstrom",
    "PositionsStyle": "angstrom",
    "StressStyle": "kB"
  }
}