{
  "Dataset": {
    "AtomTypeStyle": "chemicalsymbol",
    "Data": [
      {
        "AtomTypes": [
          "C",
          "C",
          "C",
          "C",
          "C",
          "C",
          "C",
          "C",
          "C",
          "C",
          "C",
          "C",
          "C",
          "C",
          "C",
          "C",
          "C",
          "C",
          "C",
          "C",
          "C",
          "C",
          "C",
          "C",
          "C",
          "C",
          "C",
          "C",
          "C",
          "C",
          "C",
          "C",
          "C",
          "C",
          "C",
          "C",
          "C",
          "C",
          "C",
          "C",
          "C",
          "C",
          "C",
          "C",
          "C",
          "C",
          "C",
          "C",
          "C",
          "C",
          "C",
          "C",
          "C",
          "C",
          "C",
          "C",
          "C",
          "C",
          "C",
          "C",
          "C",
          "C",
          "C",
          "C",
          "C",
          "C",
          "C",
          "C",
          "C",
          "C",
          "O"
        ],
        "Energy": -613.7697194,
        "Forces": [
          [
            0.021933,
            -0.043703,
            -0.007459
          ],
          [
            0.050799,
            0.036269,
            -0.015989
          ],
          [
            -0.000156,
            0.007882,
            0.010938
          ],
          [
            0.023825,
            -0.012187,
            -0.004464
          ],
          [
            -0.003514,
            0.021268,
            0.006286
          ],
          [
            0.015143,
            0.000941,
            -0.002823
          ],
          [
            0.02965,
            -0.025673,
            -0.004994
          ],
          [
            0.02967,
            0.009605,
            -0.022419
          ],
          [
            0.007336,
            0.039228,
            0.002139
          ],
          [
            -0.015089,
            -0.013969,
            0.009559
          ],
          [
            0.026297,
            0.004544,
            0.009346
          ],
          [
            -0.000135,
            0.010795,
            -0.024593
          ],
          [
            0.019138,
            0.002828,
            0.019093
          ],
          [
            -0.001445,
            0.016432,
            -0.009149
          ],
          [
            0.003374,
            -0.038495,
            0.014032
          ],
          [
            0.046735,
            -0.002056,
            0.018981
          ],
          [
            -0.008416,
            -0.001304,
            0.010522
          ],
          [
            -0.014195,
            -0.014912,
            0.0141
          ],
          [
            -0.010927,
            0.029621,
            -0.009363
          ],
          [
            0.010966,
            -0.028123,
            0.003185
          ],
          [
            0.016315,
            -0.015831,
            -0.001215
          ],
          [
            -0.01163,
            0.010689,
            0.00515
          ],
          [
            0.015774,
            -0.015755,
            0.012908
          ],
          [
            -0.003483,
            -0.007334,
            -0.000259
          ],
          [
            -0.019612,
            -0.004621,
            0.009504
          ],
          [
            -0.015609,
            -0.0176,
            -0.000251
          ],
          [
            0.009336,
            0.015647,
            0.00457
          ],
          [
            -0.019609,
            0.025947,
            -0.007102
          ],
          [
            0.012167,
            0.008617,
            -0.015633
          ],
          [
            0.012846,
            -0.040207,
            0.006277
          ],
          [
            0.006778,
            0.025888,
            -0.013484
          ],
          [
            0.011023,
            -0.008906,
            -0.000257
          ],
          [
            -0.007911,
            0.009368,
            -0.006185
          ],
          [
            0.000192,
            0.032813,
            0.010766
          ],
          [
            0.0145,
            -0.019311,
            -0.007556
          ],
          [
            -0.028695,
            0.002193,
            -0.012906
          ],
          [
            -0.069961,
            -0.027095,
            -0.018023
          ],
          [
            0.008841,
            -0.027254,
            -0.007534
          ],
          [
            -0.011994,
            0.013038,
            -0.001367
          ],
          [
            0.013492,
            0.001592,
            0.003396
          ],
          [
            -0.010783,
            0.005647,
            -0.0082
          ],
          [
            -0.012794,
            -0.004344,
            -0.012297
          ],
          [
            0.010668,
            0.023581,
            0.021545
          ],
          [
            -0.02177,
            -0.004905,
            0.00613
          ],
          [
            -0.007473,
            0.010386,
            0.002352
          ],
          [
            -0.003821,
            -0.005424,
            0.014573
          ],
          [
            -0.017302,
            -0.020751,
            -0.009599
          ],
          [
            0.004025,
            0.033909,
            0.001731
          ],
          [
            0.001163,
            -0.004579,
            0.014119
          ],
          [
            -0.007776,
            0.041688,
            -0.023194
          ],
          [
            0.001231,
            -0.003739,
            0.001117
          ],
          [
            -0.008415,
            0.01514,
            0.002097
          ],
          [
            -0.007354,
            0.019191,
            -0.015823
          ],
          [
            0.006034,
            0.003408,
            0.018315
          ],
          [
            0.037289,
            -0.041454,
            -0.002582
          ],
          [
            -0.004746,
            -0.017089,
            0.00311
          ],
          [
            0.00457,
            -0.044862,
            -0.01911
          ],
          [
            -0.010247,
            -0.011755,
            0.01799
          ],
          [
            0.027372,
            -0.01397,
            -0.017751
          ],
          [
            -0.002173,
            -0.002969,
            0.013362
          ],
          [
            -0.013726,
            0.013902,
            -0.006291
          ],
          [
            0.029366,
            -0.01531,
            -0.010838
          ],
          [
            0.008161,
            0.014163,
            0.01524
          ],
          [
            -0.02954,
            0.055764,
            -0.000539
          ],
          [
            -0.038735,
            0.000881,
            0.019151
          ],
          [
            -0.010056,
            -0.024319,
            -0.006222
          ],
          [
            -0.01659,
            -0.01313,
            0.005362
          ],
          [
            -0.046306,
            0.004265,
            -0.000595
          ],
          [
            -0.00965,
            -0.009458,
            -0.00126
          ],
          [
            -0.020447,
            0.012802,
            -0.018953
          ],
          [
            0.006076,
            0.022465,
            0.019334
          ]
        ],
        "Lattice": [
          [
            14.88,
            0.0,
            0.0
          ],
          [
            -7.44,
            12.886457116,
            0.0
          ],
          [
            0.0,
            0.0,
            15.0
          ]
        ],
        "NumAtoms": 71,
        "Positions": [
          [
            7.43894,
            12.87431,
            0.6927
          ],
          [
            13.6122,
            2.11569,
            0.7324
          ],
          [
            -2.44887,
            4.25842,
            0.85814
          ],
          [
            -3.70645,
            6.44251,
            0.8571
          ],
          [
            9.87226,
            8.57775,
            0.77375
          ],
          [
            8.68235,
            10.72192,
            0.72611
          ],
          [
            -4.95558,
            12.86232,
            0.72434
          ],
          [
            1.19892,
            2.04929,
            0.72578
          ],
          [
            0.19996,
            4.13686,
            0.84493
          ],
          [
            -1.10644,
            6.43193,
            1.07601
          ],
          [
            -2.47512,
            8.56255,
            0.77862
          ],
          [
            -3.70826,
            10.71608,
            0.74043
          ],
          [
            4.938,
            0.01502,
            0.73964
          ],
          [
            3.60265,
            2.2382,
            0.76788
          ],
          [
            1.66358,
            4.30604,
            0.84086
          ],
          [
            1.61648,
            6.82477,
            0.81806
          ],
          [
            0.03727,
            8.56465,
            0.74358
          ],
          [
            -1.21047,
            10.71411,
            0.72971
          ],
          [
            0.00684,
            12.85044,
            0.73301
          ],
          [
            6.1367,
            2.17779,
            0.76232
          ],
          [
            4.87063,
            4.39402,
            0.79368
          ],
          [
            2.351,
            8.07642,
            0.76069
          ],
          [
            1.33568,
            10.63153,
            0.71624
          ],
          [
            2.51404,
            12.81468,
            0.72179
          ],
          [
            8.65656,
            2.1199,
            0.75292
          ],
          [
            7.40722,
            4.29714,
            0.78353
          ],
          [
            6.04906,
            6.44383,
            0.78421
          ],
          [
            3.82013,
            8.04932,
            0.76067
          ],
          [
            3.90061,
            10.65918,
            0.72096
          ],
          [
            12.39831,
            0.03037,
            0.6969
          ],
          [
            11.12683,
            2.14602,
            0.73761
          ],
          [
            9.91367,
            4.30199,
            0.80292
          ],
          [
            8.60137,
            6.45946,
            0.801
          ],
          [
            7.28064,
            8.62094,
            0.75772
          ],
          [
            6.23489,
            10.81183,
            0.71079
          ],
          [
            1.23842,
            0.65987,
            0.70547
          ],
          [
            -0.02705,
            2.76437,
            0.74806
          ],
          [
            -1.08555,
            4.92836,
            1.0828
          ],
          [
            -2.45469,
            7.1467,
            0.86374
          ],
          [
            -3.73893,
            9.28002,
            0.75722
          ],
          [
            -4.94612,
            11.42704,
            0.72919
          ],
          [
            3.67954,
            0.75887,
            0.74378
          ],
          [
            2.30352,
            2.9103,
            0.77726
          ],
          [
            2.37293,
            5.54162,
            0.83202
          ],
          [
            0.17263,
            7.16027,
            0.82482
          ],
          [
            -1.21826,
            9.28634,
            0.74875
          ],
          [
            -2.47015,
            11.4543,
            0.73573
          ],
          [
            6.18501,
            0.72207,
            0.74476
          ],
          [
            4.86018,
            2.95269,
            0.77843
          ],
          [
            3.84878,
            5.52244,
            0.80357
          ],
          [
            1.33406,
            9.19148,
            0.72208
          ],
          [
            0.0583,
            11.39874,
            0.72144
          ],
          [
            8.69298,
            0.67244,
            0.73541
          ],
          [
            7.40107,
            2.85778,
            0.76614
          ],
          [
            6.16109,
            5.01705,
            0.78874
          ],
          [
            4.57481,
            6.76756,
            0.7838
          ],
          [
            4.53455,
            9.2746,
            0.74121
          ],
          [
            2.59444,
            11.3386,
            0.71886
          ],
          [
            11.14642,
            0.7119,
            0.71533
          ],
          [
            9.89277,
            2.86375,
            0.76423
          ],
          [
            8.64806,
            5.02462,
            0.7986
          ],
          [
            7.29438,
            7.18238,
            0.78253
          ],
          [
            6.03332,
            9.42058,
            0.73689
          ],
          [
            5.00747,
            11.52516,
            0.70264
          ],
          [
            13.63907,
            0.71235,
            0.69505
          ],
          [
            12.37744,
            2.85365,
            0.76085
          ],
          [
            11.18822,
            4.99288,
            0.85393
          ],
          [
            9.88531,
            7.15016,
            0.80936
          ],
          [
            8.59563,
            9.29597,
            0.7515
          ],
          [
            7.4648,
            11.46487,
            0.70551
          ],
          [
            -1.08799,
            5.67379,
            2.35329
          ]
        ],
        "Stress": [
          [
            -35.3105,
            22.42189,
            0.00409
          ],
          [
            22.42189,
            -10.23224,
            0.01619
          ],
          [
            0.00409,
            0.01619,
            -1.14001
          ]
        ],
        "computation_code": "VASP",
        "pseudopotential_information": [
          [
            "PAW_PBE",
            "C",
            "08Apr2002"
          ],
          [
            "PAW_PBE",
            "O",
            "08Apr2002"
          ]
        ]
      }
    ],
    "EnergyStyle": "electronvolt",
    "ForcesStyle": "electronvoltperangstrom",
    "LatticeStyle": "angstrom",
    "PositionsStyle": "angstrom",
    "StressStyle": "kB"
  }
}