{
  "Dataset": {
    "AtomTypeStyle": "chemicalsymbol",
    "Data": [
      {
        "AtomTypes": [
          "C",
          "C",
          "C",
          "C",
          "C",
          "C",
          "C",
          "C",
          "C",
          "C",
          "C",
          "C",
          "C",
          "C",
          "C",
          "C",
          "C",
          "C",
          "C",
          "C",
          "C",
          "C",
          "C",
          "C",
          "C",
          "C",
          "C",
          "C",
          "C",
          "C",
          "C",
          "C",
          "C",
          "C",
          "C",
          "C",
          "C",
          "C",
          "C",
          "C",
          "C",
          "C",
          "C",
          "C",
          "C",
          "C",
          "C",
          "C",
          "C",
          "C",
          "C",
          "C",
          "C",
          "C",
          "C",
          "C",
          "C",
          "C",
          "C",
          "C",
          "C",
          "C",
          "C",
          "C",
          "C",
          "C",
          "C",
          "C",
          "C",
          "C",
          "O"
        ],
        "Energy": -614.55101068,
        "Forces": [
          [
            0.030134,
            -0.030932,
            0.021519
          ],
          [
            0.015284,
            0.015032,
            -0.037702
          ],
          [
            -0.017777,
            0.019516,
            0.021473
          ],
          [
            -0.00889,
            -0.015429,
            0.075931
          ],
          [
            -0.013639,
            -0.015783,
            0.00107
          ],
          [
            0.010435,
            0.021713,
            -0.011258
          ],
          [
            0.027064,
            -0.010043,
            -0.015066
          ],
          [
            0.000722,
            -0.001025,
            -0.028272
          ],
          [
            0.011622,
            0.007862,
            0.065421
          ],
          [
            0.054393,
            0.025161,
            0.000568
          ],
          [
            -0.005777,
            -0.006312,
            0.101536
          ],
          [
            -0.06592,
            0.016281,
            -0.015031
          ],
          [
            -0.039604,
            0.063687,
            -0.012138
          ],
          [
            0.007629,
            -0.020078,
            -0.031525
          ],
          [
            -0.002784,
            -0.029067,
            0.027242
          ],
          [
            -0.027615,
            0.05807,
            0.053106
          ],
          [
            -0.113888,
            -0.084015,
            -0.103624
          ],
          [
            0.041565,
            -0.045817,
            -0.006548
          ],
          [
            0.005057,
            0.022034,
            0.003579
          ],
          [
            0.001287,
            -0.020347,
            -0.002262
          ],
          [
            0.008142,
            -0.034581,
            -0.023425
          ],
          [
            0.162733,
            0.006627,
            -0.005727
          ],
          [
            -0.031348,
            0.03725,
            -0.003117
          ],
          [
            0.00694,
            -0.019488,
            0.00222
          ],
          [
            -0.042695,
            -0.049378,
            0.00292
          ],
          [
            -0.031913,
            -0.031404,
            0.028281
          ],
          [
            0.022286,
            -0.013179,
            -0.025309
          ],
          [
            -0.100873,
            0.000114,
            0.105239
          ],
          [
            0.04827,
            -0.007398,
            -0.017695
          ],
          [
            -0.004518,
            -0.045863,
            -0.003601
          ],
          [
            -0.002887,
            -0.010054,
            -0.041025
          ],
          [
            0.002913,
            -0.002208,
            -0.058529
          ],
          [
            -0.030043,
            -0.0101,
            -0.031138
          ],
          [
            -0.014167,
            0.006864,
            -0.024974
          ],
          [
            0.03384,
            0.018511,
            -0.005999
          ],
          [
            -0.029848,
            0.02032,
            0.008862
          ],
          [
            0.001422,
            -0.015934,
            -0.013196
          ],
          [
            0.037479,
            0.055668,
            -0.007637
          ],
          [
            -0.00652,
            0.019391,
            0.124783
          ],
          [
            0.003702,
            0.017678,
            0.099712
          ],
          [
            -0.011058,
            -0.005269,
            -0.065772
          ],
          [
            -0.01053,
            0.023435,
            -0.042541
          ],
          [
            -0.00035,
            0.028391,
            -0.004995
          ],
          [
            -0.032994,
            -0.050328,
            0.004761
          ],
          [
            -0.096211,
            0.093952,
            -0.069469
          ],
          [
            0.044389,
            0.003149,
            -0.050687
          ],
          [
            -0.017895,
            -0.018434,
            0.044956
          ],
          [
            0.01667,
            -0.012532,
            -0.042593
          ],
          [
            0.007346,
            0.023981,
            -0.001044
          ],
          [
            0.042934,
            0.005813,
            -0.022839
          ],
          [
            0.008853,
            -0.010988,
            -0.01573
          ],
          [
            0.005885,
            -0.007219,
            0.102023
          ],
          [
            -0.002962,
            0.004445,
            -0.0335
          ],
          [
            0.027356,
            0.009863,
            0.020481
          ],
          [
            0.022049,
            -0.021422,
            -0.005452
          ],
          [
            0.072679,
            -0.031329,
            0.006148
          ],
          [
            0.07355,
            0.02232,
            0.006918
          ],
          [
            0.008298,
            0.022761,
            0.046908
          ],
          [
            0.020082,
            0.042875,
            -0.031565
          ],
          [
            0.022951,
            -0.003489,
            -0.010931
          ],
          [
            0.021457,
            -0.01706,
            -0.007139
          ],
          [
            -0.007907,
            -0.001546,
            -0.022622
          ],
          [
            0.027562,
            0.013117,
            -0.024898
          ],
          [
            0.021231,
            0.015581,
            -0.028254
          ],
          [
            -0.007339,
            0.013988,
            0.002694
          ],
          [
            -0.043857,
            -0.07429,
            -0.018934
          ],
          [
            -0.062235,
            -0.03589,
            -0.029988
          ],
          [
            -0.024458,
            -0.004982,
            -0.009632
          ],
          [
            -0.048305,
            0.007825,
            -0.034166
          ],
          [
            -0.016795,
            0.016561,
            0.028517
          ],
          [
            -0.002605,
            0.033379,
            0.090684
          ]
        ],
        "Lattice": [
          [
            14.88,
            0.0,
            0.0
          ],
          [
            -7.44,
            12.886457116,
            0.0
          ],
          [
            0.0,
            0.0,
            15.0
          ]
        ],
        "NumAtoms": 71,
        "Positions": [
          [
            0.0474,
            0.08755,
            0.7502
          ],
          [
            -1.18221,
            2.2393,
            0.74813
          ],
          [
            -2.47276,
            4.32958,
            0.72322
          ],
          [
            11.09082,
            6.46462,
            0.73774
          ],
          [
            9.81983,
            8.6115,
            0.73702
          ],
          [
            -6.21404,
            10.76984,
            0.75191
          ],
          [
            2.5019,
            0.04306,
            0.75128
          ],
          [
            1.31389,
            2.26794,
            0.74868
          ],
          [
            0.08442,
            4.43518,
            0.75711
          ],
          [
            -1.31205,
            6.45655,
            0.86467
          ],
          [
            -2.53938,
            8.61475,
            0.81024
          ],
          [
            -3.7312,
            10.75423,
            0.73534
          ],
          [
            4.98808,
            -0.00287,
            0.73698
          ],
          [
            3.75802,
            2.1844,
            0.75093
          ],
          [
            2.61553,
            4.49017,
            0.73198
          ],
          [
            1.31586,
            6.67572,
            0.8461
          ],
          [
            -0.05662,
            8.62258,
            1.18491
          ],
          [
            -1.22992,
            10.72276,
            0.77046
          ],
          [
            0.06981,
            12.79302,
            0.74688
          ],
          [
            6.25308,
            2.09912,
            0.75086
          ],
          [
            5.02026,
            4.26012,
            0.75004
          ],
          [
            2.20975,
            7.89235,
            0.78367
          ],
          [
            1.35773,
            10.55769,
            0.76773
          ],
          [
            2.56167,
            12.78655,
            0.74171
          ],
          [
            8.72969,
            2.08917,
            0.75083
          ],
          [
            7.46803,
            4.25912,
            0.75101
          ],
          [
            6.00973,
            6.37849,
            0.74817
          ],
          [
            3.75782,
            7.89388,
            0.73988
          ],
          [
            3.90824,
            10.62734,
            0.7417
          ],
          [
            12.45297,
            0.06201,
            0.75063
          ],
          [
            11.18735,
            2.15776,
            0.75033
          ],
          [
            9.91446,
            4.30366,
            0.74992
          ],
          [
            8.56164,
            6.46416,
            0.74865
          ],
          [
            7.2489,
            8.61857,
            0.75037
          ],
          [
            6.2354,
            10.8244,
            0.75158
          ],
          [
            1.28989,
            0.81286,
            0.75081
          ],
          [
            0.07011,
            2.99328,
            0.74742
          ],
          [
            -1.23046,
            5.06135,
            0.75763
          ],
          [
            -2.53948,
            7.17104,
            0.80215
          ],
          [
            -3.7886,
            9.32295,
            0.73847
          ],
          [
            -4.96477,
            11.48474,
            0.74979
          ],
          [
            3.74871,
            0.74227,
            0.74959
          ],
          [
            2.56334,
            2.9995,
            0.74295
          ],
          [
            1.35905,
            5.2267,
            0.7568
          ],
          [
            -0.0567,
            7.15671,
            1.16645
          ],
          [
            -1.31159,
            9.32757,
            0.88842
          ],
          [
            -2.47145,
            11.45634,
            0.72443
          ],
          [
            6.25818,
            0.66163,
            0.74743
          ],
          [
            5.01362,
            2.84007,
            0.75062
          ],
          [
            3.90921,
            5.1605,
            0.74224
          ],
          [
            1.31427,
            9.10785,
            0.86559
          ],
          [
            0.08417,
            11.35017,
            0.76332
          ],
          [
            8.75314,
            0.63285,
            0.74813
          ],
          [
            7.48754,
            2.81498,
            0.75027
          ],
          [
            6.23629,
            4.96468,
            0.75154
          ],
          [
            4.4916,
            6.59577,
            0.74047
          ],
          [
            4.49108,
            9.1927,
            0.74086
          ],
          [
            2.6137,
            11.29565,
            0.73261
          ],
          [
            11.1963,
            0.71553,
            0.75045
          ],
          [
            9.94142,
            2.85873,
            0.7513
          ],
          [
            8.66574,
            5.01913,
            0.75187
          ],
          [
            7.24874,
            7.1705,
            0.75035
          ],
          [
            6.00938,
            9.41038,
            0.74848
          ],
          [
            5.01908,
            11.52868,
            0.74968
          ],
          [
            13.69274,
            0.80265,
            0.75099
          ],
          [
            12.42698,
            2.90288,
            0.7386
          ],
          [
            11.14802,
            5.03359,
            0.73554
          ],
          [
            9.81972,
            7.17751,
            0.73833
          ],
          [
            8.56208,
            9.32497,
            0.74799
          ],
          [
            7.46753,
            11.53001,
            0.75111
          ],
          [
            -0.08781,
            7.8733,
            2.46644
          ]
        ],
        "Stress": [
          [
            -24.48836,
            0.03091,
            -0.04286
          ],
          [
            0.03091,
            -28.26876,
            0.03731
          ],
          [
            -0.04286,
            0.03731,
            -1.1162
          ]
        ],
        "computation_code": "VASP",
        "pseudopotential_information": [
          [
            "PAW_PBE",
            "C",
            "08Apr2002"
          ],
          [
            "PAW_PBE",
            "O",
            "08Apr2002"
          ]
        ]
      }
    ],
    "EnergyStyle": "electronvolt",
    "ForcesStyle": "electronvoltperangstrom",
    "LatticeStyle": "angstrom",
    "PositionsStyle": "angstrom",
    "StressStyle": "kB"
  }
}