{
  "Dataset": {
    "AtomTypeStyle": "chemicalsymbol",
    "Data": [
      {
        "AtomTypes": [
          "C",
          "C",
          "C",
          "C",
          "C",
          "C",
          "C",
          "C",
          "C",
          "C",
          "C",
          "C",
          "C",
          "C",
          "C",
          "C",
          "C",
          "C",
          "C",
          "C",
          "C",
          "C",
          "C",
          "C",
          "C",
          "C",
          "C",
          "C",
          "C",
          "C",
          "C",
          "C",
          "C",
          "C",
          "C",
          "C",
          "C",
          "C",
          "C",
          "C",
          "C",
          "C",
          "C",
          "C",
          "C",
          "C",
          "C",
          "C",
          "C",
          "C",
          "C",
          "C",
          "C",
          "C",
          "C",
          "C",
          "C",
          "C",
          "C",
          "C",
          "C",
          "C",
          "C",
          "C",
          "C",
          "C",
          "C",
          "C",
          "C",
          "C",
          "O"
        ],
        "Energy": -613.95692293,
        "Forces": [
          [
            0.003829,
            0.011989,
            -0.008163
          ],
          [
            0.011951,
            0.000238,
            -0.005129
          ],
          [
            -0.000942,
            0.010052,
            -0.000964
          ],
          [
            0.002046,
            0.002572,
            0.00337
          ],
          [
            -0.000848,
            -0.008484,
            -0.0019
          ],
          [
            -0.004677,
            0.00069,
            -0.008511
          ],
          [
            0.000443,
            0.011888,
            -0.003812
          ],
          [
            0.002077,
            0.007667,
            -0.009366
          ],
          [
            -0.005212,
            -0.00592,
            0.00028
          ],
          [
            -0.000226,
            -0.005316,
            0.011258
          ],
          [
            -0.002146,
            0.003785,
            -0.002308
          ],
          [
            0.004997,
            0.007289,
            0.008812
          ],
          [
            -0.005218,
            0.011303,
            -0.000945
          ],
          [
            -0.00162,
            -0.013053,
            -0.006369
          ],
          [
            -0.000631,
            0.008725,
            -0.003928
          ],
          [
            -0.008623,
            -0.006293,
            0.013642
          ],
          [
            -0.006576,
            0.005421,
            -0.003378
          ],
          [
            0.004931,
            -0.008585,
            -0.005379
          ],
          [
            -0.003674,
            -0.002295,
            0.00118
          ],
          [
            0.000222,
            -0.005062,
            0.005854
          ],
          [
            0.010771,
            -0.004274,
            0.020041
          ],
          [
            3.4e-05,
            0.012045,
            0.008294
          ],
          [
            -0.003178,
            -0.00594,
            -0.00275
          ],
          [
            0.002531,
            0.001384,
            -0.007462
          ],
          [
            0.003302,
            0.00659,
            0.002216
          ],
          [
            -0.011263,
            0.007805,
            -3.1e-05
          ],
          [
            0.005703,
            -0.011727,
            -0.005867
          ],
          [
            -0.006101,
            -0.003849,
            0.009775
          ],
          [
            0.001887,
            -0.001635,
            0.016121
          ],
          [
            -0.006026,
            0.010969,
            -0.005055
          ],
          [
            0.00419,
            -0.001637,
            -0.013129
          ],
          [
            -0.006549,
            -0.002952,
            0.002821
          ],
          [
            -0.003664,
            0.001401,
            -0.014052
          ],
          [
            -0.000634,
            0.005605,
            -0.010017
          ],
          [
            0.000897,
            0.001502,
            0.001466
          ],
          [
            0.006603,
            0.011954,
            -0.011104
          ],
          [
            -0.007187,
            0.001814,
            -0.001171
          ],
          [
            -0.004056,
            -0.005164,
            -0.000602
          ],
          [
            0.00267,
            0.000837,
            0.005204
          ],
          [
            0.001559,
            0.002033,
            0.000428
          ],
          [
            -0.000902,
            -0.004232,
            -0.002516
          ],
          [
            0.002131,
            0.006842,
            -0.000827
          ],
          [
            -0.003082,
            -0.017211,
            -0.008896
          ],
          [
            0.000892,
            -0.006483,
            0.012259
          ],
          [
            -0.009362,
            0.005828,
            0.014023
          ],
          [
            0.00451,
            -0.007361,
            0.000732
          ],
          [
            0.005791,
            -0.000609,
            -0.001159
          ],
          [
            -0.006599,
            0.002936,
            -0.000218
          ],
          [
            0.002494,
            0.000408,
            0.008733
          ],
          [
            -0.004089,
            0.002383,
            0.01329
          ],
          [
            0.006236,
            -0.005513,
            -0.004276
          ],
          [
            -0.003962,
            -0.004568,
            0.000712
          ],
          [
            0.002094,
            -0.000929,
            -0.003351
          ],
          [
            -0.010234,
            0.000697,
            0.002522
          ],
          [
            0.006456,
            -0.000143,
            0.004118
          ],
          [
            0.009021,
            0.001994,
            0.005547
          ],
          [
            0.006876,
            0.004078,
            0.024216
          ],
          [
            0.004724,
            -0.007042,
            0.001433
          ],
          [
            -0.000805,
            5.1e-05,
            -0.016409
          ],
          [
            0.003673,
            -0.01434,
            0.005476
          ],
          [
            -0.000401,
            0.009959,
            -0.007037
          ],
          [
            0.004054,
            0.000759,
            -0.013639
          ],
          [
            -0.004056,
            -0.003674,
            0.006062
          ],
          [
            0.00492,
            -0.002335,
            0.003147
          ],
          [
            -0.001178,
            -0.003658,
            -0.000864
          ],
          [
            0.007577,
            0.001348,
            -0.010799
          ],
          [
            -0.003573,
            0.007356,
            0.005253
          ],
          [
            -0.005568,
            -0.012987,
            0.000312
          ],
          [
            -0.005393,
            -0.005521,
            -0.011092
          ],
          [
            0.005342,
            0.007767,
            -0.009203
          ],
          [
            0.000818,
            -0.009172,
            0.003086
          ]
        ],
        "Lattice": [
          [
            14.88,
            0.0,
            0.0
          ],
          [
            -7.44,
            12.886457116,
            0.0
          ],
          [
            0.0,
            0.0,
            15.0
          ]
        ],
        "NumAtoms": 71,
        "Positions": [
          [
            7.43093,
            12.86919,
            0.67405
          ],
          [
            13.60489,
            2.11145,
            0.68655
          ],
          [
            -2.40117,
            4.28169,
            0.76875
          ],
          [
            -3.70387,
            6.43313,
            0.7964
          ],
          [
            9.878,
            8.58026,
            0.77759
          ],
          [
            8.68404,
            10.72419,
            0.72854
          ],
          [
            -4.95659,
            12.86766,
            0.71105
          ],
          [
            1.17484,
            2.04834,
            0.6739
          ],
          [
            0.16558,
            4.15373,
            0.75292
          ],
          [
            -1.12304,
            6.40247,
            0.83912
          ],
          [
            -2.46617,
            8.55793,
            0.79237
          ],
          [
            -3.70554,
            10.71712,
            0.75288
          ],
          [
            4.93804,
            0.02685,
            0.75191
          ],
          [
            3.60532,
            2.24803,
            0.7553
          ],
          [
            1.66264,
            4.26405,
            0.78104
          ],
          [
            1.58969,
            6.8289,
            1.06657
          ],
          [
            0.01021,
            8.56646,
            0.81638
          ],
          [
            -1.21616,
            10.72889,
            0.76003
          ],
          [
            0.00938,
            12.85765,
            0.75656
          ],
          [
            6.14082,
            2.18263,
            0.77404
          ],
          [
            4.8894,
            4.40003,
            0.81227
          ],
          [
            2.34374,
            8.12224,
            0.86138
          ],
          [
            1.33377,
            10.64006,
            0.75737
          ],
          [
            2.51585,
            12.81738,
            0.74247
          ],
          [
            8.66474,
            2.12443,
            0.76467
          ],
          [
            7.42331,
            4.29926,
            0.78352
          ],
          [
            6.07079,
            6.44493,
            0.7969
          ],
          [
            3.81638,
            8.05209,
            0.81916
          ],
          [
            3.90164,
            10.65236,
            0.73867
          ],
          [
            12.39797,
            0.02257,
            0.69849
          ],
          [
            11.13862,
            2.14993,
            0.73982
          ],
          [
            9.92856,
            4.30453,
            0.77823
          ],
          [
            8.61399,
            6.45978,
            0.79057
          ],
          [
            7.2861,
            8.62251,
            0.76672
          ],
          [
            6.23434,
            10.80608,
            0.71076
          ],
          [
            1.23029,
            0.66418,
            0.67586
          ],
          [
            -0.04711,
            2.75625,
            0.6841
          ],
          [
            -1.08185,
            4.95172,
            0.79307
          ],
          [
            -2.42583,
            7.12292,
            0.81025
          ],
          [
            -3.73339,
            9.27882,
            0.77392
          ],
          [
            -4.94422,
            11.43334,
            0.72939
          ],
          [
            3.67799,
            0.77137,
            0.73767
          ],
          [
            2.28507,
            2.93173,
            0.73171
          ],
          [
            2.3912,
            5.50562,
            1.04379
          ],
          [
            0.08466,
            7.16112,
            0.87479
          ],
          [
            -1.23022,
            9.29038,
            0.78049
          ],
          [
            -2.46994,
            11.46087,
            0.75391
          ],
          [
            6.1848,
            0.72786,
            0.76126
          ],
          [
            4.86021,
            2.95228,
            0.78645
          ],
          [
            3.89734,
            5.51021,
            0.85146
          ],
          [
            1.33323,
            9.18496,
            0.8006
          ],
          [
            0.0553,
            11.40397,
            0.75463
          ],
          [
            8.69591,
            0.67243,
            0.75564
          ],
          [
            7.40905,
            2.85899,
            0.77574
          ],
          [
            6.18385,
            5.0193,
            0.79465
          ],
          [
            4.57793,
            6.76139,
            0.82354
          ],
          [
            4.53619,
            9.26904,
            0.76099
          ],
          [
            2.59024,
            11.33454,
            0.74565
          ],
          [
            11.15036,
            0.71082,
            0.72619
          ],
          [
            9.90018,
            2.86359,
            0.76273
          ],
          [
            8.66432,
            5.02498,
            0.7863
          ],
          [
            7.30612,
            7.17901,
            0.78717
          ],
          [
            6.03852,
            9.41333,
            0.74426
          ],
          [
            5.00624,
            11.51636,
            0.70792
          ],
          [
            13.63389,
            0.6981,
            0.67547
          ],
          [
            12.38881,
            2.85337,
            0.73041
          ],
          [
            11.20042,
            5.0007,
            0.78512
          ],
          [
            9.89275,
            7.14858,
            0.78998
          ],
          [
            8.60158,
            9.29747,
            0.75956
          ],
          [
            7.46359,
            11.45989,
            0.70055
          ],
          [
            1.94832,
            6.16002,
            2.31785
          ]
        ],
        "Stress": [
          [
            -36.1161,
            22.60033,
            -1e-05
          ],
          [
            22.60033,
            -9.5149,
            -0.01467
          ],
          [
            -1e-05,
            -0.01467,
            -1.15069
          ]
        ],
        "computation_code": "VASP",
        "pseudopotential_information": [
          [
            "PAW_PBE",
            "C",
            "08Apr2002"
          ],
          [
            "PAW_PBE",
            "O",
            "08Apr2002"
          ]
        ]
      }
    ],
    "EnergyStyle": "electronvolt",
    "ForcesStyle": "electronvoltperangstrom",
    "LatticeStyle": "angstrom",
    "PositionsStyle": "angstrom",
    "StressStyle": "kB"
  }
}