{
  "Dataset": {
    "AtomTypeStyle": "chemicalsymbol",
    "Data": [
      {
        "AtomTypes": [
          "C",
          "C",
          "C",
          "C",
          "C",
          "C",
          "C",
          "C",
          "C",
          "C",
          "C",
          "C",
          "C",
          "C",
          "C",
          "C",
          "C",
          "C",
          "C",
          "C",
          "C",
          "C",
          "C",
          "C",
          "C",
          "C",
          "C",
          "C",
          "C",
          "C",
          "C",
          "C",
          "C",
          "C",
          "C",
          "C",
          "C",
          "C",
          "C",
          "C",
          "C",
          "C",
          "C",
          "C",
          "C",
          "C",
          "C",
          "C",
          "C",
          "C",
          "C",
          "C",
          "C",
          "C",
          "C",
          "C",
          "C",
          "C",
          "C",
          "C",
          "C",
          "C",
          "C",
          "C",
          "C",
          "C",
          "C",
          "C",
          "C",
          "C",
          "O"
        ],
        "Energy": -613.95922401,
        "Forces": [
          [
            0.000232,
            0.004326,
            -0.011371
          ],
          [
            -0.003588,
            -0.001575,
            -0.006315
          ],
          [
            -0.003283,
            -0.009833,
            0.002569
          ],
          [
            -0.002761,
            -0.000333,
            -0.00854
          ],
          [
            0.004771,
            0.007313,
            -0.006414
          ],
          [
            0.003892,
            -0.007378,
            -0.007989
          ],
          [
            0.000256,
            0.006931,
            -0.004351
          ],
          [
            -0.000278,
            0.007066,
            -0.002858
          ],
          [
            0.000906,
            -0.012756,
            0.002277
          ],
          [
            -0.001306,
            0.001874,
            -0.003122
          ],
          [
            0.005635,
            -0.013233,
            0.001902
          ],
          [
            0.00329,
            -0.002477,
            -0.00613
          ],
          [
            0.006398,
            6.8e-05,
            0.00528
          ],
          [
            -0.00622,
            0.01089,
            -0.001608
          ],
          [
            0.003011,
            -0.007492,
            0.008349
          ],
          [
            -0.000379,
            0.004055,
            0.011662
          ],
          [
            -8e-05,
            -0.005347,
            0.010457
          ],
          [
            0.004329,
            0.00229,
            -0.0033
          ],
          [
            0.004144,
            -0.016537,
            -0.000323
          ],
          [
            -0.003318,
            0.005866,
            0.003436
          ],
          [
            0.007591,
            -0.012345,
            0.003582
          ],
          [
            -0.007143,
            0.004381,
            0.008217
          ],
          [
            0.000126,
            0.017487,
            0.011402
          ],
          [
            -0.004538,
            -0.012968,
            0.001121
          ],
          [
            -0.00296,
            0.003686,
            -0.008697
          ],
          [
            -0.001067,
            -0.000907,
            5.8e-05
          ],
          [
            0.001529,
            -0.004532,
            0.00678
          ],
          [
            0.002379,
            -0.005328,
            0.008371
          ],
          [
            -0.010287,
            0.001013,
            -0.00778
          ],
          [
            0.004392,
            -0.00969,
            0.006574
          ],
          [
            0.018621,
            0.009926,
            -0.007745
          ],
          [
            0.007374,
            0.010514,
            -0.010299
          ],
          [
            6.5e-05,
            -0.003191,
            0.004263
          ],
          [
            -0.005703,
            -0.005385,
            0.004324
          ],
          [
            0.005594,
            0.001782,
            0.00646
          ],
          [
            -0.001063,
            -0.003196,
            -0.01432
          ],
          [
            -0.005748,
            -0.001358,
            -0.008692
          ],
          [
            -0.004496,
            0.00015,
            0.005131
          ],
          [
            0.000754,
            -0.001478,
            -0.002565
          ],
          [
            -0.006308,
            0.000387,
            -0.009093
          ],
          [
            -0.003919,
            0.001606,
            -0.01772
          ],
          [
            -0.006158,
            -0.007193,
            0.004643
          ],
          [
            0.011065,
            -0.000399,
            0.018506
          ],
          [
            -0.018202,
            0.000501,
            0.009965
          ],
          [
            0.002023,
            0.003049,
            0.000525
          ],
          [
            0.007493,
            0.005288,
            0.014549
          ],
          [
            -0.00027,
            -0.001318,
            -0.004121
          ],
          [
            0.003853,
            0.006857,
            0.002981
          ],
          [
            -0.006596,
            -0.009985,
            -0.006551
          ],
          [
            0.008442,
            0.006125,
            0.004218
          ],
          [
            -0.001931,
            0.003871,
            0.004998
          ],
          [
            0.001381,
            0.00016,
            0.009331
          ],
          [
            -0.018373,
            -0.004941,
            -0.008263
          ],
          [
            -0.004645,
            0.001888,
            -0.000204
          ],
          [
            -0.000748,
            -0.006878,
            -0.000267
          ],
          [
            0.008068,
            0.024586,
            0.003539
          ],
          [
            0.006051,
            -0.003441,
            0.000729
          ],
          [
            0.005767,
            -0.001161,
            -0.001837
          ],
          [
            -0.006587,
            -0.002426,
            0.008376
          ],
          [
            0.001221,
            0.012923,
            -0.011193
          ],
          [
            -0.00918,
            0.008298,
            -0.00182
          ],
          [
            0.001284,
            -0.006398,
            0.019086
          ],
          [
            -0.001029,
            0.000693,
            -0.01398
          ],
          [
            0.000191,
            0.005614,
            -0.000474
          ],
          [
            0.004523,
            -0.001733,
            -0.009247
          ],
          [
            0.009091,
            0.00127,
            -0.0024
          ],
          [
            0.002186,
            -0.006635,
            -0.006106
          ],
          [
            0.001588,
            0.004858,
            -0.001658
          ],
          [
            -0.000795,
            0.003776,
            -0.006203
          ],
          [
            -0.009266,
            9e-05,
            0.010486
          ],
          [
            -0.001288,
            -0.00161,
            -0.000587
          ]
        ],
        "Lattice": [
          [
            14.88,
            0.0,
            0.0
          ],
          [
            -7.44,
            12.886457116,
            0.0
          ],
          [
            0.0,
            0.0,
            15.0
          ]
        ],
        "NumAtoms": 71,
        "Positions": [
          [
            7.43146,
            12.87033,
            0.649
          ],
          [
            13.60519,
            2.1127,
            0.66319
          ],
          [
            -2.40158,
            4.28239,
            0.76745
          ],
          [
            -3.70439,
            6.43329,
            0.80729
          ],
          [
            9.87746,
            8.58014,
            0.78284
          ],
          [
            8.68409,
            10.72496,
            0.72039
          ],
          [
            -4.95639,
            12.86868,
            0.69744
          ],
          [
            1.1752,
            2.04978,
            0.64776
          ],
          [
            0.16548,
            4.1548,
            0.74398
          ],
          [
            -1.12382,
            6.40234,
            0.84957
          ],
          [
            -2.4669,
            8.55842,
            0.79992
          ],
          [
            -3.70568,
            10.71782,
            0.7557
          ],
          [
            4.93793,
            0.02716,
            0.75004
          ],
          [
            3.60566,
            2.2482,
            0.7489
          ],
          [
            1.66241,
            4.26489,
            0.77599
          ],
          [
            1.58888,
            6.82795,
            1.07812
          ],
          [
            0.00988,
            8.5661,
            0.82195
          ],
          [
            -1.21617,
            10.72832,
            0.76081
          ],
          [
            0.00963,
            12.85738,
            0.75944
          ],
          [
            6.14115,
            2.18217,
            0.78176
          ],
          [
            4.89001,
            4.39994,
            0.82431
          ],
          [
            2.34376,
            8.12129,
            0.87313
          ],
          [
            1.33415,
            10.6387,
            0.75952
          ],
          [
            2.51647,
            12.81723,
            0.73996
          ],
          [
            8.66504,
            2.12399,
            0.77266
          ],
          [
            7.4233,
            4.29911,
            0.79351
          ],
          [
            6.071,
            6.44482,
            0.80384
          ],
          [
            3.81646,
            8.05196,
            0.8316
          ],
          [
            3.90256,
            10.65259,
            0.74499
          ],
          [
            12.39821,
            0.02331,
            0.67964
          ],
          [
            11.13866,
            2.14971,
            0.73191
          ],
          [
            9.92816,
            4.30379,
            0.78704
          ],
          [
            8.61357,
            6.45974,
            0.79382
          ],
          [
            7.28622,
            8.62326,
            0.76774
          ],
          [
            6.23478,
            10.80669,
            0.70293
          ],
          [
            1.2309,
            0.66556,
            0.6516
          ],
          [
            -0.04693,
            2.75782,
            0.66131
          ],
          [
            -1.08235,
            4.95205,
            0.79374
          ],
          [
            -2.42651,
            7.12323,
            0.82138
          ],
          [
            -3.73386,
            9.2793,
            0.78063
          ],
          [
            -4.94417,
            11.43414,
            0.72425
          ],
          [
            3.67837,
            0.77215,
            0.72942
          ],
          [
            2.28512,
            2.93216,
            0.71643
          ],
          [
            2.39121,
            5.5035,
            1.05157
          ],
          [
            0.08388,
            7.161,
            0.88566
          ],
          [
            -1.23063,
            9.28993,
            0.78357
          ],
          [
            -2.46979,
            11.46104,
            0.75468
          ],
          [
            6.18484,
            0.72754,
            0.76408
          ],
          [
            4.86076,
            2.95243,
            0.79315
          ],
          [
            3.89733,
            5.50946,
            0.86264
          ],
          [
            1.3334,
            9.18372,
            0.80624
          ],
          [
            0.05553,
            11.40319,
            0.75489
          ],
          [
            8.69662,
            0.67207,
            0.75933
          ],
          [
            7.40921,
            2.85866,
            0.78626
          ],
          [
            6.18432,
            5.01945,
            0.80558
          ],
          [
            4.5777,
            6.76054,
            0.83405
          ],
          [
            4.53664,
            9.26932,
            0.77331
          ],
          [
            2.5907,
            11.33394,
            0.74859
          ],
          [
            11.15072,
            0.71088,
            0.71337
          ],
          [
            9.90033,
            2.86263,
            0.76825
          ],
          [
            8.66428,
            5.02472,
            0.79383
          ],
          [
            7.30599,
            7.1795,
            0.78852
          ],
          [
            6.03874,
            9.41399,
            0.74925
          ],
          [
            5.00677,
            11.5168,
            0.70056
          ],
          [
            13.63405,
            0.69906,
            0.64985
          ],
          [
            12.3887,
            2.85399,
            0.71779
          ],
          [
            11.19978,
            5.00095,
            0.79306
          ],
          [
            9.89209,
            7.1483,
            0.79706
          ],
          [
            8.60141,
            9.2979,
            0.75874
          ],
          [
            7.46415,
            11.46088,
            0.68314
          ],
          [
            1.9457,
            6.1526,
            2.32612
          ]
        ],
        "Stress": [
          [
            -36.20273,
            22.57203,
            -0.00261
          ],
          [
            22.57203,
            -9.74723,
            -0.0039
          ],
          [
            -0.00261,
            -0.0039,
            -1.15589
          ]
        ],
        "computation_code": "VASP",
        "pseudopotential_information": [
          [
            "PAW_PBE",
            "C",
            "08Apr2002"
          ],
          [
            "PAW_PBE",
            "O",
            "08Apr2002"
          ]
        ]
      }
    ],
    "EnergyStyle": "electronvolt",
    "ForcesStyle": "electronvoltperangstrom",
    "LatticeStyle": "angstrom",
    "PositionsStyle": "angstrom",
    "StressStyle": "kB"
  }
}