{
  "Dataset": {
    "AtomTypeStyle": "chemicalsymbol",
    "Data": [
      {
        "AtomTypes": [
          "C",
          "C",
          "C",
          "C",
          "C",
          "C",
          "C",
          "C",
          "C",
          "C",
          "C",
          "C",
          "C",
          "C",
          "C",
          "C",
          "C",
          "C",
          "C",
          "C",
          "C",
          "C",
          "C",
          "C",
          "C",
          "C",
          "C",
          "C",
          "C",
          "C",
          "C",
          "C",
          "C",
          "C",
          "C",
          "C",
          "C",
          "C",
          "C",
          "C",
          "C",
          "C",
          "C",
          "C",
          "C",
          "C",
          "C",
          "C",
          "C",
          "C",
          "C",
          "C",
          "C",
          "C",
          "C",
          "C",
          "C",
          "C",
          "C",
          "C",
          "C",
          "C",
          "C",
          "C",
          "C",
          "C",
          "C",
          "C",
          "C",
          "C",
          "O"
        ],
        "Energy": -613.72959251,
        "Forces": [
          [
            -0.014016,
            0.022408,
            -0.05111
          ],
          [
            -0.000757,
            -0.059056,
            0.103078
          ],
          [
            -0.02352,
            0.046369,
            -0.106067
          ],
          [
            -0.011679,
            0.109793,
            0.100484
          ],
          [
            -0.017311,
            -0.024308,
            0.025527
          ],
          [
            0.012114,
            -0.008885,
            -0.008463
          ],
          [
            0.014018,
            -0.029062,
            -0.053131
          ],
          [
            0.027831,
            -0.065961,
            0.048262
          ],
          [
            -0.072965,
            0.032716,
            -0.06766
          ],
          [
            0.096761,
            -0.177709,
            -0.130865
          ],
          [
            0.049445,
            0.008506,
            -0.036726
          ],
          [
            -0.020483,
            0.040067,
            0.018875
          ],
          [
            0.016736,
            0.003549,
            -0.019966
          ],
          [
            0.001559,
            -0.036481,
            0.015973
          ],
          [
            0.024068,
            -0.094216,
            0.065355
          ],
          [
            0.034172,
            0.028986,
            0.026893
          ],
          [
            -0.002882,
            0.028095,
            -0.041519
          ],
          [
            0.027274,
            -0.022905,
            0.004758
          ],
          [
            -0.014202,
            -0.00718,
            0.006603
          ],
          [
            0.0026,
            -0.025368,
            0.014119
          ],
          [
            -0.000821,
            0.002143,
            0.006263
          ],
          [
            0.075637,
            -0.001477,
            0.069794
          ],
          [
            0.054034,
            0.039444,
            -0.035731
          ],
          [
            0.011702,
            0.052593,
            -0.034308
          ],
          [
            0.012514,
            -0.022131,
            -0.056307
          ],
          [
            -0.026446,
            -0.00813,
            -0.035963
          ],
          [
            -0.010497,
            -0.03082,
            -0.030909
          ],
          [
            -0.028758,
            -0.002426,
            -0.011521
          ],
          [
            -0.034507,
            -0.023109,
            -0.005864
          ],
          [
            0.01771,
            0.057353,
            -0.04415
          ],
          [
            -0.057205,
            -0.026929,
            0.07587
          ],
          [
            -0.008166,
            0.012557,
            0.128279
          ],
          [
            -0.034368,
            -0.041313,
            0.020053
          ],
          [
            -0.043179,
            0.003202,
            -0.020118
          ],
          [
            0.050963,
            -0.017483,
            0.024913
          ],
          [
            0.033857,
            -0.027662,
            -0.051444
          ],
          [
            -0.030861,
            -0.081139,
            -0.03734
          ],
          [
            0.051203,
            0.204525,
            -0.180194
          ],
          [
            -0.056659,
            -0.058532,
            -0.101644
          ],
          [
            -0.059371,
            0.025734,
            0.084329
          ],
          [
            0.035625,
            -0.020354,
            -0.032128
          ],
          [
            0.000957,
            0.005483,
            -0.016413
          ],
          [
            0.062297,
            -0.011404,
            0.088595
          ],
          [
            0.052404,
            0.041259,
            0.168798
          ],
          [
            -0.085063,
            -0.027151,
            -0.100055
          ],
          [
            0.010064,
            0.106794,
            0.116309
          ],
          [
            -0.011321,
            -0.027382,
            -0.03847
          ],
          [
            -0.001913,
            0.019308,
            0.013564
          ],
          [
            -0.003804,
            -0.020117,
            0.006394
          ],
          [
            -0.022575,
            0.00152,
            0.066799
          ],
          [
            0.036944,
            0.062219,
            0.059613
          ],
          [
            -0.016946,
            0.00111,
            -0.048731
          ],
          [
            0.015361,
            0.021522,
            -0.010633
          ],
          [
            -0.02893,
            -0.000826,
            -0.015224
          ],
          [
            -0.00543,
            0.027857,
            -0.020045
          ],
          [
            0.016326,
            0.006523,
            -0.024482
          ],
          [
            0.028447,
            0.050164,
            -0.022661
          ],
          [
            0.00801,
            0.007411,
            -0.046046
          ],
          [
            -0.031604,
            -0.054179,
            0.010187
          ],
          [
            -0.038924,
            -0.001828,
            0.008856
          ],
          [
            -0.041044,
            0.033673,
            0.0156
          ],
          [
            -0.022798,
            0.046929,
            -0.037939
          ],
          [
            0.034535,
            0.02896,
            0.000362
          ],
          [
            0.006122,
            0.014798,
            0.004788
          ],
          [
            -0.014359,
            -0.040193,
            -0.018048
          ],
          [
            0.028773,
            -0.055382,
            -0.048014
          ],
          [
            -0.017932,
            -0.101926,
            0.095384
          ],
          [
            -0.005857,
            0.017741,
            0.142998
          ],
          [
            0.003185,
            0.002428,
            -0.050347
          ],
          [
            -0.033069,
            0.001889,
            0.016665
          ],
          [
            -0.003025,
            0.037398,
            0.035894
          ]
        ],
        "Lattice": [
          [
            14.88,
            0.0,
            0.0
          ],
          [
            -7.44,
            12.886457116,
            0.0
          ],
          [
            0.0,
            0.0,
            15.0
          ]
        ],
        "NumAtoms": 71,
        "Positions": [
          [
            7.43808,
            12.8744,
            0.74797
          ],
          [
            13.6129,
            2.11858,
            0.75798
          ],
          [
            -2.44804,
            4.25773,
            0.8725
          ],
          [
            -3.70311,
            6.44071,
            0.81337
          ],
          [
            9.87443,
            8.57927,
            0.74039
          ],
          [
            8.68179,
            10.72356,
            0.75104
          ],
          [
            -4.95738,
            12.86625,
            0.7495
          ],
          [
            1.19674,
            2.05444,
            0.72308
          ],
          [
            0.19971,
            4.141,
            0.86335
          ],
          [
            -1.11225,
            6.43486,
            1.11557
          ],
          [
            -2.4762,
            8.56277,
            0.78287
          ],
          [
            -3.70916,
            10.71785,
            0.74125
          ],
          [
            4.937,
            0.01757,
            0.75098
          ],
          [
            3.60176,
            2.24362,
            0.74418
          ],
          [
            1.66198,
            4.31041,
            0.81454
          ],
          [
            1.61491,
            6.82239,
            0.80386
          ],
          [
            0.03382,
            8.5609,
            0.76537
          ],
          [
            -1.21324,
            10.71338,
            0.74632
          ],
          [
            0.00643,
            12.8506,
            0.75063
          ],
          [
            6.1387,
            2.17888,
            0.75076
          ],
          [
            4.87448,
            4.39471,
            0.7478
          ],
          [
            2.34643,
            8.07435,
            0.73923
          ],
          [
            1.33203,
            10.62709,
            0.73898
          ],
          [
            2.51407,
            12.81092,
            0.74967
          ],
          [
            8.65883,
            2.11903,
            0.74978
          ],
          [
            7.41247,
            4.29664,
            0.74816
          ],
          [
            6.05337,
            6.44379,
            0.74975
          ],
          [
            3.81772,
            8.04746,
            0.73929
          ],
          [
            3.90022,
            10.65694,
            0.75022
          ],
          [
            12.39869,
            0.02799,
            0.74846
          ],
          [
            11.13011,
            2.14522,
            0.73378
          ],
          [
            9.91854,
            4.30088,
            0.74461
          ],
          [
            8.6067,
            6.45944,
            0.74007
          ],
          [
            7.28396,
            8.62058,
            0.75171
          ],
          [
            6.23331,
            10.80998,
            0.75104
          ],
          [
            1.23542,
            0.66395,
            0.73714
          ],
          [
            -0.02841,
            2.76948,
            0.7656
          ],
          [
            -1.08906,
            4.92364,
            1.11984
          ],
          [
            -2.45453,
            7.14797,
            0.87538
          ],
          [
            -3.73725,
            9.28124,
            0.73873
          ],
          [
            -4.94801,
            11.43023,
            0.75002
          ],
          [
            3.6781,
            0.76267,
            0.74733
          ],
          [
            2.30135,
            2.91594,
            0.74591
          ],
          [
            2.37197,
            5.54191,
            0.78619
          ],
          [
            0.17085,
            7.15822,
            0.8552
          ],
          [
            -1.22058,
            9.28375,
            0.76065
          ],
          [
            -2.47176,
            11.45615,
            0.74887
          ],
          [
            6.18511,
            0.72355,
            0.7506
          ],
          [
            4.86181,
            2.95476,
            0.74861
          ],
          [
            3.8505,
            5.52285,
            0.74682
          ],
          [
            1.32929,
            9.18728,
            0.72376
          ],
          [
            0.05616,
            11.39774,
            0.74752
          ],
          [
            8.69336,
            0.67079,
            0.75081
          ],
          [
            7.40471,
            2.85753,
            0.75184
          ],
          [
            6.16605,
            5.01616,
            0.75
          ],
          [
            4.57544,
            6.76644,
            0.74546
          ],
          [
            4.53353,
            9.27024,
            0.7479
          ],
          [
            2.59243,
            11.33418,
            0.75091
          ],
          [
            11.14797,
            0.71014,
            0.73972
          ],
          [
            9.89639,
            2.86247,
            0.73937
          ],
          [
            8.65375,
            5.02363,
            0.73965
          ],
          [
            7.29969,
            7.18065,
            0.74825
          ],
          [
            6.0331,
            9.41769,
            0.75164
          ],
          [
            5.00613,
            11.52353,
            0.75115
          ],
          [
            13.63844,
            0.71377,
            0.74571
          ],
          [
            12.37784,
            2.854,
            0.77604
          ],
          [
            11.19163,
            4.99403,
            0.81377
          ],
          [
            9.8885,
            7.15036,
            0.74488
          ],
          [
            8.59703,
            9.29677,
            0.74939
          ],
          [
            7.46345,
            11.46482,
            0.75114
          ],
          [
            -1.09815,
            5.67014,
            2.38614
          ]
        ],
        "Stress": [
          [
            -35.43945,
            22.42618,
            0.0158
          ],
          [
            22.42618,
            -10.37351,
            0.04001
          ],
          [
            0.0158,
            0.04001,
            -1.20976
          ]
        ],
        "computation_code": "VASP",
        "pseudopotential_information": [
          [
            "PAW_PBE",
            "C",
            "08Apr2002"
          ],
          [
            "PAW_PBE",
            "O",
            "08Apr2002"
          ]
        ]
      }
    ],
    "EnergyStyle": "electronvolt",
    "ForcesStyle": "electronvoltperangstrom",
    "LatticeStyle": "angstrom",
    "PositionsStyle": "angstrom",
    "StressStyle": "kB"
  }
}