{
  "Dataset": {
    "AtomTypeStyle": "chemicalsymbol",
    "Data": [
      {
        "AtomTypes": [
          "C",
          "C",
          "C",
          "C",
          "C",
          "C",
          "C",
          "C",
          "C",
          "C",
          "C",
          "C",
          "C",
          "C",
          "C",
          "C",
          "C",
          "C",
          "C",
          "C",
          "C",
          "C",
          "C",
          "C",
          "C",
          "C",
          "C",
          "C",
          "C",
          "C",
          "C",
          "C",
          "C",
          "C",
          "C",
          "C",
          "C",
          "C",
          "C",
          "C",
          "C",
          "C",
          "C",
          "C",
          "C",
          "C",
          "C",
          "C",
          "C",
          "C",
          "C",
          "C",
          "C",
          "C",
          "C",
          "C",
          "C",
          "C",
          "C",
          "C",
          "C",
          "C",
          "C",
          "C",
          "C",
          "C",
          "C",
          "C",
          "O"
        ],
        "Energy": -534.34532669,
        "Forces": [
          [
            -0.003196,
            -0.015337,
            0.0
          ],
          [
            0.005961,
            -0.01456,
            0.0
          ],
          [
            -0.005237,
            0.007505,
            0.0
          ],
          [
            -0.001811,
            0.019831,
            0.0
          ],
          [
            0.002797,
            0.028745,
            0.0
          ],
          [
            -0.009359,
            0.021825,
            0.0
          ],
          [
            0.009146,
            0.003807,
            0.0
          ],
          [
            0.001501,
            0.004732,
            0.0
          ],
          [
            -0.028869,
            0.015165,
            0.0
          ],
          [
            0.016732,
            0.014815,
            0.0
          ],
          [
            0.008319,
            0.010432,
            0.0
          ],
          [
            0.006487,
            -0.029415,
            0.0
          ],
          [
            0.012123,
            0.012053,
            0.0
          ],
          [
            0.004251,
            0.029948,
            0.0
          ],
          [
            -0.002883,
            -0.022873,
            0.0
          ],
          [
            -0.020908,
            -0.027943,
            0.0
          ],
          [
            0.016986,
            -0.004676,
            0.0
          ],
          [
            0.011005,
            0.008289,
            0.0
          ],
          [
            0.014998,
            -0.002223,
            0.0
          ],
          [
            9.4e-05,
            0.009686,
            0.0
          ],
          [
            -0.005598,
            -0.009222,
            0.0
          ],
          [
            0.003563,
            -0.021457,
            0.0
          ],
          [
            0.004205,
            -0.008402,
            0.0
          ],
          [
            -0.007659,
            -0.010564,
            0.0
          ],
          [
            0.000512,
            0.023272,
            0.0
          ],
          [
            0.000326,
            -0.00791,
            0.0
          ],
          [
            -0.002265,
            -0.024831,
            0.0
          ],
          [
            0.001917,
            0.004511,
            0.0
          ],
          [
            0.001926,
            -0.005198,
            0.0
          ],
          [
            -0.013704,
            -0.019957,
            0.0
          ],
          [
            -0.004319,
            0.001468,
            0.0
          ],
          [
            0.038732,
            -0.002203,
            0.0
          ],
          [
            -0.004286,
            0.008644,
            0.0
          ],
          [
            -0.007853,
            -0.016491,
            0.0
          ],
          [
            -0.002998,
            0.006635,
            0.0
          ],
          [
            -0.009022,
            0.018246,
            0.0
          ],
          [
            -0.007111,
            0.008199,
            0.0
          ],
          [
            0.00537,
            0.017324,
            0.0
          ],
          [
            0.004818,
            -0.00213,
            0.0
          ],
          [
            0.021963,
            -0.001586,
            0.0
          ],
          [
            0.002753,
            0.023446,
            0.0
          ],
          [
            0.005355,
            -0.025522,
            0.0
          ],
          [
            -0.012051,
            0.01626,
            0.0
          ],
          [
            -0.001671,
            -0.009998,
            0.0
          ],
          [
            0.006448,
            -0.017637,
            0.0
          ],
          [
            -0.013428,
            0.008239,
            0.0
          ],
          [
            0.010218,
            0.018456,
            0.0
          ],
          [
            -0.001422,
            0.017047,
            0.0
          ],
          [
            0.003741,
            -0.005853,
            0.0
          ],
          [
            0.004347,
            -0.037385,
            0.0
          ],
          [
            -0.011376,
            -0.01416,
            0.0
          ],
          [
            0.002658,
            -0.012478,
            0.0
          ],
          [
            -0.010925,
            0.000866,
            0.0
          ],
          [
            0.037983,
            -0.010108,
            0.0
          ],
          [
            0.012594,
            -0.00405,
            0.0
          ],
          [
            -0.005327,
            0.002047,
            0.0
          ],
          [
            -0.002087,
            -0.020461,
            0.0
          ],
          [
            -0.010573,
            -0.02036,
            0.0
          ],
          [
            -0.022951,
            -0.016261,
            0.0
          ],
          [
            0.006604,
            -0.007347,
            0.0
          ],
          [
            0.01446,
            0.005931,
            0.0
          ],
          [
            -0.020017,
            -0.007416,
            0.0
          ],
          [
            -0.027548,
            -0.005803,
            0.0
          ],
          [
            -0.009383,
            -0.001854,
            0.0
          ],
          [
            -0.01242,
            0.015382,
            0.0
          ],
          [
            0.003593,
            0.044435,
            0.0
          ],
          [
            -0.002366,
            0.021309,
            0.0
          ],
          [
            -0.00699,
            -0.007316,
            0.0
          ],
          [
            0.003127,
            0.022437,
            0.0
          ]
        ],
        "Lattice": [
          [
            14.79,
            0.0,
            0.0
          ],
          [
            -7.395,
            12.808514835,
            0.0
          ],
          [
            0.0,
            0.0,
            14.909274194
          ]
        ],
        "NumAtoms": 69,
        "Positions": [
          [
            0.03311,
            0.10401,
            0.74546
          ],
          [
            13.52406,
            2.17509,
            0.74546
          ],
          [
            12.26232,
            4.25849,
            0.74546
          ],
          [
            11.06069,
            6.4087,
            0.74546
          ],
          [
            9.80229,
            8.56058,
            0.74546
          ],
          [
            -6.15077,
            10.7238,
            0.74546
          ],
          [
            2.46539,
            0.08846,
            0.74546
          ],
          [
            1.22157,
            2.32522,
            0.74546
          ],
          [
            -1.17901,
            6.33027,
            0.74546
          ],
          [
            -2.46643,
            8.50534,
            0.74546
          ],
          [
            -3.68691,
            10.68892,
            0.74546
          ],
          [
            4.92515,
            0.03016,
            0.74546
          ],
          [
            3.625,
            2.3037,
            0.74546
          ],
          [
            1.59709,
            6.51313,
            0.74546
          ],
          [
            0.04012,
            8.40214,
            0.74546
          ],
          [
            -1.18803,
            10.61558,
            0.74546
          ],
          [
            0.03285,
            12.73151,
            0.74546
          ],
          [
            6.14293,
            2.14276,
            0.74546
          ],
          [
            4.93138,
            4.33508,
            0.74546
          ],
          [
            2.33513,
            7.83313,
            0.74546
          ],
          [
            1.3502,
            10.47362,
            0.74546
          ],
          [
            2.50663,
            12.69874,
            0.74546
          ],
          [
            8.61763,
            2.08654,
            0.74546
          ],
          [
            7.38587,
            4.26271,
            0.74546
          ],
          [
            6.02308,
            6.40408,
            0.74546
          ],
          [
            3.80488,
            7.9198,
            0.74546
          ],
          [
            3.89814,
            10.57249,
            0.74546
          ],
          [
            12.34353,
            0.0493,
            0.74546
          ],
          [
            11.05109,
            2.12317,
            0.74546
          ],
          [
            9.81368,
            4.27684,
            0.74546
          ],
          [
            8.53749,
            6.44098,
            0.74546
          ],
          [
            7.24435,
            8.59927,
            0.74546
          ],
          [
            6.22007,
            10.78768,
            0.74546
          ],
          [
            1.24689,
            0.84861,
            0.74546
          ],
          [
            -0.07543,
            2.90677,
            0.74546
          ],
          [
            -1.30497,
            4.93704,
            0.74546
          ],
          [
            -2.45299,
            7.07928,
            0.74546
          ],
          [
            -3.71738,
            9.24823,
            0.74546
          ],
          [
            -4.9177,
            11.43517,
            0.74546
          ],
          [
            3.675,
            0.81412,
            0.74546
          ],
          [
            2.41099,
            3.12378,
            0.74546
          ],
          [
            2.48894,
            5.15231,
            0.74546
          ],
          [
            0.12906,
            6.95408,
            0.74546
          ],
          [
            -1.1985,
            9.17293,
            0.74546
          ],
          [
            -2.44109,
            11.38451,
            0.74546
          ],
          [
            6.17609,
            0.69387,
            0.74546
          ],
          [
            4.90402,
            2.92602,
            0.74546
          ],
          [
            3.878,
            5.36732,
            0.74546
          ],
          [
            1.33288,
            8.99326,
            0.74546
          ],
          [
            0.08183,
            11.26854,
            0.74546
          ],
          [
            8.65268,
            0.63275,
            0.74546
          ],
          [
            7.38287,
            2.82629,
            0.74546
          ],
          [
            6.17235,
            4.98058,
            0.74546
          ],
          [
            4.5627,
            6.68188,
            0.74546
          ],
          [
            4.51012,
            9.19619,
            0.74546
          ],
          [
            2.58251,
            11.21483,
            0.74546
          ],
          [
            11.08104,
            0.6919,
            0.74546
          ],
          [
            9.81819,
            2.83799,
            0.74546
          ],
          [
            8.58719,
            5.00406,
            0.74546
          ],
          [
            7.25139,
            7.16157,
            0.74546
          ],
          [
            6.00887,
            9.38618,
            0.74546
          ],
          [
            4.99064,
            11.46659,
            0.74546
          ],
          [
            13.56879,
            0.76671,
            0.74546
          ],
          [
            12.26353,
            2.8432,
            0.74546
          ],
          [
            11.03904,
            4.98843,
            0.74546
          ],
          [
            9.79965,
            7.13397,
            0.74546
          ],
          [
            8.54636,
            9.28585,
            0.74546
          ],
          [
            7.43866,
            11.47832,
            0.74546
          ],
          [
            -0.122,
            4.25694,
            0.74546
          ]
        ],
        "Stress": [
          [
            -28.80533,
            19.04419,
            0.0
          ],
          [
            19.04419,
            -38.89905,
            0.0
          ],
          [
            0.0,
            0.0,
            -1.1392
          ]
        ],
        "computation_code": "VASP",
        "pseudopotential_information": [
          [
            "PAW_PBE",
            "C",
            "08Apr2002"
          ],
          [
            "PAW_PBE",
            "O",
            "08Apr2002"
          ]
        ]
      }
    ],
    "EnergyStyle": "electronvolt",
    "ForcesStyle": "electronvoltperangstrom",
    "LatticeStyle": "angstrom",
    "PositionsStyle": "angstrom",
    "StressStyle": "kB"
  }
}