{
  "Dataset": {
    "AtomTypeStyle": "chemicalsymbol",
    "Data": [
      {
        "AtomTypes": [
          "C",
          "C",
          "C",
          "C",
          "C",
          "C",
          "C",
          "C",
          "C",
          "C",
          "C",
          "C",
          "C",
          "C",
          "C",
          "C",
          "C",
          "C",
          "C",
          "C",
          "C",
          "C",
          "C",
          "C",
          "C",
          "C",
          "C",
          "C",
          "C",
          "C",
          "C",
          "C",
          "C",
          "C",
          "C",
          "C",
          "C",
          "C",
          "C",
          "C",
          "C",
          "C",
          "C",
          "C",
          "C",
          "C",
          "C",
          "C",
          "C",
          "C",
          "C",
          "C",
          "C",
          "C",
          "C",
          "C",
          "C",
          "C",
          "C",
          "C",
          "C",
          "C",
          "C",
          "C",
          "C",
          "C",
          "C",
          "O",
          "O"
        ],
        "Energy": -593.00104409,
        "Forces": [
          [
            -0.007114,
            -0.053098,
            0.0
          ],
          [
            0.051023,
            -0.048781,
            0.0
          ],
          [
            0.019675,
            -0.006913,
            0.0
          ],
          [
            0.017633,
            -0.03076,
            0.0
          ],
          [
            -0.022519,
            -0.023407,
            0.0
          ],
          [
            -0.055789,
            -0.057912,
            0.0
          ],
          [
            -0.022402,
            0.020619,
            0.0
          ],
          [
            -0.024402,
            0.022069,
            0.0
          ],
          [
            -0.001562,
            0.019084,
            0.0
          ],
          [
            0.013113,
            0.019065,
            0.0
          ],
          [
            0.009088,
            0.005645,
            0.0
          ],
          [
            -0.020089,
            0.039678,
            0.0
          ],
          [
            -0.030464,
            0.055088,
            0.0
          ],
          [
            -0.00241,
            -0.015981,
            0.0
          ],
          [
            -0.004616,
            0.000578,
            0.0
          ],
          [
            0.004771,
            -0.013741,
            0.0
          ],
          [
            -0.002671,
            0.065844,
            0.0
          ],
          [
            -0.028497,
            0.004823,
            0.0
          ],
          [
            -0.058517,
            -0.004855,
            0.0
          ],
          [
            0.015878,
            -0.081422,
            0.0
          ],
          [
            0.011699,
            -0.030115,
            0.0
          ],
          [
            0.032319,
            0.018951,
            0.0
          ],
          [
            0.023257,
            0.054817,
            0.0
          ],
          [
            -0.023707,
            0.037582,
            0.0
          ],
          [
            -0.043835,
            -0.031832,
            0.0
          ],
          [
            0.063966,
            -0.019531,
            0.0
          ],
          [
            0.046611,
            0.024182,
            0.0
          ],
          [
            -0.019124,
            -0.004254,
            0.0
          ],
          [
            -0.019735,
            -0.033674,
            0.0
          ],
          [
            0.006511,
            -0.016914,
            0.0
          ],
          [
            -0.000127,
            0.034426,
            0.0
          ],
          [
            -0.005615,
            0.028794,
            0.0
          ],
          [
            -0.012422,
            0.0019,
            0.0
          ],
          [
            -0.002078,
            -3.7e-05,
            0.0
          ],
          [
            0.028101,
            0.003085,
            0.0
          ],
          [
            0.003407,
            -0.006746,
            0.0
          ],
          [
            0.013145,
            -0.020652,
            0.0
          ],
          [
            0.047082,
            0.012388,
            0.0
          ],
          [
            0.043707,
            0.024054,
            0.0
          ],
          [
            -0.003826,
            -0.008412,
            0.0
          ],
          [
            -0.070379,
            -0.002259,
            0.0
          ],
          [
            -0.012725,
            -0.044361,
            0.0
          ],
          [
            0.007908,
            0.005904,
            0.0
          ],
          [
            0.052961,
            -0.025695,
            0.0
          ],
          [
            0.01664,
            3.1e-05,
            0.0
          ],
          [
            -0.05075,
            -0.008825,
            0.0
          ],
          [
            0.066538,
            -0.007607,
            0.0
          ],
          [
            -0.021763,
            0.055292,
            0.0
          ],
          [
            -0.050627,
            0.04747,
            0.0
          ],
          [
            -0.058128,
            0.003277,
            0.0
          ],
          [
            0.01157,
            0.02529,
            0.0
          ],
          [
            0.002629,
            -0.034227,
            0.0
          ],
          [
            -0.048143,
            0.010259,
            0.0
          ],
          [
            -0.027996,
            0.003001,
            0.0
          ],
          [
            -0.012601,
            0.045956,
            0.0
          ],
          [
            -0.0011,
            0.015827,
            0.0
          ],
          [
            0.011353,
            -0.018098,
            0.0
          ],
          [
            -0.024487,
            0.005813,
            0.0
          ],
          [
            0.055556,
            -0.038215,
            0.0
          ],
          [
            -0.007464,
            -0.044197,
            0.0
          ],
          [
            -0.024047,
            0.003475,
            0.0
          ],
          [
            0.032894,
            0.073714,
            0.0
          ],
          [
            0.031945,
            0.001581,
            0.0
          ],
          [
            0.058688,
            0.010513,
            0.0
          ],
          [
            -0.022284,
            -0.023117,
            0.0
          ],
          [
            0.011177,
            -0.007642,
            0.0
          ],
          [
            -0.050839,
            -0.02178,
            0.0
          ],
          [
            0.070178,
            -0.019332,
            0.0
          ],
          [
            0.013832,
            0.004316,
            0.0
          ]
        ],
        "Lattice": [
          [
            14.88,
            0.0,
            0.0
          ],
          [
            -7.44,
            12.886457116,
            0.0
          ],
          [
            0.0,
            0.0,
            15.0
          ]
        ],
        "NumAtoms": 69,
        "Positions": [
          [
            0.02396,
            0.04433,
            0.75
          ],
          [
            -1.23057,
            2.16811,
            0.75
          ],
          [
            12.3784,
            4.28527,
            0.75
          ],
          [
            11.14156,
            6.43379,
            0.75
          ],
          [
            9.8595,
            8.58101,
            0.75
          ],
          [
            -6.19756,
            10.74004,
            0.75
          ],
          [
            2.48677,
            -0.02076,
            0.75
          ],
          [
            1.2516,
            2.16252,
            0.75
          ],
          [
            -1.14667,
            6.37623,
            0.75
          ],
          [
            -2.47654,
            8.54269,
            0.75
          ],
          [
            -3.70254,
            10.70472,
            0.75
          ],
          [
            4.97548,
            -0.03225,
            0.75
          ],
          [
            3.6835,
            2.11387,
            0.75
          ],
          [
            1.62066,
            6.79746,
            0.75
          ],
          [
            0.02485,
            8.52497,
            0.75
          ],
          [
            -1.19896,
            10.68283,
            0.75
          ],
          [
            0.02941,
            12.82545,
            0.75
          ],
          [
            6.14559,
            2.14493,
            0.75
          ],
          [
            4.85367,
            4.37798,
            0.75
          ],
          [
            2.34536,
            8.08229,
            0.75
          ],
          [
            1.34393,
            10.61398,
            0.75
          ],
          [
            2.52679,
            12.8034,
            0.75
          ],
          [
            8.66017,
            2.1074,
            0.75
          ],
          [
            7.38703,
            4.28127,
            0.75
          ],
          [
            6.03863,
            6.44413,
            0.75
          ],
          [
            3.82845,
            8.06002,
            0.75
          ],
          [
            3.92019,
            10.67048,
            0.75
          ],
          [
            12.42206,
            0.0563,
            0.75
          ],
          [
            11.1399,
            2.1485,
            0.75
          ],
          [
            9.87164,
            4.29744,
            0.75
          ],
          [
            8.57925,
            6.46232,
            0.75
          ],
          [
            7.27863,
            8.63204,
            0.75
          ],
          [
            6.25451,
            10.84029,
            0.75
          ],
          [
            1.25382,
            0.73763,
            0.75
          ],
          [
            0.00538,
            2.87887,
            0.75
          ],
          [
            -1.25054,
            4.95962,
            0.75
          ],
          [
            -2.45063,
            7.10879,
            0.75
          ],
          [
            -3.74013,
            9.27055,
            0.75
          ],
          [
            -4.94665,
            11.43928,
            0.75
          ],
          [
            3.72334,
            0.69395,
            0.75
          ],
          [
            2.44092,
            5.65105,
            0.75
          ],
          [
            0.12983,
            7.10237,
            0.75
          ],
          [
            -1.22137,
            9.2506,
            0.75
          ],
          [
            -2.45286,
            11.41322,
            0.75
          ],
          [
            6.20293,
            0.69168,
            0.75
          ],
          [
            4.8613,
            2.91005,
            0.75
          ],
          [
            3.84191,
            5.51531,
            0.75
          ],
          [
            1.3241,
            9.16057,
            0.75
          ],
          [
            0.0709,
            11.37091,
            0.75
          ],
          [
            8.70396,
            0.65204,
            0.75
          ],
          [
            7.39984,
            2.83946,
            0.75
          ],
          [
            6.1371,
            5.00023,
            0.75
          ],
          [
            4.59094,
            6.78595,
            0.75
          ],
          [
            4.54401,
            9.29425,
            0.75
          ],
          [
            2.59929,
            11.32738,
            0.75
          ],
          [
            11.15978,
            0.71226,
            0.75
          ],
          [
            9.88234,
            2.85961,
            0.75
          ],
          [
            8.61509,
            5.01832,
            0.75
          ],
          [
            7.28582,
            7.18833,
            0.75
          ],
          [
            6.04849,
            9.44712,
            0.75
          ],
          [
            5.02386,
            11.54735,
            0.75
          ],
          [
            13.66443,
            0.75511,
            0.75
          ],
          [
            12.37738,
            2.8567,
            0.75
          ],
          [
            11.12521,
            5.00779,
            0.75
          ],
          [
            9.85965,
            7.15571,
            0.75
          ],
          [
            8.59142,
            9.30872,
            0.75
          ],
          [
            7.48331,
            11.50465,
            0.75
          ],
          [
            -0.03894,
            4.26249,
            0.75
          ],
          [
            2.47151,
            2.81739,
            0.75
          ]
        ],
        "Stress": [
          [
            -34.59728,
            17.31094,
            0.0
          ],
          [
            17.31094,
            -14.89641,
            0.0
          ],
          [
            0.0,
            0.0,
            -1.26746
          ]
        ],
        "computation_code": "VASP",
        "pseudopotential_information": [
          [
            "PAW_PBE",
            "C",
            "08Apr2002"
          ],
          [
            "PAW_PBE",
            "O",
            "08Apr2002"
          ]
        ]
      }
    ],
    "EnergyStyle": "electronvolt",
    "ForcesStyle": "electronvoltperangstrom",
    "LatticeStyle": "angstrom",
    "PositionsStyle": "angstrom",
    "StressStyle": "kB"
  }
}