{
  "Dataset": {
    "AtomTypeStyle": "chemicalsymbol",
    "Data": [
      {
        "AtomTypes": [
          "C",
          "C",
          "C",
          "C",
          "C",
          "C",
          "C",
          "C",
          "C",
          "C",
          "C",
          "C",
          "C",
          "C",
          "C",
          "C",
          "C",
          "C",
          "C",
          "C",
          "C",
          "C",
          "C",
          "C",
          "C",
          "C",
          "C",
          "C",
          "C",
          "C",
          "C",
          "C",
          "C",
          "C",
          "C",
          "C",
          "C",
          "C",
          "C",
          "C",
          "C",
          "C",
          "C",
          "C",
          "C",
          "C",
          "C",
          "C",
          "C",
          "C",
          "C",
          "C",
          "C",
          "C",
          "C",
          "C",
          "C",
          "C",
          "C",
          "C",
          "C",
          "C",
          "C",
          "C",
          "C",
          "C",
          "C",
          "C",
          "C",
          "C",
          "O"
        ],
        "Energy": -613.758781,
        "Forces": [
          [
            -0.017038,
            0.039443,
            0.010604
          ],
          [
            0.022031,
            -0.003417,
            -0.042119
          ],
          [
            -0.038294,
            -0.047809,
            -0.019982
          ],
          [
            -0.010899,
            0.014554,
            -0.001493
          ],
          [
            0.01115,
            -0.014097,
            0.023841
          ],
          [
            0.020718,
            -0.010106,
            -0.021986
          ],
          [
            0.0099,
            -0.01725,
            -0.011654
          ],
          [
            0.018146,
            0.011871,
            0.02042
          ],
          [
            0.007089,
            -0.04299,
            -0.019076
          ],
          [
            -0.000926,
            -0.068647,
            0.019364
          ],
          [
            -0.028958,
            0.036538,
            0.008237
          ],
          [
            0.003573,
            -0.015627,
            -0.021633
          ],
          [
            0.000581,
            -0.011036,
            0.005378
          ],
          [
            -0.017445,
            0.01,
            0.035025
          ],
          [
            -0.007707,
            0.011616,
            0.015532
          ],
          [
            0.007179,
            0.000222,
            0.00815
          ],
          [
            -0.006819,
            0.012159,
            -0.005911
          ],
          [
            -0.01578,
            -0.016641,
            -0.022469
          ],
          [
            -0.022146,
            -0.013852,
            -0.035218
          ],
          [
            -0.004144,
            0.012764,
            -0.024292
          ],
          [
            -0.01682,
            -0.005619,
            0.033364
          ],
          [
            -0.002539,
            -0.01892,
            0.006478
          ],
          [
            0.004229,
            0.011314,
            0.000766
          ],
          [
            0.009043,
            0.021846,
            -0.014858
          ],
          [
            0.014568,
            0.004894,
            0.030618
          ],
          [
            -0.006223,
            0.018536,
            0.00584
          ],
          [
            -1e-06,
            0.017904,
            -0.018405
          ],
          [
            -0.018607,
            0.030258,
            0.030085
          ],
          [
            -0.003441,
            -0.004882,
            -0.029519
          ],
          [
            0.034697,
            0.029096,
            0.037527
          ],
          [
            0.013801,
            0.003914,
            0.017642
          ],
          [
            0.025595,
            -0.007703,
            0.015884
          ],
          [
            -0.000359,
            -0.002837,
            0.038973
          ],
          [
            -0.003274,
            -0.002636,
            -0.000169
          ],
          [
            0.002912,
            0.017197,
            -0.024038
          ],
          [
            -0.025949,
            0.031104,
            -0.0081
          ],
          [
            -0.020126,
            0.001522,
            -0.006487
          ],
          [
            0.000483,
            0.014537,
            -0.018354
          ],
          [
            -0.014564,
            0.026167,
            -0.032572
          ],
          [
            0.03006,
            -0.020851,
            0.030915
          ],
          [
            0.004281,
            0.011666,
            -0.020575
          ],
          [
            -0.015101,
            0.006347,
            -0.008166
          ],
          [
            -0.000247,
            0.002118,
            0.015851
          ],
          [
            0.020179,
            -0.000637,
            -0.021776
          ],
          [
            -0.015834,
            0.012028,
            -0.021194
          ],
          [
            -0.00867,
            -0.004673,
            -0.036437
          ],
          [
            0.025308,
            -0.031445,
            0.030666
          ],
          [
            0.007688,
            0.01381,
            -0.032222
          ],
          [
            -0.013765,
            0.008568,
            0.040642
          ],
          [
            -0.003834,
            -0.010793,
            0.017077
          ],
          [
            0.021187,
            0.001305,
            0.007281
          ],
          [
            -0.007267,
            -0.034515,
            0.025722
          ],
          [
            0.020078,
            0.013688,
            -0.025322
          ],
          [
            -0.000285,
            -0.013349,
            -0.007246
          ],
          [
            0.001995,
            4.5e-05,
            -0.017609
          ],
          [
            0.008625,
            -0.023738,
            0.041498
          ],
          [
            -0.011816,
            -0.007478,
            -0.007116
          ],
          [
            -0.009978,
            -0.026001,
            -0.002122
          ],
          [
            -0.000899,
            0.027436,
            -0.024556
          ],
          [
            0.011938,
            0.021465,
            0.020076
          ],
          [
            -0.000175,
            -0.007731,
            0.039031
          ],
          [
            -0.014533,
            -0.009114,
            0.004967
          ],
          [
            -0.010685,
            -0.058274,
            -0.019952
          ],
          [
            -0.011735,
            0.005907,
            -0.002893
          ],
          [
            -0.001559,
            0.042354,
            -0.023673
          ],
          [
            -0.018404,
            -0.005604,
            -3.6e-05
          ],
          [
            0.01475,
            0.004023,
            -0.001445
          ],
          [
            0.031134,
            0.011228,
            0.023095
          ],
          [
            0.020478,
            -0.026671,
            0.037798
          ],
          [
            -0.020813,
            -0.001908,
            -0.039651
          ],
          [
            0.024264,
            0.027405,
            -0.008021
          ]
        ],
        "Lattice": [
          [
            14.88,
            0.0,
            0.0
          ],
          [
            -7.44,
            12.886457116,
            0.0
          ],
          [
            0.0,
            0.0,
            15.0
          ]
        ],
        "NumAtoms": 71,
        "Positions": [
          [
            7.43949,
            12.87214,
            0.73771
          ],
          [
            13.61253,
            2.11449,
            0.76582
          ],
          [
            -2.44847,
            4.25935,
            0.85822
          ],
          [
            -3.70677,
            6.44188,
            0.83278
          ],
          [
            9.87178,
            8.57913,
            0.75201
          ],
          [
            8.68222,
            10.72276,
            0.74624
          ],
          [
            -4.95492,
            12.86246,
            0.73725
          ],
          [
            1.19876,
            2.0489,
            0.7314
          ],
          [
            0.20007,
            4.1386,
            0.8515
          ],
          [
            -1.10801,
            6.43249,
            1.08293
          ],
          [
            -2.47427,
            8.5625,
            0.78446
          ],
          [
            -3.70864,
            10.71735,
            0.74465
          ],
          [
            4.9384,
            0.01618,
            0.74544
          ],
          [
            3.6036,
            2.23895,
            0.75106
          ],
          [
            1.66421,
            4.30551,
            0.83064
          ],
          [
            1.61769,
            6.82502,
            0.81314
          ],
          [
            0.03718,
            8.5648,
            0.76393
          ],
          [
            -1.21081,
            10.71538,
            0.7499
          ],
          [
            0.00673,
            12.85204,
            0.7481
          ],
          [
            6.13763,
            2.17717,
            0.75249
          ],
          [
            4.87265,
            4.39389,
            0.75239
          ],
          [
            2.35102,
            8.07766,
            0.75371
          ],
          [
            1.33523,
            10.63146,
            0.73287
          ],
          [
            2.51349,
            12.81324,
            0.74292
          ],
          [
            8.656,
            2.11902,
            0.7418
          ],
          [
            7.40817,
            4.29593,
            0.74106
          ],
          [
            6.05072,
            6.44352,
            0.74028
          ],
          [
            3.82056,
            8.04925,
            0.73971
          ],
          [
            3.90088,
            10.6584,
            0.74657
          ],
          [
            12.39774,
            0.02798,
            0.74254
          ],
          [
            11.1269,
            2.14504,
            0.74369
          ],
          [
            9.91316,
            4.30136,
            0.76828
          ],
          [
            8.60136,
            6.4598,
            0.74919
          ],
          [
            7.28126,
            8.62234,
            0.74475
          ],
          [
            6.23508,
            10.81167,
            0.75657
          ],
          [
            1.23842,
            0.65888,
            0.72693
          ],
          [
            -0.02767,
            2.76409,
            0.76517
          ],
          [
            -1.08635,
            4.92932,
            1.08908
          ],
          [
            -2.45511,
            7.14623,
            0.86235
          ],
          [
            -3.73886,
            9.28103,
            0.75131
          ],
          [
            -4.94653,
            11.42757,
            0.74328
          ],
          [
            3.68006,
            0.75941,
            0.74235
          ],
          [
            2.30397,
            2.9108,
            0.76571
          ],
          [
            2.37301,
            5.54171,
            0.8141
          ],
          [
            0.17306,
            7.16039,
            0.83723
          ],
          [
            -1.21796,
            9.28727,
            0.77182
          ],
          [
            -2.47116,
            11.45565,
            0.74405
          ],
          [
            6.18518,
            0.72296,
            0.75266
          ],
          [
            4.8616,
            2.95256,
            0.75234
          ],
          [
            3.84933,
            5.52357,
            0.76446
          ],
          [
            1.33318,
            9.19186,
            0.73262
          ],
          [
            0.05788,
            11.40069,
            0.73963
          ],
          [
            8.69249,
            0.67225,
            0.7449
          ],
          [
            7.40166,
            2.85733,
            0.74593
          ],
          [
            6.16301,
            5.01612,
            0.74351
          ],
          [
            4.57546,
            6.76762,
            0.74343
          ],
          [
            4.53575,
            9.27359,
            0.74324
          ],
          [
            2.59421,
            11.33787,
            0.74093
          ],
          [
            11.1465,
            0.7098,
            0.74117
          ],
          [
            9.89232,
            2.8624,
            0.74746
          ],
          [
            8.64814,
            5.0248,
            0.74746
          ],
          [
            7.29578,
            7.18293,
            0.74064
          ],
          [
            6.03434,
            9.42182,
            0.75081
          ],
          [
            5.00709,
            11.52449,
            0.75019
          ],
          [
            13.63858,
            0.70993,
            0.74516
          ],
          [
            12.37764,
            2.85292,
            0.77519
          ],
          [
            11.1873,
            4.99226,
            0.83165
          ],
          [
            9.884,
            7.15054,
            0.77163
          ],
          [
            8.59511,
            9.29733,
            0.74321
          ],
          [
            7.46483,
            11.46439,
            0.75068
          ],
          [
            -1.09679,
            5.67282,
            2.36171
          ]
        ],
        "Stress": [
          [
            -35.35967,
            22.44485,
            0.0185
          ],
          [
            22.44485,
            -10.03943,
            0.01521
          ],
          [
            0.0185,
            0.01521,
            -1.17362
          ]
        ],
        "computation_code": "VASP",
        "pseudopotential_information": [
          [
            "PAW_PBE",
            "C",
            "08Apr2002"
          ],
          [
            "PAW_PBE",
            "O",
            "08Apr2002"
          ]
        ]
      }
    ],
    "EnergyStyle": "electronvolt",
    "ForcesStyle": "electronvoltperangstrom",
    "LatticeStyle": "angstrom",
    "PositionsStyle": "angstrom",
    "StressStyle": "kB"
  }
}