{
  "Dataset": {
    "AtomTypeStyle": "chemicalsymbol",
    "Data": [
      {
        "AtomTypes": [
          "C",
          "C",
          "C",
          "C",
          "C",
          "C",
          "C",
          "C",
          "C",
          "C",
          "C",
          "C",
          "C",
          "C",
          "C",
          "C",
          "C",
          "C",
          "C",
          "C",
          "C",
          "C",
          "C",
          "C",
          "C",
          "C",
          "C",
          "C",
          "C",
          "C",
          "C",
          "C",
          "C",
          "C",
          "C",
          "C",
          "C",
          "C",
          "C",
          "C",
          "C",
          "C",
          "C",
          "C",
          "C",
          "C",
          "C",
          "C",
          "C",
          "C",
          "C",
          "C",
          "C",
          "C",
          "C",
          "C",
          "C",
          "C",
          "C",
          "C",
          "C",
          "C",
          "C",
          "C",
          "C",
          "C",
          "O",
          "O",
          "O"
        ],
        "Energy": -592.20042953,
        "Forces": [
          [
            0.029968,
            0.041118,
            0.0
          ],
          [
            0.034335,
            0.004005,
            0.0
          ],
          [
            0.001477,
            0.008949,
            0.0
          ],
          [
            -0.009712,
            0.016364,
            0.0
          ],
          [
            0.024176,
            0.001411,
            0.0
          ],
          [
            0.003803,
            0.004419,
            0.0
          ],
          [
            -0.013018,
            -0.001539,
            0.0
          ],
          [
            -0.010977,
            -0.031965,
            0.0
          ],
          [
            -0.003656,
            0.007151,
            0.0
          ],
          [
            0.001306,
            -0.010789,
            0.0
          ],
          [
            0.008299,
            0.010457,
            0.0
          ],
          [
            0.015154,
            0.006178,
            0.0
          ],
          [
            0.015969,
            0.021696,
            0.0
          ],
          [
            -0.00488,
            -0.041558,
            0.0
          ],
          [
            -0.002387,
            -0.006271,
            0.0
          ],
          [
            0.021549,
            0.01218,
            0.0
          ],
          [
            -0.007701,
            0.014361,
            0.0
          ],
          [
            -0.020341,
            0.019568,
            0.0
          ],
          [
            -0.034426,
            0.013903,
            0.0
          ],
          [
            0.02493,
            -0.00479,
            0.0
          ],
          [
            0.005608,
            0.023248,
            0.0
          ],
          [
            -0.022789,
            -0.002205,
            0.0
          ],
          [
            -0.010666,
            -0.008566,
            0.0
          ],
          [
            0.004411,
            0.012628,
            0.0
          ],
          [
            0.002526,
            -0.001039,
            0.0
          ],
          [
            -0.005864,
            -0.015229,
            0.0
          ],
          [
            -0.053544,
            -0.008128,
            0.0
          ],
          [
            0.019151,
            0.003923,
            0.0
          ],
          [
            0.012577,
            -0.002833,
            0.0
          ],
          [
            0.007444,
            0.031758,
            0.0
          ],
          [
            0.01876,
            0.007409,
            0.0
          ],
          [
            -0.014914,
            -0.032658,
            0.0
          ],
          [
            -0.027469,
            -0.014628,
            0.0
          ],
          [
            -0.020974,
            -0.012724,
            0.0
          ],
          [
            -0.001539,
            -0.004246,
            0.0
          ],
          [
            0.021304,
            0.0094,
            0.0
          ],
          [
            0.006074,
            0.002507,
            0.0
          ],
          [
            -0.001866,
            0.005205,
            0.0
          ],
          [
            -0.024872,
            -0.007851,
            0.0
          ],
          [
            -0.010511,
            -0.012716,
            0.0
          ],
          [
            0.007642,
            -0.004436,
            0.0
          ],
          [
            0.000348,
            -0.012001,
            0.0
          ],
          [
            -0.000276,
            0.024805,
            0.0
          ],
          [
            -0.01659,
            0.024512,
            0.0
          ],
          [
            -0.004536,
            -0.01435,
            0.0
          ],
          [
            0.004314,
            -0.029279,
            0.0
          ],
          [
            -0.020701,
            -0.000785,
            0.0
          ],
          [
            0.00357,
            0.015376,
            0.0
          ],
          [
            0.031289,
            0.024975,
            0.0
          ],
          [
            -0.005226,
            -0.000528,
            0.0
          ],
          [
            -0.019918,
            0.004669,
            0.0
          ],
          [
            -0.008177,
            0.038913,
            0.0
          ],
          [
            0.004304,
            -0.009852,
            0.0
          ],
          [
            -0.00679,
            0.021688,
            0.0
          ],
          [
            -0.018876,
            -0.009394,
            0.0
          ],
          [
            0.013102,
            -0.008247,
            0.0
          ],
          [
            0.013326,
            0.001522,
            0.0
          ],
          [
            0.014839,
            -0.022143,
            0.0
          ],
          [
            0.006841,
            -0.018928,
            0.0
          ],
          [
            0.016695,
            0.036327,
            0.0
          ],
          [
            -0.033736,
            -0.039272,
            0.0
          ],
          [
            0.023348,
            -0.044915,
            0.0
          ],
          [
            -0.004736,
            -0.016729,
            0.0
          ],
          [
            0.016978,
            0.004823,
            0.0
          ],
          [
            0.009651,
            -0.013921,
            0.0
          ],
          [
            0.003259,
            -0.016416,
            0.0
          ],
          [
            0.034002,
            0.007738,
            0.0
          ],
          [
            -0.025789,
            0.001379,
            0.0
          ],
          [
            -0.014872,
            -0.003633,
            0.0
          ]
        ],
        "Lattice": [
          [
            14.88,
            0.0,
            0.0
          ],
          [
            -7.44,
            12.886457116,
            0.0
          ],
          [
            0.0,
            0.0,
            15.0
          ]
        ],
        "NumAtoms": 69,
        "Positions": [
          [
            0.02342,
            0.04128,
            0.75
          ],
          [
            -1.22971,
            2.16614,
            0.75
          ],
          [
            12.38135,
            4.28165,
            0.75
          ],
          [
            11.14997,
            6.42877,
            0.75
          ],
          [
            9.86468,
            8.57696,
            0.75
          ],
          [
            -6.19594,
            10.73651,
            0.75
          ],
          [
            2.4867,
            -0.02372,
            0.75
          ],
          [
            1.24917,
            2.15925,
            0.75
          ],
          [
            -1.12437,
            6.36545,
            0.75
          ],
          [
            -2.46437,
            8.53491,
            0.75
          ],
          [
            -3.69835,
            10.70091,
            0.75
          ],
          [
            4.97312,
            -0.03442,
            0.75
          ],
          [
            3.67267,
            2.11426,
            0.75
          ],
          [
            1.67334,
            6.82337,
            0.75
          ],
          [
            0.04674,
            8.51678,
            0.75
          ],
          [
            -1.19221,
            10.677,
            0.75
          ],
          [
            0.02332,
            12.83057,
            0.75
          ],
          [
            6.13125,
            2.15504,
            0.75
          ],
          [
            4.80619,
            4.39875,
            0.75
          ],
          [
            2.3648,
            8.06504,
            0.75
          ],
          [
            1.34678,
            10.60522,
            0.75
          ],
          [
            2.52666,
            12.80368,
            0.75
          ],
          [
            8.65275,
            2.11165,
            0.75
          ],
          [
            7.36744,
            4.28841,
            0.75
          ],
          [
            6.04391,
            6.44259,
            0.75
          ],
          [
            3.83738,
            8.07331,
            0.75
          ],
          [
            3.92265,
            10.6757,
            0.75
          ],
          [
            12.42031,
            0.05995,
            0.75
          ],
          [
            11.13601,
            2.14971,
            0.75
          ],
          [
            9.86849,
            4.29676,
            0.75
          ],
          [
            8.57863,
            6.45899,
            0.75
          ],
          [
            7.27842,
            8.63904,
            0.75
          ],
          [
            6.25624,
            10.84319,
            0.75
          ],
          [
            1.25283,
            0.73502,
            0.75
          ],
          [
            0.00571,
            2.87489,
            0.75
          ],
          [
            -1.24414,
            4.95127,
            0.75
          ],
          [
            -2.43453,
            7.10129,
            0.75
          ],
          [
            -3.73396,
            9.26367,
            0.75
          ],
          [
            -4.94305,
            11.43504,
            0.75
          ],
          [
            3.71992,
            0.69297,
            0.75
          ],
          [
            0.1709,
            7.07404,
            0.75
          ],
          [
            -1.2058,
            9.23858,
            0.75
          ],
          [
            -2.45033,
            11.40889,
            0.75
          ],
          [
            6.19603,
            0.69667,
            0.75
          ],
          [
            4.83917,
            2.92334,
            0.75
          ],
          [
            3.83582,
            5.57436,
            0.75
          ],
          [
            1.32135,
            9.16827,
            0.75
          ],
          [
            0.06688,
            11.37194,
            0.75
          ],
          [
            8.69779,
            0.65805,
            0.75
          ],
          [
            7.3871,
            2.84648,
            0.75
          ],
          [
            6.1172,
            5.01279,
            0.75
          ],
          [
            4.56592,
            6.79342,
            0.75
          ],
          [
            4.54679,
            9.30179,
            0.75
          ],
          [
            2.60508,
            11.3339,
            0.75
          ],
          [
            11.15845,
            0.71537,
            0.75
          ],
          [
            9.87876,
            2.86186,
            0.75
          ],
          [
            8.60568,
            5.02086,
            0.75
          ],
          [
            7.27522,
            7.18493,
            0.75
          ],
          [
            6.04946,
            9.44922,
            0.75
          ],
          [
            5.02556,
            11.55199,
            0.75
          ],
          [
            13.6663,
            0.75586,
            0.75
          ],
          [
            12.37659,
            2.85588,
            0.75
          ],
          [
            11.12625,
            5.00464,
            0.75
          ],
          [
            9.864,
            7.15037,
            0.75
          ],
          [
            8.58954,
            9.30557,
            0.75
          ],
          [
            7.48541,
            11.50196,
            0.75
          ],
          [
            -0.03414,
            4.25585,
            0.75
          ],
          [
            2.46563,
            2.81612,
            0.75
          ],
          [
            2.40857,
            5.59854,
            0.75
          ]
        ],
        "Stress": [
          [
            -38.36611,
            19.32307,
            0.0
          ],
          [
            19.32307,
            -16.11072,
            0.0
          ],
          [
            0.0,
            0.0,
            -1.36478
          ]
        ],
        "computation_code": "VASP",
        "pseudopotential_information": [
          [
            "PAW_PBE",
            "C",
            "08Apr2002"
          ],
          [
            "PAW_PBE",
            "O",
            "08Apr2002"
          ]
        ]
      }
    ],
    "EnergyStyle": "electronvolt",
    "ForcesStyle": "electronvoltperangstrom",
    "LatticeStyle": "angstrom",
    "PositionsStyle": "angstrom",
    "StressStyle": "kB"
  }
}