{
  "Dataset": {
    "AtomTypeStyle": "chemicalsymbol",
    "Data": [
      {
        "AtomTypes": [
          "C",
          "C",
          "C",
          "C",
          "C",
          "C",
          "C",
          "C",
          "C",
          "C",
          "C",
          "C",
          "C",
          "C",
          "C",
          "C",
          "C",
          "C",
          "C",
          "C",
          "C",
          "C",
          "C",
          "C",
          "C",
          "C",
          "C",
          "C",
          "C",
          "C",
          "C",
          "C",
          "C",
          "C",
          "C",
          "C",
          "C",
          "C",
          "C",
          "C",
          "C",
          "C",
          "C",
          "C",
          "C",
          "C",
          "C",
          "C",
          "C",
          "C",
          "C",
          "C",
          "C",
          "C",
          "C",
          "C",
          "C",
          "C",
          "C",
          "C",
          "C",
          "C",
          "C",
          "C",
          "C",
          "C",
          "C",
          "C",
          "C",
          "O",
          "O"
        ],
        "Energy": -608.27423811,
        "Forces": [
          [
            0.004243,
            0.052884,
            0.0
          ],
          [
            0.127481,
            0.171124,
            0.0
          ],
          [
            -0.070051,
            0.318868,
            0.0
          ],
          [
            1.072236,
            -0.052829,
            0.0
          ],
          [
            -0.622969,
            0.31537,
            0.0
          ],
          [
            -0.041598,
            -0.004828,
            0.0
          ],
          [
            0.005909,
            0.119193,
            0.0
          ],
          [
            0.087083,
            0.513091,
            0.0
          ],
          [
            -1.393082,
            0.298128,
            0.0
          ],
          [
            -0.277247,
            0.276883,
            0.0
          ],
          [
            -0.038644,
            -0.919158,
            0.0
          ],
          [
            -0.234609,
            0.306426,
            0.0
          ],
          [
            -0.0288,
            0.079183,
            0.0
          ],
          [
            0.178328,
            -0.243593,
            0.0
          ],
          [
            -0.321725,
            -0.384533,
            0.0
          ],
          [
            0.063206,
            0.745017,
            0.0
          ],
          [
            -0.278234,
            0.290533,
            0.0
          ],
          [
            0.017062,
            0.0351,
            0.0
          ],
          [
            0.370447,
            -0.276499,
            0.0
          ],
          [
            -1.015713,
            0.687646,
            0.0
          ],
          [
            0.61875,
            0.796325,
            0.0
          ],
          [
            0.134768,
            -0.702676,
            0.0
          ],
          [
            -0.091755,
            -0.179831,
            0.0
          ],
          [
            0.008451,
            -0.105264,
            0.0
          ],
          [
            0.641091,
            -0.305841,
            0.0
          ],
          [
            0.513818,
            -0.324133,
            0.0
          ],
          [
            0.494155,
            -0.406352,
            0.0
          ],
          [
            0.019187,
            -0.189815,
            0.0
          ],
          [
            0.086231,
            0.081569,
            0.0
          ],
          [
            -0.157119,
            -0.193044,
            0.0
          ],
          [
            -0.303282,
            -0.215801,
            0.0
          ],
          [
            -0.540939,
            -0.174999,
            0.0
          ],
          [
            0.110536,
            0.191912,
            0.0
          ],
          [
            0.145652,
            0.099806,
            0.0
          ],
          [
            -0.018592,
            0.432822,
            0.0
          ],
          [
            -0.288489,
            0.112054,
            0.0
          ],
          [
            -0.973238,
            0.021205,
            0.0
          ],
          [
            -0.867598,
            0.468395,
            0.0
          ],
          [
            -0.432465,
            -0.116198,
            0.0
          ],
          [
            -0.162381,
            0.14551,
            0.0
          ],
          [
            -0.073783,
            0.018872,
            0.0
          ],
          [
            0.514303,
            0.254557,
            0.0
          ],
          [
            1.83852,
            -0.697563,
            0.0
          ],
          [
            1.394749,
            -1.451342,
            0.0
          ],
          [
            -0.587008,
            0.32909,
            0.0
          ],
          [
            -6e-05,
            0.235451,
            0.0
          ],
          [
            0.117025,
            -0.218358,
            0.0
          ],
          [
            0.451334,
            0.110512,
            0.0
          ],
          [
            0.946493,
            0.13048,
            0.0
          ],
          [
            0.0692,
            0.275731,
            0.0
          ],
          [
            0.104806,
            -0.329483,
            0.0
          ],
          [
            0.033409,
            0.009336,
            0.0
          ],
          [
            0.145353,
            -0.210956,
            0.0
          ],
          [
            0.087676,
            0.108502,
            0.0
          ],
          [
            -0.311488,
            -0.467783,
            0.0
          ],
          [
            -0.228291,
            0.098702,
            0.0
          ],
          [
            -0.218354,
            -0.339886,
            0.0
          ],
          [
            -0.126189,
            -0.097554,
            0.0
          ],
          [
            -0.171642,
            -0.198066,
            0.0
          ],
          [
            0.220291,
            -0.043531,
            0.0
          ],
          [
            -0.004792,
            0.139294,
            0.0
          ],
          [
            0.210391,
            0.089173,
            0.0
          ],
          [
            0.144869,
            -0.005271,
            0.0
          ],
          [
            0.090615,
            0.021597,
            0.0
          ],
          [
            -0.057654,
            0.117206,
            0.0
          ],
          [
            -0.623078,
            0.287824,
            0.0
          ],
          [
            0.194132,
            0.19011,
            0.0
          ],
          [
            -0.062164,
            0.22307,
            0.0
          ],
          [
            0.084518,
            0.060315,
            0.0
          ],
          [
            1.278531,
            -0.258226,
            0.0
          ],
          [
            -2.001812,
            -0.145452,
            0.0
          ]
        ],
        "Lattice": [
          [
            14.88,
            0.0,
            0.0
          ],
          [
            -7.44,
            12.886457116,
            0.0
          ],
          [
            0.0,
            0.0,
            15.0
          ]
        ],
        "NumAtoms": 71,
        "Positions": [
          [
            7.44036,
            12.8764,
            0.75
          ],
          [
            13.59886,
            2.11417,
            0.75
          ],
          [
            -2.47588,
            4.26138,
            0.75
          ],
          [
            -3.823,
            6.43361,
            0.75
          ],
          [
            9.87084,
            8.58294,
            0.75
          ],
          [
            -6.19139,
            10.7293,
            0.75
          ],
          [
            -4.95461,
            12.86802,
            0.75
          ],
          [
            1.19279,
            2.06977,
            0.75
          ],
          [
            -0.05607,
            4.16455,
            0.75
          ],
          [
            -1.38496,
            6.41742,
            0.75
          ],
          [
            -2.51092,
            8.59726,
            0.75
          ],
          [
            -3.7046,
            10.72331,
            0.75
          ],
          [
            4.94568,
            0.01782,
            0.75
          ],
          [
            3.63046,
            2.23623,
            0.75
          ],
          [
            2.01251,
            6.6919,
            0.75
          ],
          [
            -0.03475,
            8.57138,
            0.75
          ],
          [
            -1.21541,
            10.72721,
            0.75
          ],
          [
            0.0125,
            12.84933,
            0.75
          ],
          [
            6.14444,
            2.17321,
            0.75
          ],
          [
            4.99617,
            4.35034,
            0.75
          ],
          [
            2.42415,
            8.02823,
            0.75
          ],
          [
            1.33372,
            10.60634,
            0.75
          ],
          [
            2.516,
            12.80999,
            0.75
          ],
          [
            8.66285,
            2.12402,
            0.75
          ],
          [
            7.43218,
            4.29932,
            0.75
          ],
          [
            6.08265,
            6.4539,
            0.75
          ],
          [
            3.88062,
            8.05001,
            0.75
          ],
          [
            3.91408,
            10.65512,
            0.75
          ],
          [
            12.39948,
            0.03166,
            0.75
          ],
          [
            11.12936,
            2.14338,
            0.75
          ],
          [
            9.90793,
            4.30206,
            0.75
          ],
          [
            8.58764,
            6.46544,
            0.75
          ],
          [
            7.2901,
            8.626,
            0.75
          ],
          [
            6.2375,
            10.82028,
            0.75
          ],
          [
            1.23757,
            0.65996,
            0.75
          ],
          [
            -0.03541,
            2.79411,
            0.75
          ],
          [
            -1.20705,
            4.98003,
            0.75
          ],
          [
            -2.58236,
            7.14464,
            0.75
          ],
          [
            -3.74658,
            9.29978,
            0.75
          ],
          [
            -4.94505,
            11.42972,
            0.75
          ],
          [
            3.68636,
            0.75932,
            0.75
          ],
          [
            2.32947,
            2.85797,
            0.75
          ],
          [
            2.64021,
            5.45029,
            0.75
          ],
          [
            -0.26685,
            7.21462,
            0.75
          ],
          [
            -1.25447,
            9.30617,
            0.75
          ],
          [
            -2.4714,
            11.455,
            0.75
          ],
          [
            6.18758,
            0.72081,
            0.75
          ],
          [
            4.894,
            2.93186,
            0.75
          ],
          [
            4.00752,
            5.44691,
            0.75
          ],
          [
            1.30728,
            9.11532,
            0.75
          ],
          [
            0.056,
            11.3963,
            0.75
          ],
          [
            8.69658,
            0.6682,
            0.75
          ],
          [
            7.40928,
            2.86247,
            0.75
          ],
          [
            6.22548,
            5.01958,
            0.75
          ],
          [
            4.64537,
            6.7807,
            0.75
          ],
          [
            4.5737,
            9.28849,
            0.75
          ],
          [
            2.59845,
            11.32955,
            0.75
          ],
          [
            11.15101,
            0.71484,
            0.75
          ],
          [
            9.89398,
            2.8657,
            0.75
          ],
          [
            8.65383,
            5.02934,
            0.75
          ],
          [
            7.30283,
            7.18819,
            0.75
          ],
          [
            6.03919,
            9.42825,
            0.75
          ],
          [
            5.01137,
            11.52823,
            0.75
          ],
          [
            13.63711,
            0.70817,
            0.75
          ],
          [
            12.37529,
            2.84172,
            0.75
          ],
          [
            11.15408,
            4.99822,
            0.75
          ],
          [
            9.82876,
            7.15775,
            0.75
          ],
          [
            8.59868,
            9.2941,
            0.75
          ],
          [
            7.46889,
            11.46765,
            0.75
          ],
          [
            1.85625,
            4.26247,
            0.75
          ],
          [
            0.75935,
            6.36996,
            0.75
          ]
        ],
        "Stress": [
          [
            0.49034,
            17.91543,
            0.0
          ],
          [
            17.91543,
            -9.71941,
            0.0
          ],
          [
            0.0,
            0.0,
            -1.30629
          ]
        ],
        "computation_code": "VASP",
        "pseudopotential_information": [
          [
            "PAW_PBE",
            "C",
            "08Apr2002"
          ],
          [
            "PAW_PBE",
            "O",
            "08Apr2002"
          ]
        ]
      }
    ],
    "EnergyStyle": "electronvolt",
    "ForcesStyle": "electronvoltperangstrom",
    "LatticeStyle": "angstrom",
    "PositionsStyle": "angstrom",
    "StressStyle": "kB"
  }
}