{
  "Dataset": {
    "AtomTypeStyle": "chemicalsymbol",
    "Data": [
      {
        "AtomTypes": [
          "C",
          "C",
          "C",
          "C",
          "C",
          "C",
          "C",
          "C",
          "C",
          "C",
          "C",
          "C",
          "C",
          "C",
          "C",
          "C",
          "C",
          "C",
          "C",
          "C",
          "C",
          "C",
          "C",
          "C",
          "C",
          "C",
          "C",
          "C",
          "C",
          "C",
          "C",
          "C",
          "C",
          "C",
          "C",
          "C",
          "C",
          "C",
          "C",
          "C",
          "C",
          "C",
          "C",
          "C",
          "C",
          "C",
          "C",
          "C",
          "C",
          "C",
          "C",
          "C",
          "C",
          "C",
          "C",
          "C",
          "C",
          "C",
          "C",
          "C",
          "C",
          "C",
          "C",
          "C",
          "C",
          "C",
          "C",
          "C",
          "O"
        ],
        "Energy": -595.01584077,
        "Forces": [
          [
            -0.072835,
            0.039406,
            0.0
          ],
          [
            -0.128289,
            -0.150751,
            0.0
          ],
          [
            -0.238895,
            0.008995,
            0.0
          ],
          [
            -0.052957,
            0.007204,
            0.0
          ],
          [
            0.053677,
            -0.067171,
            0.0
          ],
          [
            0.056484,
            0.187557,
            0.0
          ],
          [
            -0.052555,
            -0.00459,
            0.0
          ],
          [
            -0.018137,
            0.082059,
            0.0
          ],
          [
            -0.03563,
            0.040491,
            0.0
          ],
          [
            0.025182,
            0.128269,
            0.0
          ],
          [
            -0.057717,
            0.073151,
            0.0
          ],
          [
            -0.116264,
            0.102748,
            0.0
          ],
          [
            -0.093582,
            0.184066,
            0.0
          ],
          [
            0.075998,
            0.03333,
            0.0
          ],
          [
            -0.018028,
            -0.119017,
            0.0
          ],
          [
            -0.008304,
            -0.149417,
            0.0
          ],
          [
            -0.009229,
            -0.012646,
            0.0
          ],
          [
            -0.109339,
            -0.069002,
            0.0
          ],
          [
            0.169736,
            0.092862,
            0.0
          ],
          [
            0.254448,
            -0.03086,
            0.0
          ],
          [
            -0.056516,
            -0.136137,
            0.0
          ],
          [
            -0.060721,
            -0.055298,
            0.0
          ],
          [
            -0.09785,
            0.024787,
            0.0
          ],
          [
            0.227544,
            -0.006426,
            0.0
          ],
          [
            0.332776,
            -0.056559,
            0.0
          ],
          [
            0.189764,
            -0.039421,
            0.0
          ],
          [
            -0.055629,
            -0.052456,
            0.0
          ],
          [
            -0.144811,
            -0.193542,
            0.0
          ],
          [
            -0.271379,
            -0.049785,
            0.0
          ],
          [
            -0.187514,
            -0.057436,
            0.0
          ],
          [
            0.161292,
            0.067178,
            0.0
          ],
          [
            0.122798,
            0.060135,
            0.0
          ],
          [
            0.12595,
            0.08313,
            0.0
          ],
          [
            0.043238,
            -0.01921,
            0.0
          ],
          [
            0.136172,
            -0.032466,
            0.0
          ],
          [
            -0.187766,
            0.104411,
            0.0
          ],
          [
            -0.115098,
            0.007878,
            0.0
          ],
          [
            0.104209,
            0.037979,
            0.0
          ],
          [
            0.034102,
            0.127139,
            0.0
          ],
          [
            -0.051289,
            0.199877,
            0.0
          ],
          [
            -0.014456,
            0.255491,
            0.0
          ],
          [
            0.003226,
            -0.411779,
            0.0
          ],
          [
            0.197368,
            -0.099412,
            0.0
          ],
          [
            0.095979,
            -0.120738,
            0.0
          ],
          [
            -0.032835,
            -0.00432,
            0.0
          ],
          [
            -0.054946,
            0.117781,
            0.0
          ],
          [
            0.059753,
            0.105108,
            0.0
          ],
          [
            -0.367041,
            0.071497,
            0.0
          ],
          [
            0.019754,
            -0.272561,
            0.0
          ],
          [
            0.036181,
            -0.039931,
            0.0
          ],
          [
            -0.0424,
            -0.009858,
            0.0
          ],
          [
            -0.048061,
            0.024744,
            0.0
          ],
          [
            0.253638,
            0.04496,
            0.0
          ],
          [
            0.002547,
            -0.046343,
            0.0
          ],
          [
            -0.042025,
            0.127973,
            0.0
          ],
          [
            0.076995,
            -0.039714,
            0.0
          ],
          [
            -0.12299,
            -0.152831,
            0.0
          ],
          [
            -0.173416,
            -0.048897,
            0.0
          ],
          [
            -0.009749,
            -0.024974,
            0.0
          ],
          [
            0.246318,
            0.131634,
            0.0
          ],
          [
            -0.128361,
            0.075108,
            0.0
          ],
          [
            -0.01229,
            -0.078064,
            0.0
          ],
          [
            -0.092695,
            0.083966,
            0.0
          ],
          [
            -0.04094,
            -0.02377,
            0.0
          ],
          [
            0.053789,
            -0.074446,
            0.0
          ],
          [
            0.06832,
            -0.045581,
            0.0
          ],
          [
            0.000232,
            -0.016434,
            0.0
          ],
          [
            0.046751,
            0.136064,
            0.0
          ],
          [
            0.148317,
            -0.055135,
            0.0
          ]
        ],
        "Lattice": [
          [
            14.88,
            0.0,
            0.0
          ],
          [
            -7.44,
            12.886457116,
            0.0
          ],
          [
            0.0,
            0.0,
            15.0
          ]
        ],
        "NumAtoms": 69,
        "Positions": [
          [
            0.03456,
            0.05677,
            0.75
          ],
          [
            -1.24962,
            2.18405,
            0.75
          ],
          [
            -2.51131,
            4.29341,
            0.75
          ],
          [
            11.13266,
            6.44461,
            0.75
          ],
          [
            9.8496,
            8.59008,
            0.75
          ],
          [
            -6.19913,
            10.74413,
            0.75
          ],
          [
            2.48661,
            0.02343,
            0.75
          ],
          [
            1.22789,
            2.24898,
            0.75
          ],
          [
            -1.16765,
            6.37628,
            0.75
          ],
          [
            -2.48257,
            8.54803,
            0.75
          ],
          [
            -3.70715,
            10.71794,
            0.75
          ],
          [
            -2.46556,
            12.87446,
            0.75
          ],
          [
            3.67046,
            2.20915,
            0.75
          ],
          [
            1.59558,
            6.66645,
            0.75
          ],
          [
            0.02716,
            8.50192,
            0.75
          ],
          [
            -1.19443,
            10.68931,
            0.75
          ],
          [
            0.04236,
            12.82738,
            0.75
          ],
          [
            6.17879,
            2.15434,
            0.75
          ],
          [
            4.90299,
            4.35793,
            0.75
          ],
          [
            2.33127,
            7.98748,
            0.75
          ],
          [
            1.35405,
            10.59237,
            0.75
          ],
          [
            2.54091,
            12.80854,
            0.75
          ],
          [
            8.68406,
            2.11488,
            0.75
          ],
          [
            7.40097,
            4.28734,
            0.75
          ],
          [
            6.02728,
            6.43951,
            0.75
          ],
          [
            3.80801,
            8.01781,
            0.75
          ],
          [
            3.92218,
            10.66766,
            0.75
          ],
          [
            12.43703,
            0.06434,
            0.75
          ],
          [
            11.14785,
            2.15676,
            0.75
          ],
          [
            9.88102,
            4.30922,
            0.75
          ],
          [
            8.57038,
            6.46584,
            0.75
          ],
          [
            7.26952,
            8.62635,
            0.75
          ],
          [
            6.246,
            10.83712,
            0.75
          ],
          [
            1.2555,
            0.77679,
            0.75
          ],
          [
            -0.05576,
            2.90532,
            0.75
          ],
          [
            -1.27532,
            4.96715,
            0.75
          ],
          [
            -2.45747,
            7.11684,
            0.75
          ],
          [
            -3.74745,
            9.27786,
            0.75
          ],
          [
            -4.95191,
            11.44964,
            0.75
          ],
          [
            3.71877,
            0.73269,
            0.75
          ],
          [
            2.44619,
            2.93839,
            0.75
          ],
          [
            2.47136,
            5.4552,
            0.75
          ],
          [
            0.11859,
            7.06029,
            0.75
          ],
          [
            -1.21828,
            9.2487,
            0.75
          ],
          [
            -2.45062,
            11.42693,
            0.75
          ],
          [
            6.21976,
            0.69193,
            0.75
          ],
          [
            4.91826,
            2.92221,
            0.75
          ],
          [
            3.88183,
            5.46179,
            0.75
          ],
          [
            1.32845,
            9.11836,
            0.75
          ],
          [
            0.08192,
            11.36381,
            0.75
          ],
          [
            8.71976,
            0.6574,
            0.75
          ],
          [
            7.42767,
            2.84642,
            0.75
          ],
          [
            6.16074,
            5.00195,
            0.75
          ],
          [
            4.58076,
            6.75772,
            0.75
          ],
          [
            4.53789,
            9.26856,
            0.75
          ],
          [
            2.60512,
            11.32067,
            0.75
          ],
          [
            11.17415,
            0.7211,
            0.75
          ],
          [
            9.89881,
            2.86833,
            0.75
          ],
          [
            8.62431,
            5.02665,
            0.75
          ],
          [
            7.27016,
            7.18581,
            0.75
          ],
          [
            6.03199,
            9.43316,
            0.75
          ],
          [
            5.02427,
            11.54794,
            0.75
          ],
          [
            13.6723,
            0.76126,
            0.75
          ],
          [
            12.3679,
            2.87066,
            0.75
          ],
          [
            11.12095,
            5.0222,
            0.75
          ],
          [
            9.84859,
            7.1625,
            0.75
          ],
          [
            8.58242,
            9.3084,
            0.75
          ],
          [
            7.4765,
            11.50669,
            0.75
          ],
          [
            -0.08446,
            4.26956,
            0.75
          ]
        ],
        "Stress": [
          [
            -29.50883,
            19.55033,
            0.0
          ],
          [
            19.55033,
            -27.31047,
            0.0
          ],
          [
            0.0,
            0.0,
            -1.17496
          ]
        ],
        "computation_code": "VASP",
        "pseudopotential_information": [
          [
            "PAW_PBE",
            "C",
            "08Apr2002"
          ],
          [
            "PAW_PBE",
            "O",
            "08Apr2002"
          ]
        ]
      }
    ],
    "EnergyStyle": "electronvolt",
    "ForcesStyle": "electronvoltperangstrom",
    "LatticeStyle": "angstrom",
    "PositionsStyle": "angstrom",
    "StressStyle": "kB"
  }
}