{
  "Dataset": {
    "AtomTypeStyle": "chemicalsymbol",
    "Data": [
      {
        "AtomTypes": [
          "C",
          "C",
          "C",
          "C",
          "C",
          "C",
          "C",
          "C",
          "C",
          "C",
          "C",
          "C",
          "C",
          "C",
          "C",
          "C",
          "C",
          "C",
          "C",
          "C",
          "C",
          "C",
          "C",
          "C",
          "C",
          "C",
          "C",
          "C",
          "C",
          "C",
          "C",
          "C",
          "C",
          "C",
          "C",
          "C",
          "C",
          "C",
          "C",
          "C",
          "C",
          "C",
          "C",
          "C",
          "C",
          "C",
          "C",
          "C",
          "C",
          "C",
          "C",
          "C",
          "C",
          "C",
          "C",
          "C",
          "C",
          "C",
          "C",
          "C",
          "C",
          "C",
          "C",
          "C",
          "C",
          "C",
          "C",
          "C",
          "C",
          "C",
          "O"
        ],
        "Energy": -613.71307591,
        "Forces": [
          [
            0.116704,
            0.138216,
            -0.047351
          ],
          [
            -0.020324,
            -0.141199,
            0.150919
          ],
          [
            -0.082082,
            -0.008224,
            -0.191328
          ],
          [
            0.066808,
            0.185409,
            0.163988
          ],
          [
            0.085373,
            0.004521,
            -0.013591
          ],
          [
            0.008322,
            -0.031023,
            0.00144
          ],
          [
            0.005362,
            0.158208,
            -0.049702
          ],
          [
            0.099508,
            0.235059,
            0.054896
          ],
          [
            0.074068,
            -0.083606,
            -0.118619
          ],
          [
            0.03214,
            -0.147072,
            -0.156329
          ],
          [
            0.012123,
            -0.002227,
            -0.028315
          ],
          [
            0.067988,
            -0.125424,
            0.002085
          ],
          [
            0.006148,
            0.010081,
            -0.012481
          ],
          [
            -0.011072,
            -0.022857,
            0.006552
          ],
          [
            -0.03989,
            -0.13113,
            0.108849
          ],
          [
            0.014619,
            -0.041359,
            0.055493
          ],
          [
            -0.016528,
            0.096824,
            -0.040611
          ],
          [
            -0.020299,
            -0.14842,
            -0.022962
          ],
          [
            0.009998,
            0.041286,
            0.017007
          ],
          [
            -0.009744,
            0.009312,
            0.014549
          ],
          [
            -0.00187,
            0.004323,
            -0.002861
          ],
          [
            0.046673,
            0.019593,
            0.066442
          ],
          [
            0.016465,
            -0.050336,
            -0.055579
          ],
          [
            0.026109,
            0.083835,
            -0.037588
          ],
          [
            -0.025357,
            -0.011712,
            -0.066091
          ],
          [
            -0.052688,
            -0.013697,
            -0.038158
          ],
          [
            -0.026328,
            -0.022251,
            -0.022278
          ],
          [
            -0.012971,
            -0.008639,
            -0.023495
          ],
          [
            0.044631,
            0.05996,
            -0.001474
          ],
          [
            -0.04478,
            0.158847,
            -0.046915
          ],
          [
            -0.105635,
            -0.057408,
            0.113917
          ],
          [
            -0.056734,
            0.059858,
            0.151123
          ],
          [
            -0.054119,
            0.012886,
            -0.003443
          ],
          [
            -0.03206,
            -0.039393,
            -0.007131
          ],
          [
            -0.061218,
            -0.02184,
            0.020891
          ],
          [
            -0.049436,
            -0.290874,
            -0.065822
          ],
          [
            0.005735,
            -0.110625,
            -0.03328
          ],
          [
            0.003494,
            0.118829,
            -0.306338
          ],
          [
            -0.109901,
            -0.039435,
            -0.184178
          ],
          [
            -0.111603,
            0.0924,
            0.122996
          ],
          [
            -0.050708,
            -0.07051,
            -0.034013
          ],
          [
            0.025523,
            -0.104425,
            -0.015054
          ],
          [
            -0.037672,
            -0.094326,
            0.081332
          ],
          [
            0.053647,
            0.097332,
            0.220239
          ],
          [
            0.028003,
            -1.4e-05,
            -0.153898
          ],
          [
            0.022948,
            0.174896,
            0.167073
          ],
          [
            -0.02429,
            0.07935,
            -0.042199
          ],
          [
            0.006979,
            -0.030833,
            0.011527
          ],
          [
            0.04525,
            0.003704,
            0.003205
          ],
          [
            -0.006907,
            -0.052146,
            0.047396
          ],
          [
            0.073552,
            0.140151,
            0.06879
          ],
          [
            0.046441,
            0.056572,
            -0.049793
          ],
          [
            -0.038616,
            -0.034722,
            0.001385
          ],
          [
            -0.024511,
            -0.008454,
            -0.003098
          ],
          [
            -0.021255,
            0.0217,
            -0.013261
          ],
          [
            0.07172,
            0.043733,
            -0.032216
          ],
          [
            0.055799,
            0.085105,
            -0.026666
          ],
          [
            0.012201,
            -0.020968,
            -0.042627
          ],
          [
            0.004834,
            -0.007045,
            -0.007933
          ],
          [
            0.037014,
            -0.038173,
            -0.030853
          ],
          [
            0.004589,
            -0.013059,
            -0.006204
          ],
          [
            -0.031878,
            0.036737,
            -0.039929
          ],
          [
            0.002363,
            0.088918,
            0.001518
          ],
          [
            0.008051,
            -0.240719,
            0.013723
          ],
          [
            -0.030878,
            0.039984,
            -0.048691
          ],
          [
            0.017942,
            -0.023878,
            -0.038267
          ],
          [
            0.001761,
            -0.170028,
            0.154183
          ],
          [
            -0.070377,
            -0.027002,
            0.166103
          ],
          [
            -0.034669,
            0.09187,
            -0.061491
          ],
          [
            0.040777,
            -0.057928,
            0.026664
          ],
          [
            0.014736,
            0.093483,
            0.207828
          ]
        ],
        "Lattice": [
          [
            14.88,
            0.0,
            0.0
          ],
          [
            -7.44,
            12.886457116,
            0.0
          ],
          [
            0.0,
            0.0,
            15.0
          ]
        ],
        "NumAtoms": 71,
        "Positions": [
          [
            7.43626,
            12.87349,
            0.74902
          ],
          [
            13.61332,
            2.12028,
            0.75465
          ],
          [
            -2.44654,
            4.25948,
            0.87769
          ],
          [
            -3.70327,
            6.43972,
            0.80718
          ],
          [
            9.87355,
            8.5785,
            0.74135
          ],
          [
            8.68204,
            10.72384,
            0.7509
          ],
          [
            -4.95738,
            12.86471,
            0.75059
          ],
          [
            1.1954,
            2.05269,
            0.72252
          ],
          [
            0.19699,
            4.14419,
            0.86626
          ],
          [
            -1.11166,
            6.4351,
            1.12046
          ],
          [
            -2.47526,
            8.56205,
            0.78147
          ],
          [
            -3.71024,
            10.7199,
            0.74169
          ],
          [
            4.9368,
            0.01789,
            0.75119
          ],
          [
            3.60121,
            2.24448,
            0.74412
          ],
          [
            1.66227,
            4.31149,
            0.80983
          ],
          [
            1.61455,
            6.82285,
            0.80081
          ],
          [
            0.0329,
            8.55818,
            0.76472
          ],
          [
            -1.21284,
            10.71417,
            0.74723
          ],
          [
            0.00625,
            12.84998,
            0.75017
          ],
          [
            6.13905,
            2.17869,
            0.75042
          ],
          [
            4.87483,
            4.39464,
            0.74797
          ],
          [
            2.34589,
            8.07334,
            0.73794
          ],
          [
            1.33169,
            10.62733,
            0.74074
          ],
          [
            2.51403,
            12.81025,
            0.75053
          ],
          [
            8.65987,
            2.11906,
            0.75135
          ],
          [
            7.41359,
            4.29674,
            0.74909
          ],
          [
            6.0541,
            6.44348,
            0.75021
          ],
          [
            3.81669,
            8.04681,
            0.7401
          ],
          [
            3.89911,
            10.65557,
            0.75021
          ],
          [
            12.39964,
            0.02748,
            0.74952
          ],
          [
            11.13129,
            2.14585,
            0.7311
          ],
          [
            9.91994,
            4.30036,
            0.74094
          ],
          [
            8.60814,
            6.45862,
            0.74062
          ],
          [
            7.28418,
            8.62092,
            0.75173
          ],
          [
            6.23412,
            10.80971,
            0.75057
          ],
          [
            1.23585,
            0.66643,
            0.7392
          ],
          [
            -0.02928,
            2.772,
            0.7647
          ],
          [
            -1.08856,
            4.9248,
            1.12834
          ],
          [
            -2.45343,
            7.14692,
            0.88028
          ],
          [
            -3.7366,
            9.28046,
            0.7357
          ],
          [
            -4.94721,
            11.43126,
            0.75081
          ],
          [
            3.67717,
            0.76468,
            0.74779
          ],
          [
            2.30167,
            2.91783,
            0.74417
          ],
          [
            2.37169,
            5.54162,
            0.77985
          ],
          [
            0.16861,
            7.15664,
            0.85924
          ],
          [
            -1.22057,
            9.28236,
            0.75677
          ],
          [
            -2.47168,
            11.45493,
            0.74983
          ],
          [
            6.18499,
            0.72426,
            0.75034
          ],
          [
            4.86112,
            2.95464,
            0.74861
          ],
          [
            3.84997,
            5.52365,
            0.74599
          ],
          [
            1.32764,
            9.18538,
            0.72277
          ],
          [
            0.05505,
            11.39693,
            0.74867
          ],
          [
            8.69433,
            0.67137,
            0.75068
          ],
          [
            7.40519,
            2.85764,
            0.75177
          ],
          [
            6.16681,
            5.01614,
            0.75026
          ],
          [
            4.5739,
            6.76565,
            0.74638
          ],
          [
            4.53257,
            9.26917,
            0.74864
          ],
          [
            2.59192,
            11.33398,
            0.75185
          ],
          [
            11.14785,
            0.70947,
            0.74045
          ],
          [
            9.89616,
            2.86315,
            0.74076
          ],
          [
            8.65417,
            5.02408,
            0.74027
          ],
          [
            7.30056,
            7.18054,
            0.74922
          ],
          [
            6.03373,
            9.41658,
            0.75157
          ],
          [
            5.00602,
            11.52584,
            0.75075
          ],
          [
            13.63888,
            0.71339,
            0.74724
          ],
          [
            12.37873,
            2.85497,
            0.77493
          ],
          [
            11.19238,
            4.99497,
            0.80783
          ],
          [
            9.89017,
            7.15054,
            0.74086
          ],
          [
            8.59773,
            9.29569,
            0.75089
          ],
          [
            7.4627,
            11.46535,
            0.75044
          ],
          [
            -1.09862,
            5.66779,
            2.38724
          ]
        ],
        "Stress": [
          [
            -35.53738,
            22.41569,
            0.01555
          ],
          [
            22.41569,
            -10.43696,
            0.06716
          ],
          [
            0.01555,
            0.06716,
            -1.09826
          ]
        ],
        "computation_code": "VASP",
        "pseudopotential_information": [
          [
            "PAW_PBE",
            "C",
            "08Apr2002"
          ],
          [
            "PAW_PBE",
            "O",
            "08Apr2002"
          ]
        ]
      }
    ],
    "EnergyStyle": "electronvolt",
    "ForcesStyle": "electronvoltperangstrom",
    "LatticeStyle": "angstrom",
    "PositionsStyle": "angstrom",
    "StressStyle": "kB"
  }
}