{
  "Dataset": {
    "AtomTypeStyle": "chemicalsymbol",
    "Data": [
      {
        "AtomTypes": [
          "C",
          "C",
          "C",
          "C",
          "C",
          "C",
          "C",
          "C",
          "C",
          "C",
          "C",
          "C",
          "C",
          "C",
          "C",
          "C",
          "C",
          "C",
          "C",
          "C",
          "C",
          "C",
          "C",
          "C",
          "C",
          "C",
          "C",
          "C",
          "C",
          "C",
          "C",
          "C",
          "C",
          "C",
          "C",
          "C",
          "C",
          "C",
          "C",
          "C",
          "C",
          "C",
          "C",
          "C",
          "C",
          "C",
          "C",
          "C",
          "C",
          "C",
          "C",
          "C",
          "C",
          "C",
          "C",
          "C",
          "C",
          "C",
          "C",
          "C",
          "C",
          "C",
          "C",
          "C",
          "C",
          "C",
          "C",
          "C",
          "O"
        ],
        "Energy": -592.90023085,
        "Forces": [
          [
            0.002058,
            0.029801,
            0.0
          ],
          [
            -0.080481,
            0.002848,
            0.0
          ],
          [
            0.135917,
            0.045894,
            0.0
          ],
          [
            0.202931,
            -0.04764,
            0.0
          ],
          [
            0.151765,
            -0.005104,
            0.0
          ],
          [
            0.005667,
            0.060077,
            0.0
          ],
          [
            -0.095075,
            -0.059778,
            0.0
          ],
          [
            -0.035076,
            -0.052138,
            0.0
          ],
          [
            -0.001248,
            0.012092,
            0.0
          ],
          [
            -0.033358,
            -0.055096,
            0.0
          ],
          [
            -0.025949,
            -0.126911,
            0.0
          ],
          [
            -0.018068,
            0.032698,
            0.0
          ],
          [
            -0.037884,
            -0.079155,
            0.0
          ],
          [
            -0.02817,
            0.031378,
            0.0
          ],
          [
            -0.143074,
            -0.063686,
            0.0
          ],
          [
            0.049411,
            -0.069979,
            0.0
          ],
          [
            -0.046468,
            0.101684,
            0.0
          ],
          [
            -0.044864,
            0.00218,
            0.0
          ],
          [
            -0.030141,
            0.055236,
            0.0
          ],
          [
            -0.041881,
            0.100677,
            0.0
          ],
          [
            0.005811,
            0.04857,
            0.0
          ],
          [
            0.030786,
            0.018626,
            0.0
          ],
          [
            -0.100838,
            0.102779,
            0.0
          ],
          [
            -0.022847,
            -0.044751,
            0.0
          ],
          [
            0.041165,
            0.146132,
            0.0
          ],
          [
            0.004415,
            -0.002901,
            0.0
          ],
          [
            -0.034991,
            -0.060607,
            0.0
          ],
          [
            0.014891,
            -0.014063,
            0.0
          ],
          [
            -0.007326,
            0.026349,
            0.0
          ],
          [
            0.029281,
            0.093774,
            0.0
          ],
          [
            0.05873,
            -0.015083,
            0.0
          ],
          [
            -0.113982,
            -0.097123,
            0.0
          ],
          [
            -0.07598,
            -0.050914,
            0.0
          ],
          [
            0.112667,
            -0.054408,
            0.0
          ],
          [
            0.042707,
            -0.068275,
            0.0
          ],
          [
            -0.027615,
            -0.056446,
            0.0
          ],
          [
            0.041259,
            -0.008707,
            0.0
          ],
          [
            0.062907,
            0.001516,
            0.0
          ],
          [
            -0.027332,
            -0.042161,
            0.0
          ],
          [
            0.06657,
            0.072245,
            0.0
          ],
          [
            -0.028213,
            0.140655,
            0.0
          ],
          [
            0.011096,
            0.004966,
            0.0
          ],
          [
            0.108129,
            0.014068,
            0.0
          ],
          [
            0.105972,
            0.108716,
            0.0
          ],
          [
            -0.042428,
            0.04332,
            0.0
          ],
          [
            -0.142723,
            0.151924,
            0.0
          ],
          [
            -0.031035,
            -0.056437,
            0.0
          ],
          [
            0.016384,
            -0.155749,
            0.0
          ],
          [
            -0.00472,
            0.002373,
            0.0
          ],
          [
            -0.02712,
            -0.147273,
            0.0
          ],
          [
            -0.080302,
            0.128881,
            0.0
          ],
          [
            -0.096933,
            -0.085928,
            0.0
          ],
          [
            -0.085309,
            0.007802,
            0.0
          ],
          [
            0.039157,
            0.029317,
            0.0
          ],
          [
            -0.011833,
            -0.020496,
            0.0
          ],
          [
            -0.006103,
            -0.091258,
            0.0
          ],
          [
            0.049194,
            0.034947,
            0.0
          ],
          [
            0.037351,
            0.000702,
            0.0
          ],
          [
            0.111295,
            0.0106,
            0.0
          ],
          [
            0.000738,
            0.035974,
            0.0
          ],
          [
            -0.019625,
            0.005865,
            0.0
          ],
          [
            -0.103452,
            0.070368,
            0.0
          ],
          [
            0.024779,
            0.016683,
            0.0
          ],
          [
            -0.004231,
            -0.112226,
            0.0
          ],
          [
            -0.049608,
            -0.072386,
            0.0
          ],
          [
            0.02432,
            -0.037763,
            0.0
          ],
          [
            0.139429,
            -0.035939,
            0.0
          ],
          [
            0.026482,
            0.00683,
            0.0
          ],
          [
            0.053021,
            0.091835,
            0.0
          ]
        ],
        "Lattice": [
          [
            14.88,
            0.0,
            0.0
          ],
          [
            -7.44,
            12.886457116,
            0.0
          ],
          [
            0.0,
            0.0,
            15.0
          ]
        ],
        "NumAtoms": 69,
        "Positions": [
          [
            0.01396,
            0.01947,
            0.75
          ],
          [
            -1.26175,
            2.15322,
            0.75
          ],
          [
            12.37461,
            4.28869,
            0.75
          ],
          [
            11.13818,
            6.44248,
            0.75
          ],
          [
            9.85584,
            8.58626,
            0.75
          ],
          [
            -6.19826,
            10.73329,
            0.75
          ],
          [
            2.49783,
            -0.02362,
            0.75
          ],
          [
            1.2227,
            2.11959,
            0.75
          ],
          [
            -0.03992,
            4.2213,
            0.75
          ],
          [
            -1.14274,
            6.41329,
            0.75
          ],
          [
            -2.47764,
            8.55697,
            0.75
          ],
          [
            -3.70421,
            10.70714,
            0.75
          ],
          [
            -2.46113,
            12.85444,
            0.75
          ],
          [
            3.67396,
            2.14581,
            0.75
          ],
          [
            1.67413,
            6.83429,
            0.75
          ],
          [
            0.03268,
            8.53769,
            0.75
          ],
          [
            -1.19288,
            10.68721,
            0.75
          ],
          [
            0.02816,
            12.83393,
            0.75
          ],
          [
            6.16045,
            2.16055,
            0.75
          ],
          [
            4.84127,
            4.38474,
            0.75
          ],
          [
            2.3582,
            8.06697,
            0.75
          ],
          [
            1.34069,
            10.61025,
            0.75
          ],
          [
            2.53001,
            12.80046,
            0.75
          ],
          [
            8.66707,
            2.10842,
            0.75
          ],
          [
            7.38526,
            4.28627,
            0.75
          ],
          [
            6.05724,
            6.43867,
            0.75
          ],
          [
            3.83627,
            8.07273,
            0.75
          ],
          [
            3.91416,
            10.66681,
            0.75
          ],
          [
            12.41438,
            0.04654,
            0.75
          ],
          [
            11.1287,
            2.14531,
            0.75
          ],
          [
            9.87426,
            4.30256,
            0.75
          ],
          [
            8.58471,
            6.46191,
            0.75
          ],
          [
            7.27344,
            8.63704,
            0.75
          ],
          [
            6.24474,
            10.83359,
            0.75
          ],
          [
            1.25878,
            0.69798,
            0.75
          ],
          [
            -0.01257,
            2.83278,
            0.75
          ],
          [
            -1.21547,
            4.9687,
            0.75
          ],
          [
            -2.44596,
            7.12946,
            0.75
          ],
          [
            -3.74441,
            9.27419,
            0.75
          ],
          [
            -4.94328,
            11.42448,
            0.75
          ],
          [
            3.72997,
            0.68869,
            0.75
          ],
          [
            2.43889,
            2.79015,
            0.75
          ],
          [
            0.13988,
            7.09908,
            0.75
          ],
          [
            -1.21741,
            9.25299,
            0.75
          ],
          [
            -2.4478,
            11.4167,
            0.75
          ],
          [
            6.21343,
            0.69482,
            0.75
          ],
          [
            4.88865,
            2.93107,
            0.75
          ],
          [
            3.84481,
            5.58106,
            0.75
          ],
          [
            1.31065,
            9.17911,
            0.75
          ],
          [
            0.06702,
            11.37959,
            0.75
          ],
          [
            8.71118,
            0.65615,
            0.75
          ],
          [
            7.41257,
            2.84686,
            0.75
          ],
          [
            6.14074,
            5.01121,
            0.75
          ],
          [
            4.57033,
            6.78981,
            0.75
          ],
          [
            4.54061,
            9.29275,
            0.75
          ],
          [
            2.60636,
            11.33157,
            0.75
          ],
          [
            11.15763,
            0.71287,
            0.75
          ],
          [
            9.88795,
            2.8597,
            0.75
          ],
          [
            8.61506,
            5.02462,
            0.75
          ],
          [
            7.28161,
            7.18027,
            0.75
          ],
          [
            6.04383,
            9.43724,
            0.75
          ],
          [
            5.02298,
            11.53898,
            0.75
          ],
          [
            13.65305,
            0.73591,
            0.75
          ],
          [
            12.37381,
            2.86546,
            0.75
          ],
          [
            11.12602,
            5.00991,
            0.75
          ],
          [
            9.86362,
            7.15543,
            0.75
          ],
          [
            8.58371,
            9.30535,
            0.75
          ],
          [
            7.4763,
            11.48852,
            0.75
          ],
          [
            2.41852,
            5.61709,
            0.75
          ]
        ],
        "Stress": [
          [
            -32.50147,
            20.70242,
            0.0
          ],
          [
            20.70242,
            -8.59637,
            0.0
          ],
          [
            0.0,
            0.0,
            -1.16914
          ]
        ],
        "computation_code": "VASP",
        "pseudopotential_information": [
          [
            "PAW_PBE",
            "C",
            "08Apr2002"
          ],
          [
            "PAW_PBE",
            "O",
            "08Apr2002"
          ]
        ]
      }
    ],
    "EnergyStyle": "electronvolt",
    "ForcesStyle": "electronvoltperangstrom",
    "LatticeStyle": "angstrom",
    "PositionsStyle": "angstrom",
    "StressStyle": "kB"
  }
}