{
  "Dataset": {
    "AtomTypeStyle": "chemicalsymbol",
    "Data": [
      {
        "AtomTypes": [
          "C",
          "C",
          "C",
          "C",
          "C",
          "C",
          "C",
          "C",
          "C",
          "C",
          "C",
          "C",
          "C",
          "C",
          "C",
          "C",
          "C",
          "C",
          "C",
          "C",
          "C",
          "C",
          "C",
          "C",
          "C",
          "C",
          "C",
          "C",
          "C",
          "C",
          "C",
          "C",
          "C",
          "C",
          "C",
          "C",
          "C",
          "C",
          "C",
          "C",
          "C",
          "C",
          "C",
          "C",
          "C",
          "C",
          "C",
          "C",
          "C",
          "C",
          "C",
          "C",
          "C",
          "C",
          "C",
          "C",
          "C",
          "C",
          "C",
          "C",
          "C",
          "C",
          "C",
          "C",
          "C",
          "C",
          "C",
          "C",
          "C",
          "C",
          "O"
        ],
        "Energy": -613.94864364,
        "Forces": [
          [
            0.010062,
            -0.002204,
            -0.010285
          ],
          [
            -0.018408,
            0.005448,
            -0.008816
          ],
          [
            0.000853,
            0.006438,
            0.001176
          ],
          [
            0.017673,
            -0.006252,
            0.010026
          ],
          [
            -0.004044,
            -0.00713,
            0.014172
          ],
          [
            9.7e-05,
            0.002248,
            -0.007306
          ],
          [
            -0.010622,
            -0.005743,
            -0.026256
          ],
          [
            -0.025439,
            0.005666,
            -0.010685
          ],
          [
            -0.005491,
            0.000914,
            -0.007646
          ],
          [
            -0.019538,
            0.004789,
            -0.000249
          ],
          [
            -0.001381,
            -0.00312,
            -0.001899
          ],
          [
            -0.012718,
            -0.00272,
            0.013813
          ],
          [
            -0.012712,
            -0.007864,
            0.00642
          ],
          [
            0.001475,
            -0.013754,
            -0.004795
          ],
          [
            0.001181,
            -0.001312,
            -0.004846
          ],
          [
            0.000252,
            0.033363,
            0.005438
          ],
          [
            0.005476,
            -0.002494,
            -0.001568
          ],
          [
            -0.007301,
            -0.008836,
            0.011268
          ],
          [
            -0.002398,
            -0.009389,
            0.00952
          ],
          [
            -0.001043,
            0.003506,
            0.000865
          ],
          [
            0.008942,
            0.005158,
            -0.007457
          ],
          [
            0.005054,
            -0.01103,
            0.000376
          ],
          [
            -0.008071,
            -0.012341,
            0.000254
          ],
          [
            -0.002097,
            -0.005067,
            -0.011103
          ],
          [
            -0.000379,
            -0.009986,
            0.004136
          ],
          [
            0.007154,
            -0.010981,
            0.015916
          ],
          [
            0.002355,
            0.006749,
            0.012363
          ],
          [
            -0.027547,
            -0.000284,
            -0.005864
          ],
          [
            0.00665,
            0.003268,
            0.000863
          ],
          [
            0.008271,
            0.014823,
            -0.002026
          ],
          [
            -6.9e-05,
            0.012553,
            -0.007429
          ],
          [
            -0.005458,
            -0.008905,
            0.006977
          ],
          [
            0.010887,
            -0.007773,
            0.023761
          ],
          [
            0.000582,
            0.011042,
            -0.007805
          ],
          [
            0.011349,
            -0.006884,
            -0.009054
          ],
          [
            0.023105,
            -0.016862,
            -0.012379
          ],
          [
            0.015443,
            -0.009925,
            -0.003701
          ],
          [
            -0.007203,
            -9.8e-05,
            -0.005785
          ],
          [
            0.001145,
            -0.003044,
            -0.007611
          ],
          [
            0.005831,
            0.005125,
            0.008423
          ],
          [
            0.008434,
            0.021943,
            -0.006006
          ],
          [
            -0.00495,
            0.001769,
            -0.008593
          ],
          [
            -0.003388,
            -0.01165,
            -0.016797
          ],
          [
            0.02001,
            -0.022156,
            -0.020098
          ],
          [
            -0.002232,
            -0.003084,
            -0.003642
          ],
          [
            0.00829,
            0.00286,
            0.000189
          ],
          [
            -0.009223,
            0.002211,
            0.016869
          ],
          [
            0.001782,
            0.017657,
            0.00773
          ],
          [
            0.017254,
            0.003648,
            -0.001731
          ],
          [
            0.00527,
            -0.01451,
            0.009922
          ],
          [
            -0.001426,
            0.007708,
            0.006012
          ],
          [
            0.019903,
            -0.002506,
            0.010688
          ],
          [
            0.008652,
            0.006492,
            0.005966
          ],
          [
            -0.005847,
            0.008822,
            -0.008527
          ],
          [
            -0.006067,
            0.00158,
            0.000328
          ],
          [
            0.013989,
            -0.00441,
            -0.002887
          ],
          [
            0.008459,
            0.016405,
            0.007166
          ],
          [
            -0.005885,
            -0.001765,
            -0.009179
          ],
          [
            -6.5e-05,
            0.000263,
            -0.009844
          ],
          [
            -0.004975,
            -0.005295,
            0.008691
          ],
          [
            -0.020888,
            -0.012354,
            0.033015
          ],
          [
            -0.013401,
            0.000391,
            0.005372
          ],
          [
            0.008323,
            0.004668,
            0.005249
          ],
          [
            -0.009332,
            -0.012617,
            -0.006324
          ],
          [
            -0.00491,
            -0.003556,
            0.000187
          ],
          [
            0.006629,
            0.001477,
            -0.011837
          ],
          [
            -0.005826,
            0.006286,
            -0.00018
          ],
          [
            -0.003326,
            0.003338,
            0.029388
          ],
          [
            -0.00543,
            -6.1e-05,
            0.002381
          ],
          [
            0.011953,
            0.025514,
            -0.024385
          ],
          [
            -0.003693,
            0.013837,
            -0.000328
          ]
        ],
        "Lattice": [
          [
            14.88,
            0.0,
            0.0
          ],
          [
            -7.44,
            12.886457116,
            0.0
          ],
          [
            0.0,
            0.0,
            15.0
          ]
        ],
        "NumAtoms": 71,
        "Positions": [
          [
            7.43077,
            12.86916,
            0.73374
          ],
          [
            13.60573,
            2.11077,
            0.73336
          ],
          [
            -2.40124,
            4.28167,
            0.7706
          ],
          [
            -3.7042,
            6.43329,
            0.7631
          ],
          [
            9.87809,
            8.57983,
            0.74358
          ],
          [
            8.68384,
            10.72358,
            0.74365
          ],
          [
            -4.95649,
            12.86773,
            0.74606
          ],
          [
            1.17518,
            2.04825,
            0.72836
          ],
          [
            0.16556,
            4.1537,
            0.78102
          ],
          [
            -1.12306,
            6.40252,
            0.83693
          ],
          [
            -2.46626,
            8.55779,
            0.76934
          ],
          [
            -3.70489,
            10.71716,
            0.74259
          ],
          [
            4.93842,
            0.02708,
            0.74955
          ],
          [
            3.60538,
            2.24789,
            0.77645
          ],
          [
            1.66281,
            4.26451,
            0.80385
          ],
          [
            1.58909,
            6.82937,
            1.07285
          ],
          [
            0.00988,
            8.56635,
            0.80678
          ],
          [
            -1.21572,
            10.72855,
            0.73932
          ],
          [
            0.0093,
            12.85765,
            0.73996
          ],
          [
            6.14086,
            2.18244,
            0.76553
          ],
          [
            4.88902,
            4.39995,
            0.80954
          ],
          [
            2.3433,
            8.12239,
            0.85935
          ],
          [
            1.33392,
            10.63988,
            0.74523
          ],
          [
            2.51575,
            12.81733,
            0.74316
          ],
          [
            8.66481,
            2.12485,
            0.74486
          ],
          [
            7.42284,
            4.29974,
            0.74738
          ],
          [
            6.07051,
            6.44424,
            0.76457
          ],
          [
            3.81642,
            8.0515,
            0.81247
          ],
          [
            3.90152,
            10.65194,
            0.75128
          ],
          [
            12.39781,
            0.02227,
            0.73911
          ],
          [
            11.1389,
            2.14945,
            0.74486
          ],
          [
            9.92862,
            4.30476,
            0.7446
          ],
          [
            8.61357,
            6.45995,
            0.73643
          ],
          [
            7.28573,
            8.62179,
            0.74494
          ],
          [
            6.23396,
            10.80587,
            0.74363
          ],
          [
            1.22992,
            0.66457,
            0.73186
          ],
          [
            -0.04705,
            2.75586,
            0.734
          ],
          [
            -1.08196,
            4.95163,
            0.80279
          ],
          [
            -2.42596,
            7.12292,
            0.79109
          ],
          [
            -3.73335,
            9.2786,
            0.74871
          ],
          [
            -4.94429,
            11.43272,
            0.74375
          ],
          [
            3.67827,
            0.77136,
            0.75732
          ],
          [
            2.28539,
            2.93181,
            0.76619
          ],
          [
            2.3914,
            5.50778,
            1.0568
          ],
          [
            0.08417,
            7.16141,
            0.87674
          ],
          [
            -1.23021,
            9.2899,
            0.76189
          ],
          [
            -2.4692,
            11.46086,
            0.74057
          ],
          [
            6.18485,
            0.72766,
            0.75079
          ],
          [
            4.86005,
            2.95213,
            0.79044
          ],
          [
            3.89692,
            5.51091,
            0.85431
          ],
          [
            1.33328,
            9.18454,
            0.79145
          ],
          [
            0.05512,
            11.40382,
            0.73635
          ],
          [
            8.69571,
            0.67242,
            0.74222
          ],
          [
            7.40886,
            2.85914,
            0.75383
          ],
          [
            6.18334,
            5.01905,
            0.76776
          ],
          [
            4.57771,
            6.7613,
            0.81186
          ],
          [
            4.53591,
            9.26832,
            0.75894
          ],
          [
            2.59046,
            11.33421,
            0.74637
          ],
          [
            11.15024,
            0.71053,
            0.74254
          ],
          [
            9.90047,
            2.86351,
            0.74403
          ],
          [
            8.6644,
            5.02549,
            0.73692
          ],
          [
            7.30601,
            7.17844,
            0.74416
          ],
          [
            6.03792,
            9.41263,
            0.74595
          ],
          [
            5.00636,
            11.51631,
            0.74411
          ],
          [
            13.63406,
            0.69765,
            0.73138
          ],
          [
            12.3891,
            2.85297,
            0.74923
          ],
          [
            11.20039,
            5.00084,
            0.76151
          ],
          [
            9.89261,
            7.14815,
            0.74281
          ],
          [
            8.6014,
            9.29665,
            0.74263
          ],
          [
            7.46327,
            11.4594,
            0.74289
          ],
          [
            1.95153,
            6.16763,
            2.32778
          ]
        ],
        "Stress": [
          [
            -36.11694,
            22.60068,
            0.00278
          ],
          [
            22.60068,
            -9.35974,
            0.00981
          ],
          [
            0.00278,
            0.00981,
            -1.16472
          ]
        ],
        "computation_code": "VASP",
        "pseudopotential_information": [
          [
            "PAW_PBE",
            "C",
            "08Apr2002"
          ],
          [
            "PAW_PBE",
            "O",
            "08Apr2002"
          ]
        ]
      }
    ],
    "EnergyStyle": "electronvolt",
    "ForcesStyle": "electronvoltperangstrom",
    "LatticeStyle": "angstrom",
    "PositionsStyle": "angstrom",
    "StressStyle": "kB"
  }
}