{
  "Dataset": {
    "AtomTypeStyle": "chemicalsymbol",
    "Data": [
      {
        "AtomTypes": [
          "C",
          "C",
          "C",
          "C",
          "C",
          "C",
          "C",
          "C",
          "C",
          "C",
          "C",
          "C",
          "C",
          "C",
          "C",
          "C",
          "C",
          "C",
          "C",
          "C",
          "C",
          "C",
          "C",
          "C",
          "C",
          "C",
          "C",
          "C",
          "C",
          "C",
          "C",
          "C",
          "C",
          "C",
          "C",
          "C",
          "C",
          "C",
          "C",
          "C",
          "C",
          "C",
          "C",
          "C",
          "C",
          "C",
          "C",
          "C",
          "C",
          "C",
          "C",
          "C",
          "C",
          "C",
          "C",
          "C",
          "C",
          "C",
          "C",
          "C",
          "C",
          "C",
          "C",
          "C",
          "C",
          "C",
          "C",
          "C",
          "O"
        ],
        "Energy": -534.34627363,
        "Forces": [
          [
            0.013905,
            0.038505,
            0.0
          ],
          [
            -0.011836,
            0.005391,
            0.0
          ],
          [
            -0.038896,
            -0.016496,
            0.0
          ],
          [
            -0.014085,
            0.005461,
            0.0
          ],
          [
            -0.008324,
            -0.011985,
            0.0
          ],
          [
            0.018161,
            0.014216,
            0.0
          ],
          [
            -0.015042,
            0.025202,
            0.0
          ],
          [
            -0.006897,
            0.003773,
            0.0
          ],
          [
            -0.020424,
            -0.000207,
            0.0
          ],
          [
            -0.017901,
            0.00411,
            0.0
          ],
          [
            -0.003368,
            0.009879,
            0.0
          ],
          [
            0.015111,
            0.017005,
            0.0
          ],
          [
            -0.005154,
            -0.013092,
            0.0
          ],
          [
            0.016672,
            -0.036978,
            0.0
          ],
          [
            -0.015136,
            -0.022285,
            0.0
          ],
          [
            -0.009032,
            0.014976,
            0.0
          ],
          [
            0.039824,
            0.018978,
            0.0
          ],
          [
            0.032467,
            -0.020767,
            0.0
          ],
          [
            0.031501,
            -0.02312,
            0.0
          ],
          [
            -3e-06,
            0.007978,
            0.0
          ],
          [
            0.003724,
            0.015383,
            0.0
          ],
          [
            -0.023251,
            -0.02518,
            0.0
          ],
          [
            -0.015394,
            -0.025335,
            0.0
          ],
          [
            0.017717,
            -0.003338,
            0.0
          ],
          [
            0.026221,
            0.004549,
            0.0
          ],
          [
            0.011668,
            0.005355,
            0.0
          ],
          [
            -0.00021,
            -0.02511,
            0.0
          ],
          [
            0.001496,
            -0.008915,
            0.0
          ],
          [
            -0.009836,
            0.005393,
            0.0
          ],
          [
            0.003219,
            0.020951,
            0.0
          ],
          [
            -0.003257,
            0.022837,
            0.0
          ],
          [
            -0.00953,
            -0.000645,
            0.0
          ],
          [
            -0.009742,
            0.004272,
            0.0
          ],
          [
            0.007757,
            0.023794,
            0.0
          ],
          [
            -0.007384,
            -0.02106,
            0.0
          ],
          [
            -0.04848,
            -0.011779,
            0.0
          ],
          [
            -0.027615,
            -0.014462,
            0.0
          ],
          [
            -0.024201,
            0.00999,
            0.0
          ],
          [
            0.000328,
            0.023611,
            0.0
          ],
          [
            -0.013529,
            0.01566,
            0.0
          ],
          [
            -0.014209,
            0.018487,
            0.0
          ],
          [
            0.009468,
            -0.03498,
            0.0
          ],
          [
            0.010106,
            0.006429,
            0.0
          ],
          [
            -0.007863,
            0.009631,
            0.0
          ],
          [
            -0.004638,
            0.023457,
            0.0
          ],
          [
            0.02632,
            -0.000752,
            0.0
          ],
          [
            0.008579,
            -0.020813,
            0.0
          ],
          [
            0.013379,
            0.005061,
            0.0
          ],
          [
            -0.000429,
            -0.025368,
            0.0
          ],
          [
            0.028122,
            0.021184,
            0.0
          ],
          [
            0.000687,
            -0.006729,
            0.0
          ],
          [
            0.023862,
            -0.017435,
            0.0
          ],
          [
            0.032406,
            -0.003009,
            0.0
          ],
          [
            0.021907,
            -0.027481,
            0.0
          ],
          [
            0.011926,
            0.01788,
            0.0
          ],
          [
            0.009562,
            0.007281,
            0.0
          ],
          [
            0.003375,
            -0.010166,
            0.0
          ],
          [
            -0.005561,
            0.009427,
            0.0
          ],
          [
            0.023637,
            0.008214,
            0.0
          ],
          [
            0.00413,
            0.005089,
            0.0
          ],
          [
            -0.016064,
            0.0078,
            0.0
          ],
          [
            0.02374,
            -0.003427,
            0.0
          ],
          [
            -0.006624,
            0.028539,
            0.0
          ],
          [
            -0.02007,
            -0.006331,
            0.0
          ],
          [
            0.005316,
            -0.013633,
            0.0
          ],
          [
            -0.007657,
            0.00238,
            0.0
          ],
          [
            -0.021467,
            -0.001891,
            0.0
          ],
          [
            0.00769,
            0.001016,
            0.0
          ],
          [
            -0.040876,
            -0.036378,
            0.0
          ]
        ],
        "Lattice": [
          [
            14.79,
            0.0,
            0.0
          ],
          [
            -7.395,
            12.808514835,
            0.0
          ],
          [
            0.0,
            0.0,
            14.909274194
          ]
        ],
        "NumAtoms": 69,
        "Positions": [
          [
            0.03075,
            0.09569,
            0.74546
          ],
          [
            13.52644,
            2.17367,
            0.74546
          ],
          [
            12.26707,
            4.26007,
            0.74546
          ],
          [
            11.06298,
            6.40809,
            0.74546
          ],
          [
            9.80489,
            8.55887,
            0.74546
          ],
          [
            -6.15129,
            10.71938,
            0.74546
          ],
          [
            2.46617,
            0.07914,
            0.74546
          ],
          [
            1.22032,
            2.31081,
            0.74546
          ],
          [
            -1.17497,
            6.33145,
            0.74546
          ],
          [
            -2.46312,
            8.50322,
            0.74546
          ],
          [
            -3.68534,
            10.6834,
            0.74546
          ],
          [
            4.92539,
            0.02293,
            0.74546
          ],
          [
            3.62649,
            2.29185,
            0.74546
          ],
          [
            1.59905,
            6.5296,
            0.74546
          ],
          [
            0.04137,
            8.40573,
            0.74546
          ],
          [
            -1.18808,
            10.61214,
            0.74546
          ],
          [
            0.02966,
            12.73168,
            0.74546
          ],
          [
            6.1379,
            2.14491,
            0.74546
          ],
          [
            4.92138,
            4.34029,
            0.74546
          ],
          [
            2.33674,
            7.84944,
            0.74546
          ],
          [
            1.34848,
            10.47801,
            0.74546
          ],
          [
            2.50593,
            12.70128,
            0.74546
          ],
          [
            8.61536,
            2.08762,
            0.74546
          ],
          [
            7.37996,
            4.26322,
            0.74546
          ],
          [
            6.02202,
            6.4071,
            0.74546
          ],
          [
            3.80527,
            7.92821,
            0.74546
          ],
          [
            3.89724,
            10.57539,
            0.74546
          ],
          [
            12.34281,
            0.04975,
            0.74546
          ],
          [
            11.05249,
            2.1243,
            0.74546
          ],
          [
            9.81273,
            4.27528,
            0.74546
          ],
          [
            8.53841,
            6.43896,
            0.74546
          ],
          [
            7.24784,
            8.59712,
            0.74546
          ],
          [
            6.21842,
            10.78542,
            0.74546
          ],
          [
            1.24518,
            0.83521,
            0.74546
          ],
          [
            -0.07264,
            2.90456,
            0.74546
          ],
          [
            -1.29841,
            4.93821,
            0.74546
          ],
          [
            -2.44963,
            7.07832,
            0.74546
          ],
          [
            -3.7141,
            9.24465,
            0.74546
          ],
          [
            -4.91716,
            11.42758,
            0.74546
          ],
          [
            3.67729,
            0.80312,
            0.74546
          ],
          [
            2.412,
            3.09206,
            0.74546
          ],
          [
            2.48138,
            5.20258,
            0.74546
          ],
          [
            0.13041,
            6.96147,
            0.74546
          ],
          [
            -1.19686,
            9.17186,
            0.74546
          ],
          [
            -2.43981,
            11.3782,
            0.74546
          ],
          [
            6.17243,
            0.69377,
            0.74546
          ],
          [
            4.89964,
            2.92877,
            0.74546
          ],
          [
            3.87386,
            5.38287,
            0.74546
          ],
          [
            1.33411,
            9.0006,
            0.74546
          ],
          [
            0.07997,
            11.26818,
            0.74546
          ],
          [
            8.6501,
            0.63348,
            0.74546
          ],
          [
            7.379,
            2.82735,
            0.74546
          ],
          [
            6.16517,
            4.98262,
            0.74546
          ],
          [
            4.56474,
            6.69064,
            0.74546
          ],
          [
            4.51292,
            9.19807,
            0.74546
          ],
          [
            2.58172,
            11.21759,
            0.74546
          ],
          [
            11.08098,
            0.69314,
            0.74546
          ],
          [
            9.81762,
            2.83713,
            0.74546
          ],
          [
            8.58411,
            5.002,
            0.74546
          ],
          [
            7.25333,
            7.16076,
            0.74546
          ],
          [
            6.00973,
            9.38467,
            0.74546
          ],
          [
            4.98904,
            11.46677,
            0.74546
          ],
          [
            13.56858,
            0.76388,
            0.74546
          ],
          [
            12.26601,
            2.84396,
            0.74546
          ],
          [
            11.04024,
            4.98825,
            0.74546
          ],
          [
            9.8014,
            7.13315,
            0.74546
          ],
          [
            8.54855,
            9.28309,
            0.74546
          ],
          [
            7.43698,
            11.47235,
            0.74546
          ],
          [
            -0.11381,
            4.25643,
            0.74546
          ]
        ],
        "Stress": [
          [
            -29.01952,
            19.29049,
            0.0
          ],
          [
            19.29049,
            -37.09718,
            0.0
          ],
          [
            0.0,
            0.0,
            -1.13921
          ]
        ],
        "computation_code": "VASP",
        "pseudopotential_information": [
          [
            "PAW_PBE",
            "C",
            "08Apr2002"
          ],
          [
            "PAW_PBE",
            "O",
            "08Apr2002"
          ]
        ]
      }
    ],
    "EnergyStyle": "electronvolt",
    "ForcesStyle": "electronvoltperangstrom",
    "LatticeStyle": "angstrom",
    "PositionsStyle": "angstrom",
    "StressStyle": "kB"
  }
}