{
  "Dataset": {
    "AtomTypeStyle": "chemicalsymbol",
    "Data": [
      {
        "AtomTypes": [
          "C",
          "C",
          "C",
          "C",
          "C",
          "C",
          "C",
          "C",
          "C",
          "C",
          "C",
          "C",
          "C",
          "C",
          "C",
          "C",
          "C",
          "C",
          "C",
          "C",
          "C",
          "C",
          "C",
          "C",
          "C",
          "C",
          "C",
          "C",
          "C",
          "C",
          "C",
          "C",
          "C",
          "C",
          "C",
          "C",
          "C",
          "C",
          "C",
          "C",
          "C",
          "C",
          "C",
          "C",
          "C",
          "C",
          "C",
          "C",
          "C",
          "C",
          "C",
          "C",
          "C",
          "C",
          "C",
          "C",
          "C",
          "C",
          "C",
          "C",
          "C",
          "C",
          "C",
          "C",
          "C",
          "C",
          "C",
          "C",
          "O"
        ],
        "Energy": -595.14862989,
        "Forces": [
          [
            0.029335,
            0.127041,
            0.0
          ],
          [
            0.02613,
            0.010917,
            0.0
          ],
          [
            -0.056934,
            0.041163,
            0.0
          ],
          [
            -0.124483,
            0.027839,
            0.0
          ],
          [
            0.100831,
            -0.031812,
            0.0
          ],
          [
            0.022668,
            0.041591,
            0.0
          ],
          [
            -0.048632,
            0.038534,
            0.0
          ],
          [
            -0.013993,
            0.021951,
            0.0
          ],
          [
            0.028795,
            -0.015829,
            0.0
          ],
          [
            -0.0118,
            0.083145,
            0.0
          ],
          [
            0.005764,
            0.040709,
            0.0
          ],
          [
            -0.034382,
            -0.031009,
            0.0
          ],
          [
            0.022961,
            -0.010715,
            0.0
          ],
          [
            -0.041576,
            -0.010784,
            0.0
          ],
          [
            -0.059026,
            -0.046576,
            0.0
          ],
          [
            -0.046142,
            0.030556,
            0.0
          ],
          [
            -0.00331,
            -0.020349,
            0.0
          ],
          [
            -0.013544,
            -0.032231,
            0.0
          ],
          [
            -0.053729,
            -0.13692,
            0.0
          ],
          [
            -0.026935,
            -0.049256,
            0.0
          ],
          [
            0.023236,
            -0.056507,
            0.0
          ],
          [
            0.039227,
            0.010457,
            0.0
          ],
          [
            0.018647,
            0.02876,
            0.0
          ],
          [
            0.073369,
            0.025848,
            0.0
          ],
          [
            -0.020747,
            0.055791,
            0.0
          ],
          [
            -0.085388,
            -0.035557,
            0.0
          ],
          [
            0.019897,
            -0.014668,
            0.0
          ],
          [
            -0.031212,
            0.005693,
            0.0
          ],
          [
            -0.00884,
            0.065977,
            0.0
          ],
          [
            -0.059233,
            0.075373,
            0.0
          ],
          [
            0.02038,
            -0.038918,
            0.0
          ],
          [
            -0.036306,
            0.031015,
            0.0
          ],
          [
            0.020848,
            0.001464,
            0.0
          ],
          [
            0.025972,
            0.044717,
            0.0
          ],
          [
            0.035394,
            0.0088,
            0.0
          ],
          [
            0.034885,
            -0.004343,
            0.0
          ],
          [
            -0.001464,
            0.015013,
            0.0
          ],
          [
            -0.007714,
            -0.010981,
            0.0
          ],
          [
            -0.049054,
            -0.015078,
            0.0
          ],
          [
            -0.012191,
            -0.001716,
            0.0
          ],
          [
            -0.038286,
            0.080764,
            0.0
          ],
          [
            0.052746,
            -0.076462,
            0.0
          ],
          [
            -0.010869,
            -0.038753,
            0.0
          ],
          [
            0.02603,
            -0.065744,
            0.0
          ],
          [
            -0.022121,
            0.061526,
            0.0
          ],
          [
            0.079046,
            0.028938,
            0.0
          ],
          [
            0.032382,
            -0.013286,
            0.0
          ],
          [
            -0.039936,
            -0.060754,
            0.0
          ],
          [
            -0.062052,
            0.015619,
            0.0
          ],
          [
            0.029251,
            -0.003106,
            0.0
          ],
          [
            0.061453,
            0.051499,
            0.0
          ],
          [
            0.058075,
            -0.011319,
            0.0
          ],
          [
            0.05018,
            -0.024488,
            0.0
          ],
          [
            -0.057712,
            -0.02925,
            0.0
          ],
          [
            -0.009683,
            0.00657,
            0.0
          ],
          [
            0.021594,
            -0.061054,
            0.0
          ],
          [
            0.106505,
            -0.053012,
            0.0
          ],
          [
            0.010325,
            -0.0159,
            0.0
          ],
          [
            -0.009343,
            -0.010977,
            0.0
          ],
          [
            -0.071427,
            -0.039822,
            0.0
          ],
          [
            -0.056224,
            -0.022534,
            0.0
          ],
          [
            0.032164,
            -0.090127,
            0.0
          ],
          [
            -0.007792,
            -0.021635,
            0.0
          ],
          [
            0.063034,
            -0.021998,
            0.0
          ],
          [
            0.03575,
            0.006665,
            0.0
          ],
          [
            0.001617,
            -0.016436,
            0.0
          ],
          [
            0.029997,
            0.070347,
            0.0
          ],
          [
            0.00166,
            0.004952,
            0.0
          ],
          [
            -0.008067,
            0.080672,
            0.0
          ]
        ],
        "Lattice": [
          [
            14.88,
            0.0,
            0.0
          ],
          [
            -7.44,
            12.886457116,
            0.0
          ],
          [
            0.0,
            0.0,
            15.0
          ]
        ],
        "NumAtoms": 69,
        "Positions": [
          [
            0.02379,
            0.07855,
            0.75
          ],
          [
            -1.28008,
            2.17683,
            0.75
          ],
          [
            -2.53788,
            4.27894,
            0.75
          ],
          [
            11.13835,
            6.43964,
            0.75
          ],
          [
            9.86469,
            8.60315,
            0.75
          ],
          [
            -6.18849,
            10.77335,
            0.75
          ],
          [
            2.48075,
            0.05969,
            0.75
          ],
          [
            1.21755,
            2.28775,
            0.75
          ],
          [
            -1.17101,
            6.36463,
            0.75
          ],
          [
            -2.47415,
            8.54665,
            0.75
          ],
          [
            -3.70509,
            10.73601,
            0.75
          ],
          [
            4.95648,
            0.01216,
            0.75
          ],
          [
            3.65137,
            2.27462,
            0.75
          ],
          [
            1.62155,
            6.61489,
            0.75
          ],
          [
            0.04505,
            8.46746,
            0.75
          ],
          [
            -1.19463,
            10.67552,
            0.75
          ],
          [
            0.02349,
            12.8146,
            0.75
          ],
          [
            6.16624,
            2.16262,
            0.75
          ],
          [
            4.93941,
            4.37929,
            0.75
          ],
          [
            2.36176,
            7.94156,
            0.75
          ],
          [
            1.35339,
            10.55869,
            0.75
          ],
          [
            2.51442,
            12.78424,
            0.75
          ],
          [
            8.65942,
            2.10128,
            0.75
          ],
          [
            7.41939,
            4.28937,
            0.75
          ],
          [
            6.06909,
            6.44854,
            0.75
          ],
          [
            3.84203,
            8.00156,
            0.75
          ],
          [
            3.92144,
            10.65214,
            0.75
          ],
          [
            12.4124,
            0.05259,
            0.75
          ],
          [
            11.11216,
            2.13605,
            0.75
          ],
          [
            9.87116,
            4.29775,
            0.75
          ],
          [
            8.59563,
            6.47636,
            0.75
          ],
          [
            7.29514,
            8.64697,
            0.75
          ],
          [
            6.25385,
            10.85117,
            0.75
          ],
          [
            1.24619,
            0.81048,
            0.75
          ],
          [
            -0.08093,
            2.90383,
            0.75
          ],
          [
            -1.30355,
            4.95849,
            0.75
          ],
          [
            -2.4561,
            7.11263,
            0.75
          ],
          [
            -3.73485,
            9.291,
            0.75
          ],
          [
            -4.94535,
            11.48206,
            0.75
          ],
          [
            3.70236,
            0.7843,
            0.75
          ],
          [
            2.42636,
            3.0304,
            0.75
          ],
          [
            2.49564,
            5.35427,
            0.75
          ],
          [
            0.13817,
            7.02151,
            0.75
          ],
          [
            -1.20396,
            9.22975,
            0.75
          ],
          [
            -2.45265,
            11.4377,
            0.75
          ],
          [
            6.20311,
            0.69945,
            0.75
          ],
          [
            4.91992,
            2.95073,
            0.75
          ],
          [
            3.9044,
            5.45464,
            0.75
          ],
          [
            1.34642,
            9.07503,
            0.75
          ],
          [
            0.07761,
            11.34409,
            0.75
          ],
          [
            8.69509,
            0.64013,
            0.75
          ],
          [
            7.41655,
            2.84654,
            0.75
          ],
          [
            6.19737,
            5.0161,
            0.75
          ],
          [
            4.61118,
            6.75289,
            0.75
          ],
          [
            4.55095,
            9.26815,
            0.75
          ],
          [
            2.59644,
            11.29719,
            0.75
          ],
          [
            11.14108,
            0.69989,
            0.75
          ],
          [
            9.87049,
            2.85385,
            0.75
          ],
          [
            8.63503,
            5.03069,
            0.75
          ],
          [
            7.30708,
            7.20499,
            0.75
          ],
          [
            6.04872,
            9.44668,
            0.75
          ],
          [
            5.01788,
            11.54201,
            0.75
          ],
          [
            13.64654,
            0.76099,
            0.75
          ],
          [
            12.33365,
            2.85556,
            0.75
          ],
          [
            11.10855,
            5.01268,
            0.75
          ],
          [
            9.86723,
            7.17088,
            0.75
          ],
          [
            8.60053,
            9.33055,
            0.75
          ],
          [
            7.48123,
            11.53071,
            0.75
          ],
          [
            -0.11167,
            4.26289,
            0.75
          ]
        ],
        "Stress": [
          [
            -29.13598,
            19.90253,
            0.0
          ],
          [
            19.90253,
            -32.05326,
            0.0
          ],
          [
            0.0,
            0.0,
            -1.1782
          ]
        ],
        "computation_code": "VASP",
        "pseudopotential_information": [
          [
            "PAW_PBE",
            "C",
            "08Apr2002"
          ],
          [
            "PAW_PBE",
            "O",
            "08Apr2002"
          ]
        ]
      }
    ],
    "EnergyStyle": "electronvolt",
    "ForcesStyle": "electronvoltperangstrom",
    "LatticeStyle": "angstrom",
    "PositionsStyle": "angstrom",
    "StressStyle": "kB"
  }
}