{
  "Dataset": {
    "AtomTypeStyle": "chemicalsymbol",
    "Data": [
      {
        "AtomTypes": [
          "C",
          "C",
          "C",
          "C",
          "C",
          "C",
          "C",
          "C",
          "C",
          "C",
          "C",
          "C",
          "C",
          "C",
          "C",
          "C",
          "C",
          "C",
          "C",
          "C",
          "C",
          "C",
          "C",
          "C",
          "C",
          "C",
          "C",
          "C",
          "C",
          "C",
          "C",
          "C",
          "C",
          "C",
          "C",
          "C",
          "C",
          "C",
          "C",
          "C",
          "C",
          "C",
          "C",
          "C",
          "C",
          "C",
          "C",
          "C",
          "C",
          "C",
          "C",
          "C",
          "C",
          "C",
          "C",
          "C",
          "C",
          "C",
          "C",
          "C",
          "C",
          "C",
          "C",
          "C",
          "C",
          "C",
          "C",
          "C",
          "C",
          "O",
          "O"
        ],
        "Energy": -609.14270572,
        "Forces": [
          [
            0.00897,
            0.393914,
            0.0
          ],
          [
            -0.116809,
            0.257635,
            0.0
          ],
          [
            -0.219397,
            0.092723,
            0.0
          ],
          [
            0.272364,
            0.077741,
            0.0
          ],
          [
            0.151146,
            -0.039183,
            0.0
          ],
          [
            -0.028355,
            0.272086,
            0.0
          ],
          [
            0.008565,
            0.275507,
            0.0
          ],
          [
            -0.02295,
            0.174293,
            0.0
          ],
          [
            -0.209263,
            0.448091,
            0.0
          ],
          [
            -0.138205,
            0.179269,
            0.0
          ],
          [
            0.289602,
            0.348107,
            0.0
          ],
          [
            -0.186763,
            0.092644,
            0.0
          ],
          [
            0.035654,
            -0.004718,
            0.0
          ],
          [
            0.115875,
            0.050714,
            0.0
          ],
          [
            0.029002,
            0.036136,
            0.0
          ],
          [
            0.398045,
            -0.266657,
            0.0
          ],
          [
            0.092045,
            -0.500336,
            0.0
          ],
          [
            -0.027469,
            -0.281175,
            0.0
          ],
          [
            -0.014691,
            0.035182,
            0.0
          ],
          [
            0.240444,
            -0.161374,
            0.0
          ],
          [
            -0.366808,
            -0.137396,
            0.0
          ],
          [
            -0.091822,
            0.304629,
            0.0
          ],
          [
            0.162002,
            -0.205299,
            0.0
          ],
          [
            0.194844,
            -0.29046,
            0.0
          ],
          [
            -0.148943,
            -0.092128,
            0.0
          ],
          [
            0.204292,
            0.050598,
            0.0
          ],
          [
            -0.382807,
            0.116274,
            0.0
          ],
          [
            0.096056,
            -0.073429,
            0.0
          ],
          [
            -0.052503,
            -0.081216,
            0.0
          ],
          [
            0.005992,
            -0.139308,
            0.0
          ],
          [
            -0.133964,
            -0.02148,
            0.0
          ],
          [
            0.210291,
            -0.056273,
            0.0
          ],
          [
            -0.256793,
            -0.012669,
            0.0
          ],
          [
            -0.080048,
            0.131928,
            0.0
          ],
          [
            -0.00705,
            0.334271,
            0.0
          ],
          [
            -0.029376,
            0.202215,
            0.0
          ],
          [
            0.050891,
            -0.265609,
            0.0
          ],
          [
            -0.056144,
            0.063444,
            0.0
          ],
          [
            -0.237879,
            0.238969,
            0.0
          ],
          [
            0.031805,
            0.192791,
            0.0
          ],
          [
            0.1622,
            0.134633,
            0.0
          ],
          [
            0.488366,
            -0.302432,
            0.0
          ],
          [
            -0.039921,
            0.055051,
            0.0
          ],
          [
            0.303867,
            -0.78718,
            0.0
          ],
          [
            0.271411,
            -0.193193,
            0.0
          ],
          [
            -0.080992,
            -0.326641,
            0.0
          ],
          [
            0.074079,
            0.100617,
            0.0
          ],
          [
            0.182757,
            -0.245753,
            0.0
          ],
          [
            -0.434266,
            -0.002839,
            0.0
          ],
          [
            -0.109306,
            -0.260238,
            0.0
          ],
          [
            -0.24093,
            -0.020139,
            0.0
          ],
          [
            0.007451,
            -0.431489,
            0.0
          ],
          [
            -0.062264,
            -0.050708,
            0.0
          ],
          [
            -0.066217,
            -0.033385,
            0.0
          ],
          [
            0.318112,
            0.402017,
            0.0
          ],
          [
            0.01429,
            -0.234206,
            0.0
          ],
          [
            0.204703,
            0.113976,
            0.0
          ],
          [
            -0.003576,
            -0.078607,
            0.0
          ],
          [
            0.147561,
            0.033928,
            0.0
          ],
          [
            -0.253161,
            0.031176,
            0.0
          ],
          [
            0.214805,
            -0.171777,
            0.0
          ],
          [
            -0.080697,
            -0.006322,
            0.0
          ],
          [
            -0.103909,
            -0.085977,
            0.0
          ],
          [
            -0.153887,
            0.109696,
            0.0
          ],
          [
            -0.320495,
            -0.071484,
            0.0
          ],
          [
            -0.327983,
            0.092268,
            0.0
          ],
          [
            -0.004738,
            0.183788,
            0.0
          ],
          [
            0.040889,
            -0.046242,
            0.0
          ],
          [
            -0.112946,
            0.381929,
            0.0
          ],
          [
            0.139505,
            0.483799,
            0.0
          ],
          [
            0.035445,
            -0.51472,
            0.0
          ]
        ],
        "Lattice": [
          [
            14.88,
            0.0,
            0.0
          ],
          [
            -7.44,
            12.886457116,
            0.0
          ],
          [
            0.0,
            0.0,
            15.0
          ]
        ],
        "NumAtoms": 71,
        "Positions": [
          [
            0.00799,
            0.00563,
            0.75
          ],
          [
            13.59594,
            2.12529,
            0.75
          ],
          [
            -2.55,
            4.26933,
            0.75
          ],
          [
            -3.84711,
            6.43739,
            0.75
          ],
          [
            9.82582,
            8.6001,
            0.75
          ],
          [
            -6.19798,
            10.7408,
            0.75
          ],
          [
            2.47517,
            0.00112,
            0.75
          ],
          [
            1.20396,
            2.1269,
            0.75
          ],
          [
            -0.20917,
            4.20111,
            0.75
          ],
          [
            -1.42762,
            6.44957,
            0.75
          ],
          [
            -2.56625,
            8.58996,
            0.75
          ],
          [
            -3.7264,
            10.74179,
            0.75
          ],
          [
            4.94093,
            0.02706,
            0.75
          ],
          [
            3.66243,
            2.21997,
            0.75
          ],
          [
            2.02362,
            6.64007,
            0.75
          ],
          [
            -0.06815,
            8.58916,
            0.75
          ],
          [
            -1.24333,
            10.75165,
            0.75
          ],
          [
            0.01992,
            12.83311,
            0.75
          ],
          [
            6.1745,
            2.15598,
            0.75
          ],
          [
            5.02768,
            4.35676,
            0.75
          ],
          [
            2.46761,
            7.99497,
            0.75
          ],
          [
            1.33805,
            10.55473,
            0.75
          ],
          [
            2.50695,
            12.786,
            0.75
          ],
          [
            8.66651,
            2.10521,
            0.75
          ],
          [
            7.47039,
            4.27372,
            0.75
          ],
          [
            6.1302,
            6.43533,
            0.75
          ],
          [
            3.93844,
            8.02248,
            0.75
          ],
          [
            3.91915,
            10.64472,
            0.75
          ],
          [
            12.40446,
            0.03521,
            0.75
          ],
          [
            11.11712,
            2.12873,
            0.75
          ],
          [
            9.88559,
            4.2864,
            0.75
          ],
          [
            8.57198,
            6.46491,
            0.75
          ],
          [
            7.292,
            8.64347,
            0.75
          ],
          [
            6.25004,
            10.8328,
            0.75
          ],
          [
            1.23728,
            0.70534,
            0.75
          ],
          [
            -0.0533,
            2.84005,
            0.75
          ],
          [
            -1.33239,
            5.00964,
            0.75
          ],
          [
            -2.62982,
            7.16377,
            0.75
          ],
          [
            -3.79148,
            9.30868,
            0.75
          ],
          [
            -4.96126,
            11.4487,
            0.75
          ],
          [
            3.68698,
            0.7608,
            0.75
          ],
          [
            2.38531,
            2.87954,
            0.75
          ],
          [
            2.74659,
            5.41204,
            0.75
          ],
          [
            -0.26875,
            7.20877,
            0.75
          ],
          [
            -1.31153,
            9.32309,
            0.75
          ],
          [
            -2.48931,
            11.48221,
            0.75
          ],
          [
            6.19837,
            0.70232,
            0.75
          ],
          [
            4.92953,
            2.93381,
            0.75
          ],
          [
            4.10008,
            5.46363,
            0.75
          ],
          [
            1.30663,
            9.09787,
            0.75
          ],
          [
            0.05965,
            11.37103,
            0.75
          ],
          [
            8.69966,
            0.65784,
            0.75
          ],
          [
            7.43309,
            2.84009,
            0.75
          ],
          [
            6.27239,
            5.00169,
            0.75
          ],
          [
            4.70066,
            6.7604,
            0.75
          ],
          [
            4.58775,
            9.28808,
            0.75
          ],
          [
            2.59059,
            11.29297,
            0.75
          ],
          [
            11.14239,
            0.69795,
            0.75
          ],
          [
            9.8832,
            2.84623,
            0.75
          ],
          [
            8.66328,
            5.02323,
            0.75
          ],
          [
            7.31067,
            7.20221,
            0.75
          ],
          [
            6.05737,
            9.44232,
            0.75
          ],
          [
            5.02061,
            11.53086,
            0.75
          ],
          [
            13.64416,
            0.71578,
            0.75
          ],
          [
            12.3588,
            2.84363,
            0.75
          ],
          [
            11.10118,
            5.00231,
            0.75
          ],
          [
            9.80796,
            7.16574,
            0.75
          ],
          [
            8.58026,
            9.31737,
            0.75
          ],
          [
            7.47755,
            11.48131,
            0.75
          ],
          [
            2.04557,
            4.22532,
            0.75
          ],
          [
            0.73743,
            6.34667,
            0.75
          ]
        ],
        "Stress": [
          [
            7.17124,
            17.52557,
            0.0
          ],
          [
            17.52557,
            -10.39902,
            0.0
          ],
          [
            0.0,
            0.0,
            -1.29173
          ]
        ],
        "computation_code": "VASP",
        "pseudopotential_information": [
          [
            "PAW_PBE",
            "C",
            "08Apr2002"
          ],
          [
            "PAW_PBE",
            "O",
            "08Apr2002"
          ]
        ]
      }
    ],
    "EnergyStyle": "electronvolt",
    "ForcesStyle": "electronvoltperangstrom",
    "LatticeStyle": "angstrom",
    "PositionsStyle": "angstrom",
    "StressStyle": "kB"
  }
}