{
  "Dataset": {
    "AtomTypeStyle": "chemicalsymbol",
    "Data": [
      {
        "AtomTypes": [
          "C",
          "C",
          "C",
          "C",
          "C",
          "C",
          "C",
          "C",
          "C",
          "C",
          "C",
          "C",
          "C",
          "C",
          "C",
          "C",
          "C",
          "C",
          "C",
          "C",
          "C",
          "C",
          "C",
          "C",
          "C",
          "C",
          "C",
          "C",
          "C",
          "C",
          "C",
          "C",
          "C",
          "C",
          "C",
          "C",
          "C",
          "C",
          "C",
          "C",
          "C",
          "C",
          "C",
          "C",
          "C",
          "C",
          "C",
          "C",
          "C",
          "C",
          "C",
          "C",
          "C",
          "C",
          "C",
          "C",
          "C",
          "C",
          "C",
          "C",
          "C",
          "C",
          "C",
          "C",
          "C",
          "C",
          "C",
          "C",
          "C",
          "C",
          "O"
        ],
        "Energy": -614.53835884,
        "Forces": [
          [
            -0.00422,
            0.034602,
            0.011233
          ],
          [
            -0.034827,
            0.011238,
            -0.032234
          ],
          [
            -0.09134,
            -0.10917,
            0.032249
          ],
          [
            -0.054146,
            -0.045321,
            0.077663
          ],
          [
            -0.046851,
            -0.034264,
            -0.0374
          ],
          [
            -0.033666,
            -0.007782,
            0.005719
          ],
          [
            -0.048323,
            0.030208,
            0.005002
          ],
          [
            0.011094,
            -0.010126,
            -0.028695
          ],
          [
            -0.013791,
            -0.028202,
            0.083097
          ],
          [
            0.075033,
            0.05868,
            -0.043494
          ],
          [
            -0.026245,
            0.089284,
            0.204167
          ],
          [
            -0.020054,
            -0.0105,
            -0.077441
          ],
          [
            -0.012359,
            0.014929,
            -0.046279
          ],
          [
            -0.002452,
            0.04249,
            -0.026928
          ],
          [
            0.018035,
            0.000939,
            0.039798
          ],
          [
            0.053849,
            0.00972,
            -0.033336
          ],
          [
            -0.01628,
            -0.050845,
            -0.150444
          ],
          [
            -0.003775,
            0.008417,
            0.046361
          ],
          [
            0.0194,
            -0.026618,
            -0.030116
          ],
          [
            -0.002398,
            0.016862,
            0.00815
          ],
          [
            0.019144,
            0.007173,
            -0.021443
          ],
          [
            -0.088462,
            -0.005302,
            0.157605
          ],
          [
            0.030641,
            0.028409,
            0.039253
          ],
          [
            0.006647,
            -0.003069,
            -0.022379
          ],
          [
            0.016708,
            0.004279,
            0.012892
          ],
          [
            0.04066,
            -0.002132,
            0.025167
          ],
          [
            0.015594,
            -0.007644,
            -0.031785
          ],
          [
            0.09839,
            -0.008933,
            0.146817
          ],
          [
            0.020769,
            0.016779,
            -0.043984
          ],
          [
            0.019075,
            0.046135,
            0.00585
          ],
          [
            0.021128,
            0.046405,
            -0.036148
          ],
          [
            0.029851,
            -0.019532,
            -0.056392
          ],
          [
            -0.015762,
            -0.025011,
            -0.028025
          ],
          [
            -0.000367,
            -0.00118,
            -0.012217
          ],
          [
            0.002867,
            -0.007223,
            0.003274
          ],
          [
            0.032182,
            -0.032237,
            0.016402
          ],
          [
            0.020863,
            0.016756,
            -0.037837
          ],
          [
            0.018863,
            0.029867,
            0.026235
          ],
          [
            -0.025119,
            -0.079087,
            0.201339
          ],
          [
            -0.042406,
            0.018146,
            0.112562
          ],
          [
            0.026651,
            0.018664,
            -0.065014
          ],
          [
            0.017257,
            -0.044964,
            -0.040686
          ],
          [
            0.015655,
            -0.002247,
            -0.023758
          ],
          [
            0.006515,
            0.0066,
            0.026549
          ],
          [
            -0.042577,
            0.093227,
            -0.156921
          ],
          [
            0.054554,
            -0.047296,
            -0.120626
          ],
          [
            -0.103015,
            0.110828,
            0.06153
          ],
          [
            -0.020962,
            -0.020278,
            -0.039998
          ],
          [
            0.026141,
            -0.06288,
            0.007644
          ],
          [
            0.003215,
            -0.032322,
            -0.045779
          ],
          [
            0.050249,
            0.005944,
            -0.13189
          ],
          [
            0.003241,
            0.022494,
            0.134121
          ],
          [
            0.009846,
            -0.011213,
            -0.037258
          ],
          [
            -0.009316,
            -0.047909,
            0.011873
          ],
          [
            -0.000226,
            0.007548,
            0.003369
          ],
          [
            0.061397,
            -0.016955,
            -0.03178
          ],
          [
            0.057247,
            0.013766,
            -0.030075
          ],
          [
            0.044904,
            0.025197,
            0.066081
          ],
          [
            -0.008272,
            -0.056522,
            -0.030042
          ],
          [
            -0.068151,
            -0.062877,
            0.007399
          ],
          [
            -0.049261,
            0.004466,
            0.007201
          ],
          [
            -0.007758,
            0.005044,
            -0.010932
          ],
          [
            0.024177,
            0.010144,
            -0.029556
          ],
          [
            0.024323,
            -0.006257,
            -0.027186
          ],
          [
            -0.013206,
            -0.052697,
            0.011205
          ],
          [
            -0.016358,
            -0.002159,
            -0.04664
          ],
          [
            -0.005725,
            0.011542,
            -0.082345
          ],
          [
            -0.015869,
            0.021287,
            -0.039757
          ],
          [
            -0.024582,
            0.032275,
            -0.035006
          ],
          [
            0.038705,
            -0.00056,
            0.026606
          ],
          [
            -0.066753,
            0.06097,
            0.197413
          ]
        ],
        "Lattice": [
          [
            14.88,
            0.0,
            0.0
          ],
          [
            -7.44,
            12.886457116,
            0.0
          ],
          [
            0.0,
            0.0,
            15.0
          ]
        ],
        "NumAtoms": 71,
        "Positions": [
          [
            0.04763,
            0.08641,
            0.74987
          ],
          [
            -1.18135,
            2.23934,
            0.74927
          ],
          [
            -2.4708,
            4.33202,
            0.72324
          ],
          [
            11.0925,
            6.46571,
            0.73533
          ],
          [
            9.82146,
            8.61184,
            0.73953
          ],
          [
            -6.21369,
            10.76993,
            0.75146
          ],
          [
            2.50294,
            0.04255,
            0.75088
          ],
          [
            1.31322,
            2.26819,
            0.74972
          ],
          [
            0.08491,
            4.43555,
            0.75462
          ],
          [
            -1.31194,
            6.45643,
            0.86512
          ],
          [
            -2.53712,
            8.61349,
            0.79778
          ],
          [
            -3.73077,
            10.75397,
            0.73968
          ],
          [
            4.98842,
            -0.00313,
            0.7399
          ],
          [
            3.75784,
            2.18408,
            0.75177
          ],
          [
            2.61461,
            4.48995,
            0.73124
          ],
          [
            1.31374,
            6.67608,
            0.84732
          ],
          [
            -0.05848,
            8.62135,
            1.19251
          ],
          [
            -1.22754,
            10.72059,
            0.76512
          ],
          [
            0.06939,
            12.79441,
            0.7485
          ],
          [
            6.25306,
            2.09985,
            0.75044
          ],
          [
            5.01941,
            4.26042,
            0.75076
          ],
          [
            2.21201,
            7.89262,
            0.77241
          ],
          [
            1.35473,
            10.5572,
            0.76315
          ],
          [
            2.56135,
            12.7866,
            0.74343
          ],
          [
            8.72954,
            2.08964,
            0.75024
          ],
          [
            7.46711,
            4.25946,
            0.75009
          ],
          [
            6.00923,
            6.37859,
            0.74948
          ],
          [
            3.75192,
            7.89426,
            0.73455
          ],
          [
            3.90744,
            10.62653,
            0.74405
          ],
          [
            12.45247,
            0.06072,
            0.75033
          ],
          [
            11.1878,
            2.1577,
            0.75154
          ],
          [
            9.91484,
            4.30456,
            0.75189
          ],
          [
            8.56186,
            6.46442,
            0.74972
          ],
          [
            7.24834,
            8.61856,
            0.75069
          ],
          [
            6.23503,
            10.82451,
            0.75128
          ],
          [
            1.28921,
            0.81324,
            0.75013
          ],
          [
            0.06979,
            2.99301,
            0.74917
          ],
          [
            -1.22904,
            5.06257,
            0.75406
          ],
          [
            -2.53753,
            7.17276,
            0.79077
          ],
          [
            -3.78656,
            9.32272,
            0.7347
          ],
          [
            -4.96483,
            11.48417,
            0.75208
          ],
          [
            3.74876,
            0.74302,
            0.75103
          ],
          [
            2.56272,
            3.00004,
            0.74459
          ],
          [
            1.35741,
            5.22581,
            0.75362
          ],
          [
            -0.05769,
            7.15484,
            1.17322
          ],
          [
            -1.31094,
            9.32704,
            0.89131
          ],
          [
            -2.46883,
            11.45354,
            0.72323
          ],
          [
            6.25854,
            0.6625,
            0.7489
          ],
          [
            5.01288,
            2.84177,
            0.75027
          ],
          [
            3.90902,
            5.16186,
            0.74458
          ],
          [
            1.31186,
            9.10737,
            0.87038
          ],
          [
            0.08403,
            11.35024,
            0.75855
          ],
          [
            8.75274,
            0.6338,
            0.74952
          ],
          [
            7.48797,
            2.81645,
            0.74991
          ],
          [
            6.23591,
            4.96449,
            0.75123
          ],
          [
            4.49003,
            6.59587,
            0.74257
          ],
          [
            4.48956,
            9.19269,
            0.74287
          ],
          [
            2.61179,
            11.29507,
            0.73078
          ],
          [
            11.19666,
            0.71682,
            0.75146
          ],
          [
            9.94318,
            2.86015,
            0.75084
          ],
          [
            8.66664,
            5.01914,
            0.75139
          ],
          [
            7.24845,
            7.17034,
            0.75063
          ],
          [
            6.00861,
            9.41017,
            0.74968
          ],
          [
            5.01823,
            11.5284,
            0.75064
          ],
          [
            13.69295,
            0.80303,
            0.75047
          ],
          [
            12.42744,
            2.90289,
            0.74138
          ],
          [
            11.14828,
            5.03413,
            0.73995
          ],
          [
            9.82057,
            7.17743,
            0.74075
          ],
          [
            8.56217,
            9.3245,
            0.74938
          ],
          [
            7.4666,
            11.52972,
            0.75012
          ],
          [
            -0.08277,
            7.86829,
            2.46896
          ]
        ],
        "Stress": [
          [
            -24.64441,
            0.02404,
            -0.06286
          ],
          [
            0.02404,
            -28.32934,
            0.0681
          ],
          [
            -0.06286,
            0.0681,
            -1.06081
          ]
        ],
        "computation_code": "VASP",
        "pseudopotential_information": [
          [
            "PAW_PBE",
            "C",
            "08Apr2002"
          ],
          [
            "PAW_PBE",
            "O",
            "08Apr2002"
          ]
        ]
      }
    ],
    "EnergyStyle": "electronvolt",
    "ForcesStyle": "electronvoltperangstrom",
    "LatticeStyle": "angstrom",
    "PositionsStyle": "angstrom",
    "StressStyle": "kB"
  }
}