{
  "Dataset": {
    "AtomTypeStyle": "chemicalsymbol",
    "Data": [
      {
        "AtomTypes": [
          "C",
          "C",
          "C",
          "C",
          "C",
          "C",
          "C",
          "C",
          "C",
          "C",
          "C",
          "C",
          "C",
          "C",
          "C",
          "C",
          "C",
          "C",
          "C",
          "C",
          "C",
          "C",
          "C",
          "C",
          "C",
          "C",
          "C",
          "C",
          "C",
          "C",
          "C",
          "C",
          "C",
          "C",
          "C",
          "C",
          "C",
          "C",
          "C",
          "C",
          "C",
          "C",
          "C",
          "C",
          "C",
          "C",
          "C",
          "C",
          "C",
          "C",
          "C",
          "C",
          "C",
          "C",
          "C",
          "C",
          "C",
          "C",
          "C",
          "C",
          "C",
          "C",
          "C",
          "C",
          "C",
          "C",
          "C",
          "C",
          "C",
          "C",
          "O"
        ],
        "Energy": -613.77153732,
        "Forces": [
          [
            0.001258,
            0.005985,
            -0.010354
          ],
          [
            0.001574,
            -0.001005,
            -0.006348
          ],
          [
            -0.0055,
            -0.001465,
            -0.000155
          ],
          [
            0.001075,
            -0.003068,
            0.003445
          ],
          [
            -0.00629,
            -0.006978,
            -0.001844
          ],
          [
            0.003807,
            -0.002608,
            -0.011978
          ],
          [
            0.003124,
            0.005537,
            -0.007041
          ],
          [
            0.001896,
            -0.006386,
            -0.006874
          ],
          [
            -0.002184,
            0.005686,
            0.001912
          ],
          [
            -0.002346,
            0.000805,
            -0.000785
          ],
          [
            -0.005435,
            0.004611,
            0.009071
          ],
          [
            -0.005332,
            0.005815,
            0.00367
          ],
          [
            -0.009242,
            0.007813,
            -0.009375
          ],
          [
            0.002728,
            0.000958,
            0.011661
          ],
          [
            -0.000364,
            0.002532,
            0.014349
          ],
          [
            0.008749,
            0.000958,
            0.001897
          ],
          [
            0.001871,
            0.011614,
            0.011765
          ],
          [
            -0.000402,
            -0.009972,
            -0.000708
          ],
          [
            -2.9e-05,
            -0.003083,
            -0.002086
          ],
          [
            0.006484,
            -0.001083,
            0.00748
          ],
          [
            0.00024,
            0.002088,
            -0.003756
          ],
          [
            -0.00196,
            -0.001655,
            0.004428
          ],
          [
            0.001218,
            -0.00059,
            0.009769
          ],
          [
            -0.003169,
            -0.009047,
            0.00072
          ],
          [
            -0.000183,
            -0.005374,
            -0.004884
          ],
          [
            0.007761,
            0.011301,
            -2e-06
          ],
          [
            -0.010969,
            0.011369,
            -0.006084
          ],
          [
            0.0025,
            -0.011805,
            0.000213
          ],
          [
            -0.003126,
            0.004468,
            0.000788
          ],
          [
            -0.009408,
            -0.01434,
            0.006251
          ],
          [
            0.001935,
            -0.004929,
            0.003779
          ],
          [
            0.002563,
            0.003955,
            -0.000416
          ],
          [
            0.007745,
            -0.004561,
            0.000224
          ],
          [
            0.000385,
            -0.008991,
            -0.003496
          ],
          [
            -0.002487,
            -0.003597,
            -0.00734
          ],
          [
            -0.003286,
            0.007328,
            -0.008227
          ],
          [
            -0.000668,
            0.002355,
            -0.021832
          ],
          [
            0.001212,
            0.002311,
            0.00986
          ],
          [
            0.003388,
            -0.000671,
            0.0034
          ],
          [
            -0.000859,
            0.000538,
            -0.001987
          ],
          [
            -0.000472,
            0.001376,
            -0.009542
          ],
          [
            0.001089,
            0.00252,
            0.005305
          ],
          [
            0.005154,
            -0.000696,
            -0.000389
          ],
          [
            -0.002103,
            -0.005162,
            0.008364
          ],
          [
            -0.005599,
            0.003656,
            0.010511
          ],
          [
            -0.011056,
            -0.000498,
            0.014188
          ],
          [
            -0.001257,
            0.00099,
            -0.001497
          ],
          [
            0.001463,
            -0.001141,
            0.000265
          ],
          [
            -0.004274,
            -0.000456,
            -0.000322
          ],
          [
            0.008675,
            0.001575,
            -0.000912
          ],
          [
            -0.001538,
            -0.002842,
            0.012665
          ],
          [
            0.002709,
            -0.000223,
            0.001107
          ],
          [
            -0.000414,
            -0.004736,
            0.003422
          ],
          [
            0.001057,
            -0.007747,
            -0.004315
          ],
          [
            -0.007645,
            0.000576,
            0.00113
          ],
          [
            0.011914,
            -0.005535,
            -0.012881
          ],
          [
            -0.007526,
            -0.004514,
            0.004972
          ],
          [
            -0.007871,
            -0.00053,
            -0.00042
          ],
          [
            0.004456,
            0.006846,
            0.0132
          ],
          [
            0.000751,
            -0.005829,
            -0.007047
          ],
          [
            0.00476,
            0.003241,
            -0.001394
          ],
          [
            0.003555,
            -0.003788,
            0.005501
          ],
          [
            0.000724,
            0.011947,
            -0.010947
          ],
          [
            0.003429,
            -0.002792,
            -0.005427
          ],
          [
            0.000149,
            0.004701,
            -0.006376
          ],
          [
            0.000366,
            0.004198,
            -0.000525
          ],
          [
            0.004547,
            0.003903,
            -0.000685
          ],
          [
            0.002376,
            0.00177,
            0.002395
          ],
          [
            -0.001377,
            0.001383,
            -0.002123
          ],
          [
            0.001925,
            0.007285,
            -0.007296
          ],
          [
            0.003759,
            -0.006295,
            -3.5e-05
          ]
        ],
        "Lattice": [
          [
            14.88,
            0.0,
            0.0
          ],
          [
            -7.44,
            12.886457116,
            0.0
          ],
          [
            0.0,
            0.0,
            15.0
          ]
        ],
        "NumAtoms": 71,
        "Positions": [
          [
            7.43912,
            12.87338,
            0.6827
          ],
          [
            13.61271,
            2.11608,
            0.72406
          ],
          [
            -2.44888,
            4.25799,
            0.86244
          ],
          [
            -3.70684,
            6.44228,
            0.86114
          ],
          [
            9.87245,
            8.57842,
            0.77561
          ],
          [
            8.68243,
            10.72203,
            0.72224
          ],
          [
            -4.95513,
            12.86159,
            0.71611
          ],
          [
            1.19925,
            2.04957,
            0.71755
          ],
          [
            0.19994,
            4.13686,
            0.84741
          ],
          [
            -1.10691,
            6.43148,
            1.08079
          ],
          [
            -2.47415,
            8.56234,
            0.77927
          ],
          [
            -3.70811,
            10.71585,
            0.73482
          ],
          [
            4.93864,
            0.01479,
            0.74061
          ],
          [
            3.60262,
            2.23841,
            0.76667
          ],
          [
            1.66375,
            4.30499,
            0.84485
          ],
          [
            1.61738,
            6.82478,
            0.82308
          ],
          [
            0.03711,
            8.56379,
            0.74368
          ],
          [
            -1.21061,
            10.71392,
            0.73057
          ],
          [
            0.0066,
            12.85175,
            0.7336
          ],
          [
            6.13672,
            2.17738,
            0.76948
          ],
          [
            4.87131,
            4.39361,
            0.80089
          ],
          [
            2.3507,
            8.07703,
            0.76228
          ],
          [
            1.33564,
            10.63132,
            0.71507
          ],
          [
            2.51414,
            12.81495,
            0.71468
          ],
          [
            8.6562,
            2.12015,
            0.7583
          ],
          [
            7.40704,
            4.29605,
            0.79294
          ],
          [
            6.04983,
            6.44354,
            0.79114
          ],
          [
            3.81954,
            8.05035,
            0.76169
          ],
          [
            3.90105,
            10.65938,
            0.71346
          ],
          [
            12.3987,
            0.03049,
            0.68532
          ],
          [
            11.12678,
            2.14663,
            0.73083
          ],
          [
            9.91318,
            4.30176,
            0.80953
          ],
          [
            8.60046,
            6.45985,
            0.80549
          ],
          [
            7.28089,
            8.62211,
            0.76113
          ],
          [
            6.2347,
            10.81184,
            0.70606
          ],
          [
            1.2383,
            0.65964,
            0.69494
          ],
          [
            -0.0277,
            2.76433,
            0.74279
          ],
          [
            -1.08538,
            4.92708,
            1.0873
          ],
          [
            -2.45523,
            7.14658,
            0.86659
          ],
          [
            -3.7381,
            9.27991,
            0.75632
          ],
          [
            -4.94617,
            11.42673,
            0.72266
          ],
          [
            3.67958,
            0.75856,
            0.7392
          ],
          [
            2.30363,
            2.91075,
            0.77672
          ],
          [
            2.37243,
            5.54144,
            0.83696
          ],
          [
            0.17256,
            7.15986,
            0.82751
          ],
          [
            -1.21777,
            9.286,
            0.74903
          ],
          [
            -2.47034,
            11.45377,
            0.73357
          ],
          [
            6.18501,
            0.72289,
            0.74857
          ],
          [
            4.86036,
            2.9524,
            0.7846
          ],
          [
            3.84844,
            5.52336,
            0.80783
          ],
          [
            1.33371,
            9.1913,
            0.72101
          ],
          [
            0.05785,
            11.3996,
            0.72164
          ],
          [
            8.69291,
            0.67332,
            0.73362
          ],
          [
            7.40099,
            2.85743,
            0.77637
          ],
          [
            6.162,
            5.01602,
            0.79725
          ],
          [
            4.57437,
            6.76763,
            0.7892
          ],
          [
            4.53531,
            9.27401,
            0.73801
          ],
          [
            2.59449,
            11.33832,
            0.71449
          ],
          [
            11.14684,
            0.71191,
            0.70296
          ],
          [
            9.89252,
            2.86383,
            0.76799
          ],
          [
            8.64723,
            5.0247,
            0.80565
          ],
          [
            7.29464,
            7.1828,
            0.78664
          ],
          [
            6.03363,
            9.42084,
            0.73803
          ],
          [
            5.00706,
            11.526,
            0.69368
          ],
          [
            13.63892,
            0.71233,
            0.68587
          ],
          [
            12.37739,
            2.85341,
            0.75632
          ],
          [
            11.18758,
            4.99233,
            0.86008
          ],
          [
            9.88395,
            7.15052,
            0.8128
          ],
          [
            8.59568,
            9.29631,
            0.75241
          ],
          [
            7.46446,
            11.46448,
            0.69819
          ],
          [
            -1.08734,
            5.67577,
            2.35772
          ]
        ],
        "Stress": [
          [
            -35.31607,
            22.45842,
            0.00346
          ],
          [
            22.45842,
            -10.36155,
            -0.00243
          ],
          [
            0.00346,
            -0.00243,
            -1.15675
          ]
        ],
        "computation_code": "VASP",
        "pseudopotential_information": [
          [
            "PAW_PBE",
            "C",
            "08Apr2002"
          ],
          [
            "PAW_PBE",
            "O",
            "08Apr2002"
          ]
        ]
      }
    ],
    "EnergyStyle": "electronvolt",
    "ForcesStyle": "electronvoltperangstrom",
    "LatticeStyle": "angstrom",
    "PositionsStyle": "angstrom",
    "StressStyle": "kB"
  }
}