{
  "Dataset": {
    "AtomTypeStyle": "chemicalsymbol",
    "Data": [
      {
        "AtomTypes": [
          "C",
          "C",
          "C",
          "C",
          "C",
          "C",
          "C",
          "C",
          "C",
          "C",
          "C",
          "C",
          "C",
          "C",
          "C",
          "C",
          "C",
          "C",
          "C",
          "C",
          "C",
          "C",
          "C",
          "C",
          "C",
          "C",
          "C",
          "C",
          "C",
          "C",
          "C",
          "C",
          "C",
          "C",
          "C",
          "C",
          "C",
          "C",
          "C",
          "C",
          "C",
          "C",
          "C",
          "C",
          "C",
          "C",
          "C",
          "C",
          "C",
          "C",
          "C",
          "C",
          "C",
          "C",
          "C",
          "C",
          "C",
          "C",
          "C",
          "C",
          "C",
          "C",
          "C",
          "C",
          "C",
          "C",
          "C",
          "C",
          "C",
          "C",
          "O"
        ],
        "Energy": -613.95365664,
        "Forces": [
          [
            0.003536,
            0.000541,
            -0.008586
          ],
          [
            0.011066,
            0.005595,
            -0.020928
          ],
          [
            -0.003045,
            0.002567,
            0.002958
          ],
          [
            -0.000873,
            0.011833,
            -0.002858
          ],
          [
            0.00422,
            -0.010413,
            0.004611
          ],
          [
            0.002517,
            -0.005329,
            0.01125
          ],
          [
            0.005347,
            0.001711,
            0.000722
          ],
          [
            -0.005873,
            -0.014646,
            -0.011446
          ],
          [
            0.004242,
            -0.000221,
            -0.011617
          ],
          [
            0.00933,
            -0.00689,
            0.010733
          ],
          [
            0.006211,
            -0.002609,
            0.001842
          ],
          [
            0.005293,
            0.007013,
            -0.004975
          ],
          [
            -0.008196,
            0.000917,
            -0.00849
          ],
          [
            0.004273,
            -0.005869,
            0.002707
          ],
          [
            -0.007069,
            -0.004744,
            -0.011226
          ],
          [
            0.008164,
            -0.005227,
            0.008041
          ],
          [
            0.004557,
            0.000948,
            0.002073
          ],
          [
            -0.002829,
            0.000243,
            -0.000995
          ],
          [
            0.014866,
            0.004612,
            0.005313
          ],
          [
            0.005561,
            -0.007076,
            -0.008898
          ],
          [
            -0.003274,
            0.001618,
            0.01179
          ],
          [
            -0.01148,
            0.003283,
            0.006497
          ],
          [
            -0.005994,
            0.008256,
            -0.005956
          ],
          [
            -0.001315,
            -0.00413,
            0.010209
          ],
          [
            -0.017186,
            -0.005694,
            0.008769
          ],
          [
            0.011648,
            -0.009273,
            0.005019
          ],
          [
            0.005253,
            0.006187,
            -0.004798
          ],
          [
            0.006682,
            -0.004108,
            -0.009509
          ],
          [
            -0.00078,
            0.008392,
            0.002114
          ],
          [
            -0.005566,
            0.007968,
            -0.021141
          ],
          [
            0.006973,
            -0.014149,
            0.013329
          ],
          [
            0.016863,
            -0.011102,
            -0.005109
          ],
          [
            -0.010899,
            0.005594,
            0.006698
          ],
          [
            0.000847,
            -0.000539,
            0.0021
          ],
          [
            -0.013907,
            -0.007953,
            -0.007413
          ],
          [
            -0.000467,
            0.010486,
            0.003697
          ],
          [
            -0.013308,
            -0.005026,
            -0.023806
          ],
          [
            -0.000141,
            -0.009776,
            0.000324
          ],
          [
            0.001285,
            0.001535,
            0.008484
          ],
          [
            -0.013652,
            0.00229,
            0.008471
          ],
          [
            -0.001686,
            0.003121,
            0.002665
          ],
          [
            0.002007,
            0.000699,
            -0.01035
          ],
          [
            0.003445,
            -0.009752,
            -0.004
          ],
          [
            -0.010772,
            -0.000583,
            0.009077
          ],
          [
            -0.006326,
            0.006598,
            0.014823
          ],
          [
            -0.002186,
            -0.003265,
            -0.00491
          ],
          [
            0.002068,
            0.007829,
            -0.010106
          ],
          [
            -0.002102,
            -0.004043,
            -0.0014
          ],
          [
            0.002235,
            0.002064,
            0.005935
          ],
          [
            0.009882,
            -0.000658,
            -0.003006
          ],
          [
            -6.8e-05,
            -0.001375,
            0.010061
          ],
          [
            -0.002085,
            0.008352,
            -0.007536
          ],
          [
            0.005768,
            0.00721,
            0.01147
          ],
          [
            -0.003546,
            0.009095,
            0.004771
          ],
          [
            -0.002417,
            0.00611,
            0.008066
          ],
          [
            -0.003253,
            -0.006796,
            0.010964
          ],
          [
            8.5e-05,
            -0.001962,
            0.000104
          ],
          [
            -0.001777,
            -0.000782,
            0.002599
          ],
          [
            0.001348,
            -0.00095,
            -0.00108
          ],
          [
            -0.001292,
            -0.003445,
            0.002041
          ],
          [
            -0.005908,
            0.003294,
            0.000185
          ],
          [
            -0.004249,
            0.016136,
            -0.008522
          ],
          [
            0.003869,
            -0.00681,
            0.019565
          ],
          [
            -0.000387,
            0.001794,
            -0.012472
          ],
          [
            -0.001611,
            0.004831,
            -0.021641
          ],
          [
            -0.001358,
            0.005988,
            0.007228
          ],
          [
            0.002964,
            0.01032,
            0.000964
          ],
          [
            0.001969,
            0.001434,
            -0.002955
          ],
          [
            0.004586,
            -0.007585,
            0.001659
          ],
          [
            0.0007,
            -0.012863,
            -0.009206
          ],
          [
            -0.002787,
            0.00918,
            0.015005
          ]
        ],
        "Lattice": [
          [
            14.88,
            0.0,
            0.0
          ],
          [
            -7.44,
            12.886457116,
            0.0
          ],
          [
            0.0,
            0.0,
            15.0
          ]
        ],
        "NumAtoms": 71,
        "Positions": [
          [
            7.43127,
            12.87043,
            0.70703
          ],
          [
            13.60505,
            2.11139,
            0.71822
          ],
          [
            -2.40185,
            4.2819,
            0.76941
          ],
          [
            -3.70447,
            6.43266,
            0.78236
          ],
          [
            9.87764,
            8.5801,
            0.76066
          ],
          [
            8.68409,
            10.7247,
            0.72956
          ],
          [
            -4.95651,
            12.86807,
            0.72533
          ],
          [
            1.17489,
            2.04909,
            0.70608
          ],
          [
            0.16506,
            4.15423,
            0.76971
          ],
          [
            -1.124,
            6.40282,
            0.83409
          ],
          [
            -2.46662,
            8.55768,
            0.78096
          ],
          [
            -3.70538,
            10.717,
            0.75045
          ],
          [
            4.93812,
            0.0267,
            0.75606
          ],
          [
            3.60536,
            2.24789,
            0.76421
          ],
          [
            1.66311,
            4.26461,
            0.78971
          ],
          [
            1.58928,
            6.82922,
            1.06381
          ],
          [
            0.01007,
            8.56603,
            0.80817
          ],
          [
            -1.21589,
            10.72798,
            0.75528
          ],
          [
            0.00885,
            12.85669,
            0.74931
          ],
          [
            6.14067,
            2.1823,
            0.77038
          ],
          [
            4.88964,
            4.39978,
            0.80867
          ],
          [
            2.34404,
            8.12221,
            0.85708
          ],
          [
            1.33431,
            10.6391,
            0.75179
          ],
          [
            2.51587,
            12.81702,
            0.73715
          ],
          [
            8.6648,
            2.12403,
            0.7502
          ],
          [
            7.42254,
            4.29908,
            0.76644
          ],
          [
            6.07107,
            6.4443,
            0.78238
          ],
          [
            3.81668,
            8.05212,
            0.81563
          ],
          [
            3.90235,
            10.6521,
            0.74716
          ],
          [
            12.39814,
            0.02277,
            0.7241
          ],
          [
            11.13844,
            2.15017,
            0.73709
          ],
          [
            9.92729,
            4.3044,
            0.76322
          ],
          [
            8.61387,
            6.45939,
            0.76739
          ],
          [
            7.28602,
            8.6224,
            0.75356
          ],
          [
            6.23523,
            10.80699,
            0.7282
          ],
          [
            1.23059,
            0.6651,
            0.70382
          ],
          [
            -0.04712,
            2.75644,
            0.71867
          ],
          [
            -1.08275,
            4.95213,
            0.79715
          ],
          [
            -2.4265,
            7.12274,
            0.79909
          ],
          [
            -3.73339,
            9.27862,
            0.76226
          ],
          [
            -4.94402,
            11.43344,
            0.73297
          ],
          [
            3.6781,
            0.77149,
            0.74823
          ],
          [
            2.28523,
            2.93217,
            0.74763
          ],
          [
            2.39237,
            5.50665,
            1.04463
          ],
          [
            0.08422,
            7.1609,
            0.86948
          ],
          [
            -1.23026,
            9.28962,
            0.77246
          ],
          [
            -2.46961,
            11.46038,
            0.75422
          ],
          [
            6.18461,
            0.72755,
            0.75932
          ],
          [
            4.86029,
            2.95199,
            0.78711
          ],
          [
            3.8978,
            5.51049,
            0.85026
          ],
          [
            1.33352,
            9.18432,
            0.79368
          ],
          [
            0.05547,
            11.40284,
            0.74924
          ],
          [
            8.69554,
            0.67161,
            0.74376
          ],
          [
            7.40879,
            2.85851,
            0.76311
          ],
          [
            6.18372,
            5.0188,
            0.78145
          ],
          [
            4.5787,
            6.76154,
            0.81652
          ],
          [
            4.5368,
            9.26922,
            0.76159
          ],
          [
            2.59083,
            11.33387,
            0.74458
          ],
          [
            11.1502,
            0.71092,
            0.73097
          ],
          [
            9.89983,
            2.86327,
            0.74979
          ],
          [
            8.66363,
            5.02482,
            0.76547
          ],
          [
            7.30632,
            7.17842,
            0.76748
          ],
          [
            6.03887,
            9.41382,
            0.74375
          ],
          [
            5.00693,
            11.51664,
            0.73064
          ],
          [
            13.63408,
            0.69831,
            0.71223
          ],
          [
            12.38877,
            2.85342,
            0.73948
          ],
          [
            11.19933,
            5.00039,
            0.77482
          ],
          [
            9.8923,
            7.14812,
            0.77038
          ],
          [
            8.60124,
            9.2976,
            0.74711
          ],
          [
            7.46413,
            11.46129,
            0.71932
          ],
          [
            1.9493,
            6.1635,
            2.31651
          ]
        ],
        "Stress": [
          [
            -36.03062,
            22.59365,
            3e-05
          ],
          [
            22.59365,
            -9.35938,
            0.00427
          ],
          [
            3e-05,
            0.00427,
            -1.14392
          ]
        ],
        "computation_code": "VASP",
        "pseudopotential_information": [
          [
            "PAW_PBE",
            "C",
            "08Apr2002"
          ],
          [
            "PAW_PBE",
            "O",
            "08Apr2002"
          ]
        ]
      }
    ],
    "EnergyStyle": "electronvolt",
    "ForcesStyle": "electronvoltperangstrom",
    "LatticeStyle": "angstrom",
    "PositionsStyle": "angstrom",
    "StressStyle": "kB"
  }
}