{
  "Dataset": {
    "AtomTypeStyle": "chemicalsymbol",
    "Data": [
      {
        "AtomTypes": [
          "C",
          "C",
          "C",
          "C",
          "C",
          "C",
          "C",
          "C",
          "C",
          "C",
          "C",
          "C",
          "C",
          "C",
          "C",
          "C",
          "C",
          "C",
          "C",
          "C",
          "C",
          "C",
          "C",
          "C",
          "C",
          "C",
          "C",
          "C",
          "C",
          "C",
          "C",
          "C",
          "C",
          "C",
          "C",
          "C",
          "C",
          "C",
          "C",
          "C",
          "C",
          "C",
          "C",
          "C",
          "C",
          "C",
          "C",
          "C",
          "C",
          "C",
          "C",
          "C",
          "C",
          "C",
          "C",
          "C",
          "C",
          "C",
          "C",
          "C",
          "C",
          "C",
          "C",
          "C",
          "C",
          "C",
          "C",
          "C",
          "O"
        ],
        "Energy": -534.34649172,
        "Forces": [
          [
            -0.011899,
            0.018724,
            0.0
          ],
          [
            -0.01602,
            -0.006705,
            0.0
          ],
          [
            -0.001736,
            -0.00809,
            0.0
          ],
          [
            0.002933,
            -0.012453,
            0.0
          ],
          [
            -0.00953,
            0.008362,
            0.0
          ],
          [
            0.005507,
            0.000776,
            0.0
          ],
          [
            -0.013708,
            0.035904,
            0.0
          ],
          [
            -0.00266,
            0.020926,
            0.0
          ],
          [
            -0.021965,
            -0.01943,
            0.0
          ],
          [
            -0.004609,
            -0.013673,
            0.0
          ],
          [
            -0.014126,
            0.012204,
            0.0
          ],
          [
            0.006919,
            0.014874,
            0.0
          ],
          [
            -0.00845,
            0.008973,
            0.0
          ],
          [
            0.030193,
            -0.017376,
            0.0
          ],
          [
            -0.002852,
            -0.007882,
            0.0
          ],
          [
            -0.001977,
            0.025638,
            0.0
          ],
          [
            0.000345,
            0.004638,
            0.0
          ],
          [
            0.014489,
            0.014073,
            0.0
          ],
          [
            0.036258,
            -0.013919,
            0.0
          ],
          [
            -0.002879,
            -0.021109,
            0.0
          ],
          [
            0.02711,
            -0.017892,
            0.0
          ],
          [
            0.018846,
            -0.000539,
            0.0
          ],
          [
            0.018118,
            0.012885,
            0.0
          ],
          [
            0.025456,
            -0.016434,
            0.0
          ],
          [
            -0.013986,
            -0.005796,
            0.0
          ],
          [
            -0.010493,
            -0.027712,
            0.0
          ],
          [
            0.011723,
            -0.006716,
            0.0
          ],
          [
            0.016423,
            0.021831,
            0.0
          ],
          [
            -0.02103,
            -0.020402,
            0.0
          ],
          [
            0.002854,
            -0.005575,
            0.0
          ],
          [
            -0.015124,
            0.000278,
            0.0
          ],
          [
            -0.015764,
            0.001441,
            0.0
          ],
          [
            0.036287,
            0.018318,
            0.0
          ],
          [
            -0.004005,
            0.030728,
            0.0
          ],
          [
            -0.020799,
            -0.009676,
            0.0
          ],
          [
            -0.012155,
            -0.002072,
            0.0
          ],
          [
            0.018214,
            0.000725,
            0.0
          ],
          [
            0.007357,
            -0.011396,
            0.0
          ],
          [
            -0.011819,
            0.032288,
            0.0
          ],
          [
            0.008789,
            0.009597,
            0.0
          ],
          [
            -0.014376,
            0.009648,
            0.0
          ],
          [
            0.005159,
            -0.048776,
            0.0
          ],
          [
            -0.027138,
            -0.00962,
            0.0
          ],
          [
            -0.031157,
            0.012618,
            0.0
          ],
          [
            -0.004424,
            0.018374,
            0.0
          ],
          [
            -0.000561,
            0.021916,
            0.0
          ],
          [
            0.01471,
            -0.038208,
            0.0
          ],
          [
            0.051679,
            -0.018923,
            0.0
          ],
          [
            -0.01809,
            -0.008692,
            0.0
          ],
          [
            0.009669,
            -0.014883,
            0.0
          ],
          [
            0.021127,
            0.019937,
            0.0
          ],
          [
            0.032173,
            0.002115,
            0.0
          ],
          [
            0.021293,
            -0.006978,
            0.0
          ],
          [
            0.02715,
            -0.000895,
            0.0
          ],
          [
            -0.017225,
            -0.013839,
            0.0
          ],
          [
            0.017473,
            0.010124,
            0.0
          ],
          [
            -0.014514,
            -0.015742,
            0.0
          ],
          [
            -0.028279,
            -0.006177,
            0.0
          ],
          [
            -0.013316,
            0.006035,
            0.0
          ],
          [
            -0.011441,
            -0.004174,
            0.0
          ],
          [
            -0.007468,
            0.009512,
            0.0
          ],
          [
            -0.015892,
            0.012408,
            0.0
          ],
          [
            0.020248,
            0.00127,
            0.0
          ],
          [
            -0.002021,
            -0.007778,
            0.0
          ],
          [
            -0.002189,
            0.020451,
            0.0
          ],
          [
            -0.000724,
            -0.001698,
            0.0
          ],
          [
            -0.023015,
            -0.009264,
            0.0
          ],
          [
            0.021461,
            0.035191,
            0.0
          ],
          [
            -0.060549,
            -0.022293,
            0.0
          ]
        ],
        "Lattice": [
          [
            14.79,
            0.0,
            0.0
          ],
          [
            -7.395,
            12.808514835,
            0.0
          ],
          [
            0.0,
            0.0,
            14.909274194
          ]
        ],
        "NumAtoms": 69,
        "Positions": [
          [
            0.03019,
            0.09425,
            0.74546
          ],
          [
            13.52608,
            2.17356,
            0.74546
          ],
          [
            12.26615,
            4.25976,
            0.74546
          ],
          [
            11.0623,
            6.40791,
            0.74546
          ],
          [
            9.8048,
            8.55831,
            0.74546
          ],
          [
            -6.15108,
            10.71876,
            0.74546
          ],
          [
            2.46639,
            0.07658,
            0.74546
          ],
          [
            1.21976,
            2.30631,
            0.74546
          ],
          [
            -1.17479,
            6.33161,
            0.74546
          ],
          [
            -2.46366,
            8.50341,
            0.74546
          ],
          [
            -3.68485,
            10.68254,
            0.74546
          ],
          [
            4.92623,
            0.0214,
            0.74546
          ],
          [
            3.62703,
            2.2878,
            0.74546
          ],
          [
            1.59981,
            6.53358,
            0.74546
          ],
          [
            0.04152,
            8.40612,
            0.74546
          ],
          [
            -1.18774,
            10.61175,
            0.74546
          ],
          [
            0.0303,
            12.73185,
            0.74546
          ],
          [
            6.13765,
            2.14398,
            0.74546
          ],
          [
            4.91935,
            4.3413,
            0.74546
          ],
          [
            2.33805,
            7.85537,
            0.74546
          ],
          [
            1.34745,
            10.4801,
            0.74546
          ],
          [
            2.50515,
            12.70092,
            0.74546
          ],
          [
            8.61456,
            2.08671,
            0.74546
          ],
          [
            7.37952,
            4.26331,
            0.74546
          ],
          [
            6.02377,
            6.40774,
            0.74546
          ],
          [
            3.80698,
            7.93175,
            0.74546
          ],
          [
            3.89706,
            10.57578,
            0.74546
          ],
          [
            12.34219,
            0.04906,
            0.74546
          ],
          [
            11.05226,
            2.12463,
            0.74546
          ],
          [
            9.81238,
            4.27544,
            0.74546
          ],
          [
            8.53917,
            6.43941,
            0.74546
          ],
          [
            7.24864,
            8.59701,
            0.74546
          ],
          [
            6.21763,
            10.78444,
            0.74546
          ],
          [
            1.24503,
            0.83158,
            0.74546
          ],
          [
            -0.07235,
            2.90301,
            0.74546
          ],
          [
            -1.29891,
            4.93785,
            0.74546
          ],
          [
            -2.45078,
            7.07811,
            0.74546
          ],
          [
            -3.71474,
            9.24463,
            0.74546
          ],
          [
            -4.91665,
            11.42594,
            0.74546
          ],
          [
            3.67769,
            0.80025,
            0.74546
          ],
          [
            2.41218,
            3.08301,
            0.74546
          ],
          [
            2.47953,
            5.21749,
            0.74546
          ],
          [
            0.13136,
            6.96306,
            0.74546
          ],
          [
            -1.19648,
            9.17172,
            0.74546
          ],
          [
            -2.43919,
            11.37717,
            0.74546
          ],
          [
            6.17313,
            0.69272,
            0.74546
          ],
          [
            4.89889,
            2.9289,
            0.74546
          ],
          [
            3.87294,
            5.38775,
            0.74546
          ],
          [
            1.33465,
            9.00244,
            0.74546
          ],
          [
            0.08019,
            11.26933,
            0.74546
          ],
          [
            8.64982,
            0.63283,
            0.74546
          ],
          [
            7.37849,
            2.82672,
            0.74546
          ],
          [
            6.1646,
            4.98294,
            0.74546
          ],
          [
            4.56622,
            6.69278,
            0.74546
          ],
          [
            4.51487,
            9.19959,
            0.74546
          ],
          [
            2.58139,
            11.21786,
            0.74546
          ],
          [
            11.08074,
            0.69298,
            0.74546
          ],
          [
            9.81728,
            2.83717,
            0.74546
          ],
          [
            8.58437,
            5.00223,
            0.74546
          ],
          [
            7.2549,
            7.16128,
            0.74546
          ],
          [
            6.00985,
            9.3843,
            0.74546
          ],
          [
            4.98923,
            11.46625,
            0.74546
          ],
          [
            13.56769,
            0.76377,
            0.74546
          ],
          [
            12.26537,
            2.84393,
            0.74546
          ],
          [
            11.03988,
            4.98769,
            0.74546
          ],
          [
            9.80143,
            7.13318,
            0.74546
          ],
          [
            8.54881,
            9.2828,
            0.74546
          ],
          [
            7.43627,
            11.4706,
            0.74546
          ],
          [
            -0.11314,
            4.25506,
            0.74546
          ]
        ],
        "Stress": [
          [
            -29.03209,
            19.36855,
            0.0
          ],
          [
            19.36855,
            -36.5598,
            0.0
          ],
          [
            0.0,
            0.0,
            -1.1387
          ]
        ],
        "computation_code": "VASP",
        "pseudopotential_information": [
          [
            "PAW_PBE",
            "C",
            "08Apr2002"
          ],
          [
            "PAW_PBE",
            "O",
            "08Apr2002"
          ]
        ]
      }
    ],
    "EnergyStyle": "electronvolt",
    "ForcesStyle": "electronvoltperangstrom",
    "LatticeStyle": "angstrom",
    "PositionsStyle": "angstrom",
    "StressStyle": "kB"
  }
}