{
  "Dataset": {
    "AtomTypeStyle": "chemicalsymbol",
    "Data": [
      {
        "AtomTypes": [
          "C",
          "C",
          "C",
          "C",
          "C",
          "C",
          "C",
          "C",
          "C",
          "C",
          "C",
          "C",
          "C",
          "C",
          "C",
          "C",
          "C",
          "C",
          "C",
          "C",
          "C",
          "C",
          "C",
          "C",
          "C",
          "C",
          "C",
          "C",
          "C",
          "C",
          "C",
          "C",
          "C",
          "C",
          "C",
          "C",
          "C",
          "C",
          "C",
          "C",
          "C",
          "C",
          "C",
          "C",
          "C",
          "C",
          "C",
          "C",
          "C",
          "C",
          "C",
          "C",
          "C",
          "C",
          "C",
          "C",
          "C",
          "C",
          "C",
          "C",
          "C",
          "C",
          "C",
          "C",
          "C",
          "C",
          "C",
          "C",
          "C",
          "C"
        ],
        "Energy": -601.50830522,
        "Forces": [
          [
            -0.001841,
            0.03322,
            0.0
          ],
          [
            -0.086617,
            -0.019799,
            0.0
          ],
          [
            -0.149717,
            -0.096414,
            0.0
          ],
          [
            -0.03036,
            0.02603,
            0.0
          ],
          [
            0.0,
            0.073044,
            0.0
          ],
          [
            0.02469,
            0.114368,
            0.0
          ],
          [
            -0.0,
            0.116758,
            0.0
          ],
          [
            0.083272,
            0.094417,
            0.0
          ],
          [
            -0.035399,
            -0.058827,
            0.0
          ],
          [
            -0.012268,
            0.011347,
            0.0
          ],
          [
            -0.024218,
            0.017416,
            0.0
          ],
          [
            -0.02469,
            0.114368,
            0.0
          ],
          [
            0.001841,
            0.03322,
            0.0
          ],
          [
            -0.083272,
            0.094417,
            0.0
          ],
          [
            -0.0,
            -0.009978,
            0.0
          ],
          [
            0.038515,
            -0.055046,
            0.0
          ],
          [
            0.043796,
            -0.028986,
            0.0
          ],
          [
            0.018633,
            0.007501,
            0.0
          ],
          [
            0.114822,
            -0.058418,
            0.0
          ],
          [
            0.086617,
            -0.019799,
            0.0
          ],
          [
            0.035399,
            -0.058827,
            0.0
          ],
          [
            -0.038515,
            -0.055046,
            0.0
          ],
          [
            -0.0,
            -0.077126,
            0.0
          ],
          [
            0.025267,
            0.002739,
            0.0
          ],
          [
            -0.0,
            0.06897,
            0.0
          ],
          [
            0.033758,
            -0.019008,
            0.0
          ],
          [
            0.149717,
            -0.096414,
            0.0
          ],
          [
            0.012268,
            0.011347,
            0.0
          ],
          [
            -0.043796,
            -0.028986,
            0.0
          ],
          [
            -0.025267,
            0.002739,
            0.0
          ],
          [
            -0.114822,
            -0.058418,
            0.0
          ],
          [
            -0.033758,
            -0.019008,
            0.0
          ],
          [
            -0.0,
            0.007783,
            0.0
          ],
          [
            0.03036,
            0.02603,
            0.0
          ],
          [
            0.024218,
            0.017416,
            0.0
          ],
          [
            -0.018633,
            0.007501,
            0.0
          ],
          [
            -0.00332,
            0.021566,
            0.0
          ],
          [
            -0.004026,
            -0.075815,
            0.0
          ],
          [
            0.008995,
            -0.08059,
            0.0
          ],
          [
            -0.098071,
            0.04903,
            0.0
          ],
          [
            -0.056312,
            0.019772,
            0.0
          ],
          [
            -0.0,
            0.184035,
            0.0
          ],
          [
            0.00332,
            0.021566,
            0.0
          ],
          [
            0.024152,
            -0.064851,
            0.0
          ],
          [
            0.044866,
            -0.040287,
            0.0
          ],
          [
            0.022615,
            -0.078643,
            0.0
          ],
          [
            0.005531,
            0.022721,
            0.0
          ],
          [
            0.071316,
            -0.037822,
            0.0
          ],
          [
            0.004026,
            -0.075815,
            0.0
          ],
          [
            -0.024152,
            -0.064851,
            0.0
          ],
          [
            0.033356,
            0.031146,
            0.0
          ],
          [
            0.040778,
            -0.049719,
            0.0
          ],
          [
            0.109789,
            0.105788,
            0.0
          ],
          [
            0.183743,
            -0.082437,
            0.0
          ],
          [
            -0.008995,
            -0.08059,
            0.0
          ],
          [
            -0.044866,
            -0.040287,
            0.0
          ],
          [
            -0.033356,
            0.031146,
            0.0
          ],
          [
            -0.0,
            0.058089,
            0.0
          ],
          [
            -0.109789,
            0.105788,
            0.0
          ],
          [
            -0.0,
            0.022978,
            0.0
          ],
          [
            0.217277,
            0.041444,
            0.0
          ],
          [
            0.098071,
            0.04903,
            0.0
          ],
          [
            -0.022615,
            -0.078643,
            0.0
          ],
          [
            -0.040778,
            -0.049719,
            0.0
          ],
          [
            -0.071316,
            -0.037822,
            0.0
          ],
          [
            -0.183743,
            -0.082437,
            0.0
          ],
          [
            -0.217277,
            0.041444,
            0.0
          ],
          [
            0.0,
            0.051763,
            0.0
          ],
          [
            0.056312,
            0.019772,
            0.0
          ],
          [
            -0.005531,
            0.022721,
            0.0
          ]
        ],
        "Lattice": [
          [
            14.88,
            0.0,
            0.0
          ],
          [
            -7.44,
            12.886457116,
            0.0
          ],
          [
            0.0,
            0.0,
            15.0
          ]
        ],
        "NumAtoms": 70,
        "Positions": [
          [
            0.00549,
            0.02083,
            0.75
          ],
          [
            -1.24229,
            2.1558,
            0.75
          ],
          [
            -2.47848,
            4.30247,
            0.75
          ],
          [
            -3.71672,
            6.44474,
            0.75
          ],
          [
            -4.96,
            8.59101,
            0.75
          ],
          [
            -6.19831,
            10.74378,
            0.75
          ],
          [
            2.48,
            0.01129,
            0.75
          ],
          [
            1.17146,
            2.167,
            0.75
          ],
          [
            -0.01662,
            4.32481,
            0.75
          ],
          [
            -1.24017,
            6.44922,
            0.75
          ],
          [
            -2.48348,
            8.59577,
            0.75
          ],
          [
            -3.72169,
            10.74378,
            0.75
          ],
          [
            4.95451,
            0.02083,
            0.75
          ],
          [
            3.78854,
            2.167,
            0.75
          ],
          [
            2.48,
            4.19503,
            0.75
          ],
          [
            1.19465,
            6.38655,
            0.75
          ],
          [
            -0.01409,
            8.58789,
            0.75
          ],
          [
            -1.24614,
            10.74577,
            0.75
          ],
          [
            7.43662,
            -0.00302,
            0.75
          ],
          [
            6.20229,
            2.1558,
            0.75
          ],
          [
            4.97662,
            4.32481,
            0.75
          ],
          [
            3.76535,
            6.38655,
            0.75
          ],
          [
            2.48,
            8.60176,
            0.75
          ],
          [
            1.24357,
            10.71994,
            0.75
          ],
          [
            9.92,
            -0.01053,
            0.75
          ],
          [
            8.67712,
            2.14635,
            0.75
          ],
          [
            7.43848,
            4.30247,
            0.75
          ],
          [
            6.20017,
            6.44922,
            0.75
          ],
          [
            4.97409,
            8.58789,
            0.75
          ],
          [
            3.71643,
            10.71994,
            0.75
          ],
          [
            12.40338,
            -0.00302,
            0.75
          ],
          [
            11.16288,
            2.14635,
            0.75
          ],
          [
            9.92,
            4.29528,
            0.75
          ],
          [
            8.67672,
            6.44474,
            0.75
          ],
          [
            7.44348,
            8.59577,
            0.75
          ],
          [
            6.20614,
            10.74577,
            0.75
          ],
          [
            1.2604,
            0.76218,
            0.75
          ],
          [
            -6e-05,
            2.89526,
            0.75
          ],
          [
            -1.23842,
            5.02664,
            0.75
          ],
          [
            -2.47476,
            7.16511,
            0.75
          ],
          [
            -3.72004,
            9.31086,
            0.75
          ],
          [
            -4.96,
            11.46755,
            0.75
          ],
          [
            3.6996,
            0.76218,
            0.75
          ],
          [
            1.27982,
            4.96914,
            0.75
          ],
          [
            0.02672,
            7.15154,
            0.75
          ],
          [
            -1.24082,
            9.30822,
            0.75
          ],
          [
            -2.48733,
            11.467,
            0.75
          ],
          [
            6.19403,
            0.72513,
            0.75
          ],
          [
            4.96006,
            2.89526,
            0.75
          ],
          [
            3.68018,
            4.96914,
            0.75
          ],
          [
            1.24308,
            9.25965,
            0.75
          ],
          [
            -0.00111,
            11.44656,
            0.75
          ],
          [
            8.67683,
            0.70867,
            0.75
          ],
          [
            7.437,
            2.87237,
            0.75
          ],
          [
            6.19842,
            5.02664,
            0.75
          ],
          [
            4.93328,
            7.15154,
            0.75
          ],
          [
            3.71692,
            9.25965,
            0.75
          ],
          [
            2.48,
            11.43532,
            0.75
          ],
          [
            11.16317,
            0.70867,
            0.75
          ],
          [
            9.92,
            2.86199,
            0.75
          ],
          [
            8.67451,
            5.01195,
            0.75
          ],
          [
            7.43476,
            7.16511,
            0.75
          ],
          [
            6.20082,
            9.30822,
            0.75
          ],
          [
            4.96111,
            11.44656,
            0.75
          ],
          [
            13.64596,
            0.72513,
            0.75
          ],
          [
            12.403,
            2.87237,
            0.75
          ],
          [
            11.16549,
            5.01195,
            0.75
          ],
          [
            9.92,
            7.15882,
            0.75
          ],
          [
            8.68004,
            9.31086,
            0.75
          ],
          [
            7.44733,
            11.467,
            0.75
          ]
        ],
        "Stress": [
          [
            -3.41487,
            0.0,
            0.0
          ],
          [
            0.0,
            -14.40172,
            0.0
          ],
          [
            0.0,
            0.0,
            -1.11437
          ]
        ],
        "computation_code": "VASP",
        "pseudopotential_information": [
          [
            "PAW_PBE",
            "C",
            "08Apr2002"
          ]
        ]
      }
    ],
    "EnergyStyle": "electronvolt",
    "ForcesStyle": "electronvoltperangstrom",
    "LatticeStyle": "angstrom",
    "PositionsStyle": "angstrom",
    "StressStyle": "kB"
  }
}