{
  "Dataset": {
    "AtomTypeStyle": "chemicalsymbol",
    "Data": [
      {
        "AtomTypes": [
          "C",
          "C",
          "C",
          "C",
          "C",
          "C",
          "C",
          "C",
          "C",
          "C",
          "C",
          "C",
          "C",
          "C",
          "C",
          "C",
          "C",
          "C",
          "C",
          "C",
          "C",
          "C",
          "C",
          "C",
          "C",
          "C",
          "C",
          "C",
          "C",
          "C",
          "C",
          "C",
          "C",
          "C",
          "C",
          "C",
          "C",
          "C",
          "C",
          "C",
          "C",
          "C",
          "C",
          "C",
          "C",
          "C",
          "C",
          "C",
          "C",
          "C",
          "C",
          "C",
          "C",
          "C",
          "C",
          "C",
          "C",
          "C",
          "C",
          "C",
          "C",
          "C",
          "C",
          "C",
          "C",
          "C",
          "C",
          "C",
          "C",
          "C"
        ],
        "Energy": -602.55659061,
        "Forces": [
          [
            0.009428,
            -0.03982,
            0.0
          ],
          [
            -0.025084,
            0.000503,
            0.0
          ],
          [
            -0.025929,
            -0.010925,
            0.0
          ],
          [
            0.022375,
            -0.010671,
            0.0
          ],
          [
            -0.002361,
            0.020379,
            0.0
          ],
          [
            0.008615,
            0.013888,
            0.0
          ],
          [
            -0.016029,
            0.020661,
            0.0
          ],
          [
            -0.014155,
            -0.025527,
            0.0
          ],
          [
            -0.024199,
            -0.004711,
            0.0
          ],
          [
            -0.018416,
            0.008401,
            0.0
          ],
          [
            0.019002,
            0.026578,
            0.0
          ],
          [
            -0.012186,
            0.02303,
            0.0
          ],
          [
            -0.032291,
            -0.009698,
            0.0
          ],
          [
            -0.01993,
            0.007643,
            0.0
          ],
          [
            -0.023891,
            -0.003965,
            0.0
          ],
          [
            -0.009396,
            -0.045635,
            0.0
          ],
          [
            -0.01251,
            0.021949,
            0.0
          ],
          [
            -0.00933,
            -0.005036,
            0.0
          ],
          [
            0.022701,
            0.008806,
            0.0
          ],
          [
            -2.9e-05,
            -0.007733,
            0.0
          ],
          [
            -0.002799,
            -0.019511,
            0.0
          ],
          [
            -0.004087,
            0.035964,
            0.0
          ],
          [
            0.011831,
            -0.00347,
            0.0
          ],
          [
            -0.004332,
            0.001246,
            0.0
          ],
          [
            0.004685,
            0.005997,
            0.0
          ],
          [
            0.01637,
            -0.015825,
            0.0
          ],
          [
            0.012302,
            -0.002181,
            0.0
          ],
          [
            0.003771,
            -0.016875,
            0.0
          ],
          [
            -0.001024,
            0.012069,
            0.0
          ],
          [
            -0.009937,
            -0.027348,
            0.0
          ],
          [
            -0.003095,
            0.003293,
            0.0
          ],
          [
            0.006851,
            -0.013138,
            0.0
          ],
          [
            0.032664,
            -0.005811,
            0.0
          ],
          [
            0.02029,
            0.011354,
            0.0
          ],
          [
            -0.008706,
            -0.007661,
            0.0
          ],
          [
            -0.02029,
            -0.011354,
            0.0
          ],
          [
            -0.032664,
            0.005811,
            0.0
          ],
          [
            -0.006851,
            0.013138,
            0.0
          ],
          [
            0.003095,
            -0.003293,
            0.0
          ],
          [
            0.009937,
            0.027348,
            0.0
          ],
          [
            0.008706,
            0.007661,
            0.0
          ],
          [
            -0.003771,
            0.016875,
            0.0
          ],
          [
            -0.012302,
            0.002181,
            0.0
          ],
          [
            -0.01637,
            0.015825,
            0.0
          ],
          [
            -0.004685,
            -0.005997,
            0.0
          ],
          [
            0.004332,
            -0.001246,
            0.0
          ],
          [
            0.001024,
            -0.012069,
            0.0
          ],
          [
            0.004087,
            -0.035964,
            0.0
          ],
          [
            0.002799,
            0.019511,
            0.0
          ],
          [
            2.9e-05,
            0.007733,
            0.0
          ],
          [
            -0.022701,
            -0.008806,
            0.0
          ],
          [
            -0.011831,
            0.00347,
            0.0
          ],
          [
            0.01251,
            -0.021949,
            0.0
          ],
          [
            0.009396,
            0.045635,
            0.0
          ],
          [
            0.023891,
            0.003965,
            0.0
          ],
          [
            0.01993,
            -0.007643,
            0.0
          ],
          [
            0.032291,
            0.009698,
            0.0
          ],
          [
            0.00933,
            0.005036,
            0.0
          ],
          [
            -0.019002,
            -0.026578,
            0.0
          ],
          [
            0.018416,
            -0.008401,
            0.0
          ],
          [
            0.024199,
            0.004711,
            0.0
          ],
          [
            0.014155,
            0.025527,
            0.0
          ],
          [
            0.016029,
            -0.020661,
            0.0
          ],
          [
            0.012186,
            -0.02303,
            0.0
          ],
          [
            0.002361,
            -0.020379,
            0.0
          ],
          [
            -0.022375,
            0.010671,
            0.0
          ],
          [
            0.025929,
            0.010925,
            0.0
          ],
          [
            0.025084,
            -0.000503,
            0.0
          ],
          [
            -0.009428,
            0.03982,
            0.0
          ],
          [
            -0.008615,
            -0.013888,
            0.0
          ]
        ],
        "Lattice": [
          [
            14.88,
            0.0,
            0.0
          ],
          [
            -7.44,
            12.886457116,
            0.0
          ],
          [
            0.0,
            0.0,
            15.0
          ]
        ],
        "NumAtoms": 70,
        "Positions": [
          [
            0.01171,
            0.00887,
            0.75
          ],
          [
            -1.22967,
            2.16856,
            0.75
          ],
          [
            -2.47813,
            4.30361,
            0.75
          ],
          [
            -3.72764,
            6.43936,
            0.75
          ],
          [
            -4.9725,
            8.58925,
            0.75
          ],
          [
            -6.19935,
            10.74313,
            0.75
          ],
          [
            2.50082,
            0.03786,
            0.75
          ],
          [
            1.21629,
            2.18717,
            0.75
          ],
          [
            0.01714,
            4.38778,
            0.75
          ],
          [
            -1.2583,
            6.47784,
            0.75
          ],
          [
            -2.51513,
            8.61949,
            0.75
          ],
          [
            -3.70949,
            10.79822,
            0.75
          ],
          [
            5.03608,
            0.15001,
            0.75
          ],
          [
            3.67188,
            2.20037,
            0.75
          ],
          [
            2.45382,
            4.35129,
            0.75
          ],
          [
            1.23751,
            6.63174,
            0.75
          ],
          [
            -0.07967,
            8.64836,
            0.75
          ],
          [
            -1.25124,
            10.79924,
            0.75
          ],
          [
            7.48216,
            0.02034,
            0.75
          ],
          [
            4.9823,
            4.2765,
            0.75
          ],
          [
            3.86323,
            6.36397,
            0.75
          ],
          [
            2.3396,
            8.46812,
            0.75
          ],
          [
            1.23644,
            10.72534,
            0.75
          ],
          [
            9.96415,
            -0.04868,
            0.75
          ],
          [
            8.70912,
            2.08135,
            0.75
          ],
          [
            7.41123,
            4.13422,
            0.75
          ],
          [
            6.2503,
            6.37338,
            0.75
          ],
          [
            4.95275,
            8.53852,
            0.75
          ],
          [
            3.69328,
            10.63614,
            0.75
          ],
          [
            12.41585,
            -0.03386,
            0.75
          ],
          [
            11.18088,
            2.12324,
            0.75
          ],
          [
            9.92251,
            4.25573,
            0.75
          ],
          [
            8.67933,
            6.38149,
            0.75
          ],
          [
            7.43788,
            8.55761,
            0.75
          ],
          [
            6.19713,
            10.71328,
            0.75
          ],
          [
            1.24212,
            0.74927,
            0.75
          ],
          [
            0.00067,
            2.92539,
            0.75
          ],
          [
            -1.24251,
            5.05116,
            0.75
          ],
          [
            -2.50088,
            7.18365,
            0.75
          ],
          [
            -3.73585,
            9.34075,
            0.75
          ],
          [
            -4.95713,
            11.48006,
            0.75
          ],
          [
            3.72725,
            0.76837,
            0.75
          ],
          [
            2.4297,
            2.9335,
            0.75
          ],
          [
            1.26877,
            5.17266,
            0.75
          ],
          [
            -0.02912,
            7.22554,
            0.75
          ],
          [
            -1.28415,
            9.35557,
            0.75
          ],
          [
            -2.45328,
            11.5572,
            0.75
          ],
          [
            6.34039,
            0.83877,
            0.75
          ],
          [
            4.81677,
            2.94291,
            0.75
          ],
          [
            3.6977,
            5.03039,
            0.75
          ],
          [
            1.19784,
            9.28654,
            0.75
          ],
          [
            0.00356,
            11.468,
            0.75
          ],
          [
            8.75967,
            0.65852,
            0.75
          ],
          [
            7.44249,
            2.67515,
            0.75
          ],
          [
            6.22618,
            4.95559,
            0.75
          ],
          [
            5.00811,
            7.10651,
            0.75
          ],
          [
            3.64392,
            9.15688,
            0.75
          ],
          [
            2.49124,
            11.3941,
            0.75
          ],
          [
            11.19513,
            0.68739,
            0.75
          ],
          [
            9.9383,
            2.82905,
            0.75
          ],
          [
            8.66286,
            4.91911,
            0.75
          ],
          [
            7.46371,
            7.11971,
            0.75
          ],
          [
            6.17918,
            9.26902,
            0.75
          ],
          [
            4.94949,
            11.39512,
            0.75
          ],
          [
            13.6525,
            0.71764,
            0.75
          ],
          [
            12.40764,
            2.86753,
            0.75
          ],
          [
            11.15813,
            5.00327,
            0.75
          ],
          [
            9.90967,
            7.13833,
            0.75
          ],
          [
            8.66829,
            9.29802,
            0.75
          ],
          [
            7.43935,
            11.45021,
            0.75
          ]
        ],
        "Stress": [
          [
            0.82591,
            -15.86316,
            0.0
          ],
          [
            -15.86316,
            -21.81349,
            0.0
          ],
          [
            0.0,
            0.0,
            -1.09142
          ]
        ],
        "computation_code": "VASP",
        "pseudopotential_information": [
          [
            "PAW_PBE",
            "C",
            "08Apr2002"
          ]
        ]
      }
    ],
    "EnergyStyle": "electronvolt",
    "ForcesStyle": "electronvoltperangstrom",
    "LatticeStyle": "angstrom",
    "PositionsStyle": "angstrom",
    "StressStyle": "kB"
  }
}