{
  "Dataset": {
    "AtomTypeStyle": "chemicalsymbol",
    "Data": [
      {
        "AtomTypes": [
          "C",
          "C",
          "C",
          "C",
          "C",
          "C",
          "C",
          "C",
          "C",
          "C",
          "C",
          "C",
          "C",
          "C",
          "C",
          "C",
          "C",
          "C",
          "C",
          "C",
          "C",
          "C",
          "C",
          "C",
          "C",
          "C",
          "C",
          "C",
          "C",
          "C",
          "C",
          "C",
          "C",
          "C",
          "C",
          "C",
          "C",
          "C",
          "C",
          "C",
          "C",
          "C",
          "C",
          "C",
          "C",
          "C",
          "C",
          "C",
          "C",
          "C",
          "C",
          "C",
          "C",
          "C",
          "C",
          "C",
          "C",
          "C",
          "C",
          "C",
          "C",
          "C",
          "C",
          "C",
          "C",
          "C",
          "C",
          "C",
          "C",
          "C"
        ],
        "Energy": -543.85850133,
        "Forces": [
          [
            -0.009522,
            0.000931,
            0.000142
          ],
          [
            -0.002793,
            0.00706,
            0.000257
          ],
          [
            0.010591,
            0.030593,
            -0.000317
          ],
          [
            0.036411,
            -0.006769,
            -0.000247
          ],
          [
            -0.002322,
            0.001907,
            -4.7e-05
          ],
          [
            -0.013828,
            -0.003333,
            -0.000367
          ],
          [
            0.003912,
            0.008374,
            -5.8e-05
          ],
          [
            0.010971,
            0.008827,
            0.000164
          ],
          [
            -0.012293,
            0.066614,
            2.5e-05
          ],
          [
            0.033897,
            -0.026449,
            -0.000129
          ],
          [
            0.006098,
            0.005015,
            -0.000285
          ],
          [
            -0.012463,
            -0.002424,
            -4.6e-05
          ],
          [
            -0.004121,
            -0.01105,
            -7.9e-05
          ],
          [
            0.014526,
            0.007572,
            4.4e-05
          ],
          [
            -0.053707,
            0.106729,
            0.0004
          ],
          [
            0.010849,
            0.032736,
            5.1e-05
          ],
          [
            -0.010699,
            -0.008396,
            -7.9e-05
          ],
          [
            0.000164,
            0.002593,
            0.000105
          ],
          [
            0.004726,
            -0.001205,
            6.7e-05
          ],
          [
            0.003325,
            0.017911,
            -0.000237
          ],
          [
            0.010013,
            0.03269,
            0.0
          ],
          [
            0.012764,
            -0.011574,
            -8.5e-05
          ],
          [
            0.010719,
            -0.012116,
            -0.000139
          ],
          [
            0.00088,
            -0.005304,
            0.000351
          ],
          [
            0.000522,
            -0.005523,
            0.000109
          ],
          [
            -0.002065,
            -0.000877,
            -0.000127
          ],
          [
            -0.016088,
            -0.001383,
            0.000222
          ],
          [
            -0.007106,
            -0.010137,
            -0.000108
          ],
          [
            -0.019178,
            -0.019373,
            2.2e-05
          ],
          [
            0.002797,
            0.004075,
            0.000394
          ],
          [
            0.003904,
            0.01392,
            0.000125
          ],
          [
            0.009046,
            0.002099,
            -0.000293
          ],
          [
            0.014692,
            -0.010448,
            7.9e-05
          ],
          [
            0.002299,
            0.011183,
            3e-05
          ],
          [
            0.006924,
            0.001898,
            5.6e-05
          ],
          [
            -0.000164,
            -0.002593,
            0.000105
          ],
          [
            -0.010719,
            0.012116,
            -0.000139
          ],
          [
            -0.012764,
            0.011574,
            -8.5e-05
          ],
          [
            -0.010013,
            -0.03269,
            0.0
          ],
          [
            -0.003325,
            -0.017911,
            -0.000237
          ],
          [
            -0.004726,
            0.001205,
            6.7e-05
          ],
          [
            0.012463,
            0.002424,
            -4.6e-05
          ],
          [
            0.010699,
            0.008396,
            -7.9e-05
          ],
          [
            -0.010849,
            -0.032736,
            5.1e-05
          ],
          [
            0.053707,
            -0.106729,
            0.0004
          ],
          [
            -0.014526,
            -0.007572,
            4.4e-05
          ],
          [
            0.004121,
            0.01105,
            -7.9e-05
          ],
          [
            -0.003912,
            -0.008374,
            -5.8e-05
          ],
          [
            -0.006098,
            -0.005015,
            -0.000285
          ],
          [
            -0.033897,
            0.026449,
            -0.000129
          ],
          [
            0.012293,
            -0.066614,
            2.5e-05
          ],
          [
            -0.010971,
            -0.008827,
            0.000164
          ],
          [
            0.009522,
            -0.000931,
            0.000142
          ],
          [
            0.013828,
            0.003333,
            -0.000367
          ],
          [
            0.002322,
            -0.001907,
            -4.7e-05
          ],
          [
            -0.036411,
            0.006769,
            -0.000247
          ],
          [
            -0.010591,
            -0.030593,
            -0.000317
          ],
          [
            0.002793,
            -0.00706,
            0.000257
          ],
          [
            -0.002797,
            -0.004075,
            0.000394
          ],
          [
            -0.006924,
            -0.001898,
            5.6e-05
          ],
          [
            -0.002299,
            -0.011183,
            3e-05
          ],
          [
            -0.014692,
            0.010448,
            7.9e-05
          ],
          [
            -0.009046,
            -0.002099,
            -0.000293
          ],
          [
            -0.003904,
            -0.01392,
            0.000125
          ],
          [
            -0.00088,
            0.005304,
            0.000351
          ],
          [
            0.019178,
            0.019373,
            2.2e-05
          ],
          [
            0.007106,
            0.010137,
            -0.000108
          ],
          [
            0.016088,
            0.001383,
            0.000222
          ],
          [
            0.002065,
            0.000877,
            -0.000127
          ],
          [
            -0.000522,
            0.005523,
            0.000109
          ]
        ],
        "Lattice": [
          [
            14.79,
            0.0,
            0.0
          ],
          [
            -7.395,
            12.808514835,
            0.0
          ],
          [
            0.0,
            0.0,
            14.909274194
          ]
        ],
        "NumAtoms": 70,
        "Positions": [
          [
            0.01333,
            0.01668,
            0.74545
          ],
          [
            13.51657,
            2.13925,
            0.74544
          ],
          [
            12.24508,
            4.26157,
            0.74551
          ],
          [
            11.08601,
            6.33731,
            0.74547
          ],
          [
            -4.87537,
            8.50139,
            0.74545
          ],
          [
            -6.1149,
            10.66746,
            0.74542
          ],
          [
            2.47731,
            0.00272,
            0.74547
          ],
          [
            1.19378,
            2.17855,
            0.74548
          ],
          [
            -0.15194,
            4.33053,
            0.74554
          ],
          [
            -2.35563,
            8.36185,
            0.74551
          ],
          [
            -3.64243,
            10.61138,
            0.74547
          ],
          [
            -2.4632,
            12.79659,
            0.74548
          ],
          [
            3.66355,
            2.16326,
            0.74548
          ],
          [
            2.39307,
            4.32083,
            0.74551
          ],
          [
            1.00228,
            6.28761,
            0.74558
          ],
          [
            0.09356,
            8.58032,
            0.74554
          ],
          [
            -1.19843,
            10.6348,
            0.7455
          ],
          [
            -0.00291,
            12.78136,
            0.74548
          ],
          [
            6.11384,
            2.15919,
            0.74542
          ],
          [
            4.84419,
            4.36768,
            0.7455
          ],
          [
            3.64376,
            6.62751,
            0.74551
          ],
          [
            2.65119,
            8.45649,
            0.74555
          ],
          [
            1.31042,
            10.63439,
            0.74548
          ],
          [
            2.46545,
            12.80585,
            0.74543
          ],
          [
            8.58525,
            2.11957,
            0.7454
          ],
          [
            7.33669,
            4.27785,
            0.74541
          ],
          [
            6.15173,
            6.43567,
            0.74546
          ],
          [
            5.02788,
            8.59247,
            0.74543
          ],
          [
            3.74143,
            10.68482,
            0.74547
          ],
          [
            12.33287,
            0.00488,
            0.74539
          ],
          [
            11.05477,
            2.12365,
            0.74541
          ],
          [
            9.78952,
            4.24073,
            0.74537
          ],
          [
            8.61955,
            6.39273,
            0.74544
          ],
          [
            7.45186,
            8.54559,
            0.74539
          ],
          [
            6.21296,
            10.70231,
            0.74537
          ],
          [
            1.23541,
            0.73874,
            0.74548
          ],
          [
            -0.07792,
            2.88571,
            0.74548
          ],
          [
            -1.41869,
            5.06361,
            0.74555
          ],
          [
            -2.41127,
            6.89259,
            0.74551
          ],
          [
            -3.61169,
            9.15242,
            0.7455
          ],
          [
            -4.88134,
            11.36091,
            0.74542
          ],
          [
            3.6957,
            0.72351,
            0.74548
          ],
          [
            2.43093,
            2.8853,
            0.7455
          ],
          [
            1.13894,
            4.93978,
            0.74554
          ],
          [
            0.23022,
            7.23249,
            0.74558
          ],
          [
            -1.16057,
            9.19927,
            0.74551
          ],
          [
            -2.43105,
            11.35684,
            0.74548
          ],
          [
            6.15019,
            0.70887,
            0.74547
          ],
          [
            4.87493,
            2.90872,
            0.74547
          ],
          [
            3.58813,
            5.15825,
            0.74551
          ],
          [
            1.38444,
            9.18957,
            0.74554
          ],
          [
            0.03872,
            11.34155,
            0.74548
          ],
          [
            8.61417,
            0.69491,
            0.74545
          ],
          [
            7.3474,
            2.85264,
            0.74542
          ],
          [
            6.10787,
            5.01871,
            0.74545
          ],
          [
            4.93649,
            7.18278,
            0.74547
          ],
          [
            3.77742,
            9.25853,
            0.7455
          ],
          [
            2.50593,
            11.38085,
            0.74544
          ],
          [
            11.08462,
            0.7067,
            0.74539
          ],
          [
            9.80954,
            2.81779,
            0.74537
          ],
          [
            8.57064,
            4.97451,
            0.74539
          ],
          [
            7.40295,
            7.12737,
            0.74544
          ],
          [
            6.23298,
            9.27937,
            0.74537
          ],
          [
            4.96773,
            11.39645,
            0.74541
          ],
          [
            13.55704,
            0.71425,
            0.74542
          ],
          [
            12.28107,
            2.83528,
            0.74547
          ],
          [
            10.99462,
            4.92763,
            0.74543
          ],
          [
            9.87077,
            7.08443,
            0.74546
          ],
          [
            8.68581,
            9.24225,
            0.74541
          ],
          [
            7.43725,
            11.40053,
            0.7454
          ]
        ],
        "Stress": [
          [
            -2.73212,
            20.39946,
            0.0
          ],
          [
            20.39946,
            -15.35156,
            0.0
          ],
          [
            0.0,
            0.0,
            -1.04312
          ]
        ],
        "computation_code": "VASP",
        "pseudopotential_information": [
          [
            "PAW_PBE",
            "C",
            "08Apr2002"
          ]
        ]
      }
    ],
    "EnergyStyle": "electronvolt",
    "ForcesStyle": "electronvoltperangstrom",
    "LatticeStyle": "angstrom",
    "PositionsStyle": "angstrom",
    "StressStyle": "kB"
  }
}