{
  "Dataset": {
    "AtomTypeStyle": "chemicalsymbol",
    "Data": [
      {
        "AtomTypes": [
          "C",
          "C",
          "C",
          "C",
          "C",
          "C",
          "C",
          "C",
          "C",
          "C",
          "C",
          "C",
          "C",
          "C",
          "C",
          "C",
          "C",
          "C",
          "C",
          "C",
          "C",
          "C",
          "C",
          "C",
          "C",
          "C",
          "C",
          "C",
          "C",
          "C",
          "C",
          "C",
          "C",
          "C",
          "C",
          "C",
          "C",
          "C",
          "C",
          "C",
          "C",
          "C",
          "C",
          "C",
          "C",
          "C",
          "C",
          "C",
          "C",
          "C",
          "C",
          "C",
          "C",
          "C",
          "C",
          "C",
          "C",
          "C",
          "C",
          "C",
          "C",
          "C",
          "C",
          "C",
          "C",
          "C",
          "C",
          "C",
          "C"
        ],
        "Energy": -593.35662794,
        "Forces": [
          [
            0.019436,
            -0.019773,
            0.0
          ],
          [
            -0.014664,
            -0.03099,
            0.0
          ],
          [
            -0.007132,
            0.08932,
            0.0
          ],
          [
            0.058684,
            -0.012829,
            0.0
          ],
          [
            0.003148,
            -0.043578,
            0.0
          ],
          [
            0.021014,
            0.045104,
            0.0
          ],
          [
            -0.033497,
            -0.041079,
            0.0
          ],
          [
            0.004422,
            0.067523,
            0.0
          ],
          [
            -0.104357,
            -0.099798,
            0.0
          ],
          [
            0.206298,
            0.995701,
            0.0
          ],
          [
            0.472162,
            0.013872,
            0.0
          ],
          [
            0.028856,
            -0.010276,
            0.0
          ],
          [
            0.039196,
            0.022551,
            0.0
          ],
          [
            0.137442,
            -0.042629,
            0.0
          ],
          [
            0.132365,
            -0.119779,
            0.0
          ],
          [
            -0.80028,
            0.176041,
            0.0
          ],
          [
            0.229232,
            -0.417257,
            0.0
          ],
          [
            0.032565,
            -0.030069,
            0.0
          ],
          [
            -0.052502,
            -0.009597,
            0.0
          ],
          [
            -0.124966,
            0.09102,
            0.0
          ],
          [
            -0.537603,
            0.606765,
            0.0
          ],
          [
            -0.756103,
            -0.671571,
            0.0
          ],
          [
            -0.080401,
            -0.037787,
            0.0
          ],
          [
            -0.006976,
            0.002616,
            0.0
          ],
          [
            0.025053,
            -0.01089,
            0.0
          ],
          [
            -0.133158,
            0.062681,
            0.0
          ],
          [
            0.073508,
            0.099354,
            0.0
          ],
          [
            0.021293,
            0.134723,
            0.0
          ],
          [
            0.017934,
            0.014474,
            0.0
          ],
          [
            0.007357,
            -0.001606,
            0.0
          ],
          [
            0.005156,
            0.010832,
            0.0
          ],
          [
            -0.007485,
            0.055553,
            0.0
          ],
          [
            0.110064,
            -0.099461,
            0.0
          ],
          [
            -0.06382,
            -0.053183,
            0.0
          ],
          [
            -0.023074,
            -0.023375,
            0.0
          ],
          [
            -0.05473,
            -0.009425,
            0.0
          ],
          [
            0.320928,
            0.36055,
            0.0
          ],
          [
            -0.079692,
            -0.053596,
            0.0
          ],
          [
            0.20903,
            0.081326,
            0.0
          ],
          [
            -0.085874,
            0.051227,
            0.0
          ],
          [
            0.045914,
            0.038572,
            0.0
          ],
          [
            -0.074042,
            0.099136,
            0.0
          ],
          [
            -0.05688,
            -0.114515,
            0.0
          ],
          [
            1.110688,
            -0.795451,
            0.0
          ],
          [
            -1.33394,
            0.75447,
            0.0
          ],
          [
            0.037891,
            -0.216548,
            0.0
          ],
          [
            -0.064247,
            0.000134,
            0.0
          ],
          [
            -0.033663,
            -0.1076,
            0.0
          ],
          [
            -0.047567,
            -0.119986,
            0.0
          ],
          [
            1.277085,
            -0.556679,
            0.0
          ],
          [
            0.005152,
            0.101652,
            0.0
          ],
          [
            0.022668,
            -0.022681,
            0.0
          ],
          [
            0.01784,
            0.012992,
            0.0
          ],
          [
            -0.101029,
            0.057463,
            0.0
          ],
          [
            0.081289,
            0.106147,
            0.0
          ],
          [
            0.163046,
            -0.063665,
            0.0
          ],
          [
            -0.151927,
            -0.459164,
            0.0
          ],
          [
            -0.011857,
            -0.026594,
            0.0
          ],
          [
            0.004117,
            0.001803,
            0.0
          ],
          [
            0.005512,
            -0.01175,
            0.0
          ],
          [
            0.078308,
            0.0795,
            0.0
          ],
          [
            -0.123654,
            0.003071,
            0.0
          ],
          [
            -0.027947,
            0.036186,
            0.0
          ],
          [
            -0.059314,
            0.027595,
            0.0
          ],
          [
            0.017785,
            0.024387,
            0.0
          ],
          [
            0.040457,
            -0.007239,
            0.0
          ],
          [
            -0.020083,
            0.058881,
            0.0
          ],
          [
            -0.011744,
            -0.060226,
            0.0
          ],
          [
            0.001314,
            0.017427,
            0.0
          ]
        ],
        "Lattice": [
          [
            14.88,
            0.0,
            0.0
          ],
          [
            -7.44,
            12.886457116,
            0.0
          ],
          [
            0.0,
            0.0,
            15.0
          ]
        ],
        "NumAtoms": 69,
        "Positions": [
          [
            7.4366,
            12.87684,
            0.75
          ],
          [
            13.60667,
            2.11738,
            0.75
          ],
          [
            -2.40954,
            4.28538,
            0.75
          ],
          [
            -3.69729,
            6.43559,
            0.75
          ],
          [
            9.8739,
            8.57684,
            0.75
          ],
          [
            8.68268,
            10.72713,
            0.75
          ],
          [
            -4.95939,
            12.87027,
            0.75
          ],
          [
            1.18634,
            2.06548,
            0.75
          ],
          [
            0.15161,
            4.16555,
            0.75
          ],
          [
            -1.10724,
            6.42568,
            0.75
          ],
          [
            -2.45048,
            8.55794,
            0.75
          ],
          [
            -3.70703,
            10.71692,
            0.75
          ],
          [
            4.93802,
            0.02478,
            0.75
          ],
          [
            3.60275,
            2.24792,
            0.75
          ],
          [
            1.66874,
            4.31405,
            0.75
          ],
          [
            1.60834,
            6.8248,
            0.75
          ],
          [
            -1.20833,
            10.70713,
            0.75
          ],
          [
            0.00708,
            12.84747,
            0.75
          ],
          [
            6.14058,
            2.17952,
            0.75
          ],
          [
            4.88152,
            4.39673,
            0.75
          ],
          [
            2.32231,
            8.06119,
            0.75
          ],
          [
            1.31101,
            10.61087,
            0.75
          ],
          [
            2.51334,
            12.80962,
            0.75
          ],
          [
            8.66511,
            2.11742,
            0.75
          ],
          [
            7.41937,
            4.29261,
            0.75
          ],
          [
            6.06064,
            6.44014,
            0.75
          ],
          [
            3.82293,
            8.04734,
            0.75
          ],
          [
            3.89841,
            10.65374,
            0.75
          ],
          [
            12.39948,
            0.02613,
            0.75
          ],
          [
            11.13759,
            2.14726,
            0.75
          ],
          [
            9.92523,
            4.30205,
            0.75
          ],
          [
            8.60869,
            6.45759,
            0.75
          ],
          [
            7.28215,
            8.62309,
            0.75
          ],
          [
            6.23403,
            10.80871,
            0.75
          ],
          [
            1.23353,
            0.67058,
            0.75
          ],
          [
            -0.0417,
            2.77445,
            0.75
          ],
          [
            -1.08417,
            4.95292,
            0.75
          ],
          [
            -2.42676,
            7.11618,
            0.75
          ],
          [
            -3.73614,
            9.28194,
            0.75
          ],
          [
            -4.94859,
            11.43472,
            0.75
          ],
          [
            3.67671,
            0.77151,
            0.75
          ],
          [
            2.29309,
            2.93245,
            0.75
          ],
          [
            2.3712,
            5.5329,
            0.75
          ],
          [
            0.14229,
            7.12836,
            0.75
          ],
          [
            -1.24827,
            9.29656,
            0.75
          ],
          [
            -2.47831,
            11.45872,
            0.75
          ],
          [
            6.18338,
            0.72569,
            0.75
          ],
          [
            4.86265,
            2.95396,
            0.75
          ],
          [
            3.8578,
            5.52421,
            0.75
          ],
          [
            1.32678,
            9.17788,
            0.75
          ],
          [
            0.05258,
            11.40712,
            0.75
          ],
          [
            8.69764,
            0.66944,
            0.75
          ],
          [
            7.40814,
            2.85645,
            0.75
          ],
          [
            6.17089,
            5.01426,
            0.75
          ],
          [
            4.57321,
            6.76334,
            0.75
          ],
          [
            4.52769,
            9.26559,
            0.75
          ],
          [
            2.59811,
            11.3284,
            0.75
          ],
          [
            11.15246,
            0.70876,
            0.75
          ],
          [
            9.90066,
            2.86047,
            0.75
          ],
          [
            8.65675,
            5.02092,
            0.75
          ],
          [
            7.29998,
            7.1784,
            0.75
          ],
          [
            6.03593,
            9.41642,
            0.75
          ],
          [
            5.00627,
            11.51753,
            0.75
          ],
          [
            13.63614,
            0.70645,
            0.75
          ],
          [
            12.39079,
            2.85437,
            0.75
          ],
          [
            11.19519,
            4.99853,
            0.75
          ],
          [
            9.88874,
            7.14763,
            0.75
          ],
          [
            8.59761,
            9.29706,
            0.75
          ],
          [
            7.46552,
            11.46539,
            0.75
          ]
        ],
        "Stress": [
          [
            -40.23615,
            20.64272,
            0.0
          ],
          [
            20.64272,
            -16.52698,
            0.0
          ],
          [
            0.0,
            0.0,
            -1.09657
          ]
        ],
        "computation_code": "VASP",
        "pseudopotential_information": [
          [
            "PAW_PBE",
            "C",
            "08Apr2002"
          ]
        ]
      }
    ],
    "EnergyStyle": "electronvolt",
    "ForcesStyle": "electronvoltperangstrom",
    "LatticeStyle": "angstrom",
    "PositionsStyle": "angstrom",
    "StressStyle": "kB"
  }
}