{
  "Dataset": {
    "AtomTypeStyle": "chemicalsymbol",
    "Data": [
      {
        "AtomTypes": [
          "C",
          "C",
          "C",
          "C",
          "C",
          "C",
          "C",
          "C",
          "C",
          "C",
          "C",
          "C",
          "C",
          "C",
          "C",
          "C",
          "C",
          "C",
          "C",
          "C",
          "C",
          "C",
          "C",
          "C",
          "C",
          "C",
          "C",
          "C",
          "C",
          "C",
          "C",
          "C",
          "C",
          "C",
          "C",
          "C",
          "C",
          "C",
          "C",
          "C",
          "C",
          "C",
          "C",
          "C",
          "C",
          "C",
          "C",
          "C",
          "C",
          "C",
          "C",
          "C",
          "C",
          "C",
          "C",
          "C",
          "C",
          "C",
          "C",
          "C",
          "C",
          "C",
          "C",
          "C",
          "C",
          "C",
          "C",
          "C",
          "C"
        ],
        "Energy": -534.41284414,
        "Forces": [
          [
            0.002765,
            0.001284,
            0.0
          ],
          [
            -0.010922,
            0.002839,
            0.0
          ],
          [
            -0.011064,
            0.006053,
            0.0
          ],
          [
            0.001443,
            -0.001131,
            0.0
          ],
          [
            0.005237,
            -0.005214,
            0.0
          ],
          [
            0.005938,
            -0.012499,
            0.0
          ],
          [
            0.010354,
            0.008966,
            0.0
          ],
          [
            0.004771,
            0.016893,
            0.0
          ],
          [
            -0.010182,
            0.041129,
            0.0
          ],
          [
            0.001261,
            -0.007403,
            0.0
          ],
          [
            -0.006731,
            -0.008329,
            0.0
          ],
          [
            0.003109,
            8.1e-05,
            0.0
          ],
          [
            0.001417,
            -0.001677,
            0.0
          ],
          [
            0.016675,
            0.011291,
            0.0
          ],
          [
            0.012334,
            0.037316,
            0.0
          ],
          [
            -0.011226,
            -0.024504,
            0.0
          ],
          [
            -0.023787,
            0.010947,
            0.0
          ],
          [
            0.014735,
            0.005458,
            0.0
          ],
          [
            0.008103,
            -0.026949,
            0.0
          ],
          [
            0.000281,
            0.000283,
            0.0
          ],
          [
            -0.020795,
            -0.010342,
            0.0
          ],
          [
            -0.008458,
            -0.013199,
            0.0
          ],
          [
            0.00884,
            -0.068391,
            0.0
          ],
          [
            0.005888,
            -0.004165,
            0.0
          ],
          [
            0.001969,
            0.002027,
            0.0
          ],
          [
            -0.001265,
            0.019926,
            0.0
          ],
          [
            -0.018057,
            -0.009334,
            0.0
          ],
          [
            -0.038846,
            0.020867,
            0.0
          ],
          [
            -0.005711,
            0.009549,
            0.0
          ],
          [
            0.008648,
            -0.001466,
            0.0
          ],
          [
            -0.001326,
            0.001447,
            0.0
          ],
          [
            0.000628,
            0.001141,
            0.0
          ],
          [
            0.008819,
            -0.014081,
            0.0
          ],
          [
            0.003674,
            -0.015949,
            0.0
          ],
          [
            0.002933,
            -0.00087,
            0.0
          ],
          [
            -0.003361,
            0.019173,
            0.0
          ],
          [
            -0.009943,
            0.01646,
            0.0
          ],
          [
            -0.004932,
            0.0012,
            0.0
          ],
          [
            0.002691,
            -0.002579,
            0.0
          ],
          [
            0.003459,
            0.002613,
            0.0
          ],
          [
            0.013904,
            0.002862,
            0.0
          ],
          [
            0.027818,
            0.015811,
            0.0
          ],
          [
            -0.002924,
            0.005666,
            0.0
          ],
          [
            -0.018974,
            -0.026717,
            0.0
          ],
          [
            -0.004558,
            -0.00055,
            0.0
          ],
          [
            0.007479,
            -0.006791,
            0.0
          ],
          [
            0.008948,
            -0.003532,
            0.0
          ],
          [
            -0.005864,
            -0.008643,
            0.0
          ],
          [
            -0.023792,
            -0.003481,
            0.0
          ],
          [
            -0.000602,
            0.026159,
            0.0
          ],
          [
            0.084495,
            -0.05812,
            0.0
          ],
          [
            0.0091,
            -0.011223,
            0.0
          ],
          [
            -0.002766,
            -0.001211,
            0.0
          ],
          [
            -0.005304,
            0.005463,
            0.0
          ],
          [
            -0.012227,
            0.007571,
            0.0
          ],
          [
            -0.015867,
            -0.010304,
            0.0
          ],
          [
            -0.03712,
            0.091489,
            0.0
          ],
          [
            -0.013235,
            -0.01785,
            0.0
          ],
          [
            0.012092,
            -0.000397,
            0.0
          ],
          [
            0.000863,
            0.004177,
            0.0
          ],
          [
            0.009265,
            0.003635,
            0.0
          ],
          [
            0.001581,
            -0.026119,
            0.0
          ],
          [
            -0.002452,
            0.001843,
            0.0
          ],
          [
            0.003285,
            0.003567,
            0.0
          ],
          [
            -0.003506,
            0.010152,
            0.0
          ],
          [
            -0.000401,
            0.000191,
            0.0
          ],
          [
            0.002276,
            -0.002755,
            0.0
          ],
          [
            0.004397,
            -0.008826,
            0.0
          ],
          [
            0.014721,
            -0.000926,
            0.0
          ]
        ],
        "Lattice": [
          [
            14.79,
            0.0,
            0.0
          ],
          [
            -7.395,
            12.808514835,
            0.0
          ],
          [
            0.0,
            0.0,
            14.909274194
          ]
        ],
        "NumAtoms": 69,
        "Positions": [
          [
            7.34096,
            12.78758,
            0.74546
          ],
          [
            13.48647,
            2.08046,
            0.74546
          ],
          [
            -2.38573,
            4.26815,
            0.74546
          ],
          [
            -3.63364,
            6.41778,
            0.74546
          ],
          [
            -4.9279,
            8.5431,
            0.74546
          ],
          [
            8.61272,
            10.66298,
            0.74546
          ],
          [
            2.41851,
            0.00171,
            0.74546
          ],
          [
            1.1375,
            2.05467,
            0.74546
          ],
          [
            0.13972,
            4.14824,
            0.74546
          ],
          [
            -1.03771,
            6.43617,
            0.74546
          ],
          [
            -2.37189,
            8.55265,
            0.74546
          ],
          [
            -3.71272,
            10.68122,
            0.74546
          ],
          [
            4.8437,
            0.07345,
            0.74546
          ],
          [
            3.53748,
            2.26082,
            0.74546
          ],
          [
            1.63358,
            4.29612,
            0.74546
          ],
          [
            1.6627,
            6.80751,
            0.74546
          ],
          [
            0.1888,
            8.68267,
            0.74546
          ],
          [
            -1.25774,
            10.73784,
            0.74546
          ],
          [
            7.2992,
            0.0635,
            0.74546
          ],
          [
            6.05887,
            2.22053,
            0.74546
          ],
          [
            4.85168,
            4.37521,
            0.74546
          ],
          [
            2.447,
            8.00571,
            0.74546
          ],
          [
            2.38016,
            12.70677,
            0.74546
          ],
          [
            8.59122,
            2.12375,
            0.74546
          ],
          [
            7.38569,
            4.27436,
            0.74546
          ],
          [
            6.06264,
            6.38449,
            0.74546
          ],
          [
            3.89278,
            7.91981,
            0.74546
          ],
          [
            3.87454,
            10.36748,
            0.74546
          ],
          [
            4.85993,
            12.75502,
            0.74546
          ],
          [
            11.03354,
            2.10037,
            0.74546
          ],
          [
            9.88107,
            4.28353,
            0.74546
          ],
          [
            8.59633,
            6.42065,
            0.74546
          ],
          [
            7.28583,
            8.55854,
            0.74546
          ],
          [
            6.17537,
            10.72007,
            0.74546
          ],
          [
            1.1741,
            0.67134,
            0.74546
          ],
          [
            -0.08353,
            2.75158,
            0.74546
          ],
          [
            -1.0596,
            4.97275,
            0.74546
          ],
          [
            -2.34429,
            7.12121,
            0.74546
          ],
          [
            -3.66837,
            9.24871,
            0.74546
          ],
          [
            -4.9478,
            11.38041,
            0.74546
          ],
          [
            3.5958,
            0.79825,
            0.74546
          ],
          [
            2.24058,
            2.92527,
            0.74546
          ],
          [
            2.36357,
            5.51691,
            0.74546
          ],
          [
            0.21861,
            7.22206,
            0.74546
          ],
          [
            -1.13083,
            9.30142,
            0.74546
          ],
          [
            -2.51736,
            11.44443,
            0.74546
          ],
          [
            6.06233,
            0.79805,
            0.74546
          ],
          [
            4.79876,
            2.96283,
            0.74546
          ],
          [
            3.84532,
            5.47336,
            0.74546
          ],
          [
            1.64522,
            9.24733,
            0.74546
          ],
          [
            -0.13771,
            11.50957,
            0.74546
          ],
          [
            8.58827,
            0.68543,
            0.74546
          ],
          [
            7.34422,
            2.85758,
            0.74546
          ],
          [
            6.15067,
            4.97407,
            0.74546
          ],
          [
            4.5916,
            6.67675,
            0.74546
          ],
          [
            4.60259,
            9.10688,
            0.74546
          ],
          [
            2.45527,
            10.52811,
            0.74546
          ],
          [
            10.99243,
            0.6283,
            0.74546
          ],
          [
            9.82863,
            2.84324,
            0.74546
          ],
          [
            8.62888,
            4.99595,
            0.74546
          ],
          [
            7.29137,
            7.12152,
            0.74546
          ],
          [
            6.0634,
            9.32211,
            0.74546
          ],
          [
            4.9134,
            11.36957,
            0.74546
          ],
          [
            13.48784,
            0.66155,
            0.74546
          ],
          [
            12.28648,
            2.82766,
            0.74546
          ],
          [
            11.14869,
            4.98751,
            0.74546
          ],
          [
            9.87388,
            7.11555,
            0.74546
          ],
          [
            8.58374,
            9.24379,
            0.74546
          ],
          [
            7.38917,
            11.38645,
            0.74546
          ]
        ],
        "Stress": [
          [
            -38.527,
            5.47925,
            0.0
          ],
          [
            5.47925,
            -14.87336,
            0.0
          ],
          [
            0.0,
            0.0,
            -1.0349
          ]
        ],
        "computation_code": "VASP",
        "pseudopotential_information": [
          [
            "PAW_PBE",
            "C",
            "08Apr2002"
          ]
        ]
      }
    ],
    "EnergyStyle": "electronvolt",
    "ForcesStyle": "electronvoltperangstrom",
    "LatticeStyle": "angstrom",
    "PositionsStyle": "angstrom",
    "StressStyle": "kB"
  }
}