{
  "Dataset": {
    "AtomTypeStyle": "chemicalsymbol",
    "Data": [
      {
        "AtomTypes": [
          "C",
          "C",
          "C",
          "C",
          "C",
          "C",
          "C",
          "C",
          "C",
          "C",
          "C",
          "C",
          "C",
          "C",
          "C",
          "C",
          "C",
          "C",
          "C",
          "C",
          "C",
          "C",
          "C",
          "C",
          "C",
          "C",
          "C",
          "C",
          "C",
          "C",
          "C",
          "C",
          "C",
          "C",
          "C",
          "C",
          "C",
          "C",
          "C",
          "C",
          "C",
          "C",
          "C",
          "C",
          "C",
          "C",
          "C",
          "C",
          "C",
          "C",
          "C",
          "C",
          "C",
          "C",
          "C",
          "C",
          "C",
          "C",
          "C",
          "C",
          "C",
          "C",
          "C",
          "C",
          "C",
          "C",
          "C",
          "C",
          "C"
        ],
        "Energy": -534.41494738,
        "Forces": [
          [
            0.004908,
            0.003927,
            0.0
          ],
          [
            -0.005726,
            -0.011848,
            0.0
          ],
          [
            -0.004281,
            -0.011821,
            0.0
          ],
          [
            -0.004536,
            -0.000263,
            0.0
          ],
          [
            -0.001414,
            0.004657,
            0.0
          ],
          [
            -0.000128,
            -0.000148,
            0.0
          ],
          [
            0.001335,
            0.002112,
            0.0
          ],
          [
            -0.003939,
            -0.005107,
            0.0
          ],
          [
            -0.00569,
            -0.003496,
            0.0
          ],
          [
            -0.002599,
            0.003729,
            0.0
          ],
          [
            -0.000784,
            0.003066,
            0.0
          ],
          [
            0.010871,
            0.001778,
            0.0
          ],
          [
            0.008315,
            -0.005142,
            0.0
          ],
          [
            0.001433,
            0.012821,
            0.0
          ],
          [
            0.000331,
            0.009023,
            0.0
          ],
          [
            0.005601,
            0.01761,
            0.0
          ],
          [
            -0.011493,
            0.019103,
            0.0
          ],
          [
            -0.005171,
            -0.021424,
            0.0
          ],
          [
            0.00962,
            0.000972,
            0.0
          ],
          [
            0.01949,
            -0.007342,
            0.0
          ],
          [
            0.011366,
            -0.006383,
            0.0
          ],
          [
            -0.002547,
            0.031528,
            0.0
          ],
          [
            0.012652,
            -0.015637,
            0.0
          ],
          [
            -0.001534,
            -0.014512,
            0.0
          ],
          [
            0.011093,
            -0.014345,
            0.0
          ],
          [
            0.003581,
            0.001482,
            0.0
          ],
          [
            -0.015103,
            0.019133,
            0.0
          ],
          [
            -0.003521,
            0.011047,
            0.0
          ],
          [
            0.01077,
            0.009544,
            0.0
          ],
          [
            0.00031,
            -0.016864,
            0.0
          ],
          [
            -0.011307,
            -0.0091,
            0.0
          ],
          [
            -0.003608,
            -0.007613,
            0.0
          ],
          [
            -0.017288,
            0.00023,
            0.0
          ],
          [
            -0.00341,
            0.002253,
            0.0
          ],
          [
            -0.006465,
            -0.011267,
            0.0
          ],
          [
            0.003802,
            -0.004954,
            0.0
          ],
          [
            0.00484,
            -0.003233,
            0.0
          ],
          [
            -0.008067,
            0.008322,
            0.0
          ],
          [
            0.002575,
            0.00737,
            0.0
          ],
          [
            0.003891,
            0.006718,
            0.0
          ],
          [
            0.005009,
            -0.003861,
            0.0
          ],
          [
            0.002134,
            -0.005971,
            0.0
          ],
          [
            -0.012172,
            0.007303,
            0.0
          ],
          [
            -0.010095,
            0.005797,
            0.0
          ],
          [
            0.009684,
            -0.009379,
            0.0
          ],
          [
            0.012987,
            -0.003274,
            0.0
          ],
          [
            0.013341,
            -0.007409,
            0.0
          ],
          [
            0.00054,
            -0.014047,
            0.0
          ],
          [
            -0.005332,
            0.007443,
            0.0
          ],
          [
            -0.010658,
            0.025819,
            0.0
          ],
          [
            -0.024233,
            0.007788,
            0.0
          ],
          [
            0.004494,
            -0.012147,
            0.0
          ],
          [
            0.000768,
            -0.015717,
            0.0
          ],
          [
            0.004324,
            -0.005383,
            0.0
          ],
          [
            -0.001246,
            0.013957,
            0.0
          ],
          [
            -0.000885,
            0.009847,
            0.0
          ],
          [
            0.020691,
            0.009104,
            0.0
          ],
          [
            0.000674,
            -0.019633,
            0.0
          ],
          [
            -0.00421,
            -0.018603,
            0.0
          ],
          [
            -0.007265,
            -0.00301,
            0.0
          ],
          [
            -0.010495,
            0.00258,
            0.0
          ],
          [
            -0.011959,
            0.004157,
            0.0
          ],
          [
            0.007946,
            0.000119,
            0.0
          ],
          [
            0.012169,
            0.004344,
            0.0
          ],
          [
            7.9e-05,
            -0.00622,
            0.0
          ],
          [
            0.001183,
            -0.004161,
            0.0
          ],
          [
            -0.005228,
            -0.001816,
            0.0
          ],
          [
            -0.007802,
            0.008466,
            0.0
          ],
          [
            0.007384,
            0.01798,
            0.0
          ]
        ],
        "Lattice": [
          [
            14.79,
            0.0,
            0.0
          ],
          [
            -7.395,
            12.808514835,
            0.0
          ],
          [
            0.0,
            0.0,
            14.909274194
          ]
        ],
        "NumAtoms": 69,
        "Positions": [
          [
            7.34145,
            12.78771,
            0.74546
          ],
          [
            13.48679,
            2.08173,
            0.74546
          ],
          [
            -2.38663,
            4.26878,
            0.74546
          ],
          [
            -3.63372,
            6.41773,
            0.74546
          ],
          [
            -4.92738,
            8.54248,
            0.74546
          ],
          [
            8.61358,
            10.66232,
            0.74546
          ],
          [
            2.41932,
            0.0025,
            0.74546
          ],
          [
            1.13817,
            2.0569,
            0.74546
          ],
          [
            0.13939,
            4.15103,
            0.74546
          ],
          [
            -1.03885,
            6.4362,
            0.74546
          ],
          [
            -2.3726,
            8.5523,
            0.74546
          ],
          [
            -3.71178,
            10.68121,
            0.74546
          ],
          [
            4.84479,
            0.07308,
            0.74546
          ],
          [
            3.53851,
            2.26124,
            0.74546
          ],
          [
            1.63373,
            4.29821,
            0.74546
          ],
          [
            1.66073,
            6.80719,
            0.74546
          ],
          [
            0.18733,
            8.68234,
            0.74546
          ],
          [
            -1.25513,
            10.73809,
            0.74546
          ],
          [
            7.30097,
            0.05976,
            0.74546
          ],
          [
            6.05954,
            2.21967,
            0.74546
          ],
          [
            4.85049,
            4.37522,
            0.74546
          ],
          [
            2.4447,
            8.00635,
            0.74546
          ],
          [
            2.38029,
            12.69933,
            0.74546
          ],
          [
            8.59206,
            2.12234,
            0.74546
          ],
          [
            7.3851,
            4.27477,
            0.74546
          ],
          [
            6.06192,
            6.38524,
            0.74546
          ],
          [
            3.89053,
            7.9195,
            0.74546
          ],
          [
            3.87186,
            10.36986,
            0.74546
          ],
          [
            4.86003,
            12.7549,
            0.74546
          ],
          [
            11.03347,
            2.09945,
            0.74546
          ],
          [
            9.88106,
            4.28355,
            0.74546
          ],
          [
            8.59664,
            6.42058,
            0.74546
          ],
          [
            7.2865,
            8.55766,
            0.74546
          ],
          [
            6.17548,
            10.7186,
            0.74546
          ],
          [
            1.17474,
            0.67281,
            0.74546
          ],
          [
            -0.08337,
            2.75406,
            0.74546
          ],
          [
            -1.06095,
            4.97399,
            0.74546
          ],
          [
            -2.34492,
            7.1211,
            0.74546
          ],
          [
            -3.66825,
            9.24837,
            0.74546
          ],
          [
            -4.94699,
            11.38055,
            0.74546
          ],
          [
            3.59696,
            0.79857,
            0.74546
          ],
          [
            2.24177,
            2.92723,
            0.74546
          ],
          [
            2.3632,
            5.51804,
            0.74546
          ],
          [
            0.21719,
            7.2211,
            0.74546
          ],
          [
            -1.13173,
            9.30136,
            0.74546
          ],
          [
            -2.51561,
            11.44408,
            0.74546
          ],
          [
            6.0641,
            0.79634,
            0.74546
          ],
          [
            4.7993,
            2.96271,
            0.74546
          ],
          [
            3.84434,
            5.47334,
            0.74546
          ],
          [
            1.64368,
            9.2498,
            0.74546
          ],
          [
            -0.12995,
            11.50415,
            0.74546
          ],
          [
            8.58936,
            0.68274,
            0.74546
          ],
          [
            7.34463,
            2.85731,
            0.74546
          ],
          [
            6.14965,
            4.97466,
            0.74546
          ],
          [
            4.59036,
            6.67683,
            0.74546
          ],
          [
            4.59965,
            9.10707,
            0.74546
          ],
          [
            2.45205,
            10.53886,
            0.74546
          ],
          [
            10.99158,
            0.62588,
            0.74546
          ],
          [
            9.82917,
            2.84301,
            0.74546
          ],
          [
            8.62879,
            4.99599,
            0.74546
          ],
          [
            7.29197,
            7.12115,
            0.74546
          ],
          [
            6.06257,
            9.32048,
            0.74546
          ],
          [
            4.91347,
            11.36935,
            0.74546
          ],
          [
            13.48811,
            0.66218,
            0.74546
          ],
          [
            12.28611,
            2.82803,
            0.74546
          ],
          [
            11.14818,
            4.9877,
            0.74546
          ],
          [
            9.87428,
            7.11527,
            0.74546
          ],
          [
            8.58449,
            9.24292,
            0.74546
          ],
          [
            7.38965,
            11.38557,
            0.74546
          ]
        ],
        "Stress": [
          [
            -38.77396,
            5.551,
            0.0
          ],
          [
            5.551,
            -15.54006,
            0.0
          ],
          [
            0.0,
            0.0,
            -1.03491
          ]
        ],
        "computation_code": "VASP",
        "pseudopotential_information": [
          [
            "PAW_PBE",
            "C",
            "08Apr2002"
          ]
        ]
      }
    ],
    "EnergyStyle": "electronvolt",
    "ForcesStyle": "electronvoltperangstrom",
    "LatticeStyle": "angstrom",
    "PositionsStyle": "angstrom",
    "StressStyle": "kB"
  }
}