{
  "Dataset": {
    "AtomTypeStyle": "chemicalsymbol",
    "Data": [
      {
        "AtomTypes": [
          "C",
          "C",
          "C",
          "C",
          "C",
          "C",
          "C",
          "C",
          "C",
          "C",
          "C",
          "C",
          "C",
          "C",
          "C",
          "C",
          "C",
          "C",
          "C",
          "C",
          "C",
          "C",
          "C",
          "C",
          "C",
          "C",
          "C",
          "C",
          "C",
          "C",
          "C",
          "C",
          "C",
          "C",
          "C",
          "C",
          "C",
          "C",
          "C",
          "C",
          "C",
          "C",
          "C",
          "C",
          "C",
          "C",
          "C",
          "C",
          "C",
          "C",
          "C",
          "C",
          "C",
          "C",
          "C",
          "C",
          "C",
          "C",
          "C",
          "C",
          "C",
          "C",
          "C",
          "C",
          "C",
          "C",
          "C",
          "C",
          "C",
          "C"
        ],
        "Energy": -605.07023607,
        "Forces": [
          [
            -0.188671,
            -0.177894,
            0.0
          ],
          [
            -0.65022,
            -0.430606,
            0.0
          ],
          [
            0.419956,
            0.055957,
            0.0
          ],
          [
            0.041813,
            -0.011772,
            0.0
          ],
          [
            0.018733,
            0.013045,
            0.0
          ],
          [
            -0.004176,
            -0.012083,
            0.0
          ],
          [
            -0.065125,
            -0.103515,
            0.0
          ],
          [
            -1.2434,
            -2.176288,
            0.0
          ],
          [
            1.010402,
            -3.694615,
            0.0
          ],
          [
            0.211292,
            -0.199136,
            0.0
          ],
          [
            0.045433,
            -0.025189,
            0.0
          ],
          [
            -0.020807,
            -0.000999,
            0.0
          ],
          [
            -0.016873,
            -0.015452,
            0.0
          ],
          [
            -0.600357,
            0.27956,
            0.0
          ],
          [
            -3.067149,
            2.69942,
            0.0
          ],
          [
            3.388594,
            1.945983,
            0.0
          ],
          [
            0.119417,
            -0.54475,
            0.0
          ],
          [
            0.017184,
            -0.067688,
            0.0
          ],
          [
            -0.012256,
            -0.014871,
            0.0
          ],
          [
            0.165399,
            -0.024704,
            0.0
          ],
          [
            -1.023709,
            0.619589,
            0.0
          ],
          [
            -0.015363,
            0.919444,
            0.0
          ],
          [
            -0.02102,
            -0.068795,
            0.0
          ],
          [
            0.014691,
            0.008727,
            0.0
          ],
          [
            0.058611,
            -0.027794,
            0.0
          ],
          [
            -0.029689,
            -0.027074,
            0.0
          ],
          [
            0.77956,
            0.066024,
            0.0
          ],
          [
            0.175852,
            0.467159,
            0.0
          ],
          [
            -0.071013,
            0.060059,
            0.0
          ],
          [
            -0.022938,
            0.012428,
            0.0
          ],
          [
            0.007947,
            0.005303,
            0.0
          ],
          [
            0.072676,
            -0.005734,
            0.0
          ],
          [
            0.089538,
            -0.080248,
            0.0
          ],
          [
            -0.098737,
            0.130579,
            0.0
          ],
          [
            0.008812,
            -0.01833,
            0.0
          ],
          [
            -0.158531,
            -0.758984,
            0.0
          ],
          [
            -1.358114,
            -2.319608,
            0.0
          ],
          [
            0.873817,
            -0.430123,
            0.0
          ],
          [
            -0.099388,
            0.097142,
            0.0
          ],
          [
            -0.055114,
            0.029872,
            0.0
          ],
          [
            0.019993,
            0.053802,
            0.0
          ],
          [
            -0.100189,
            0.321167,
            0.0
          ],
          [
            -2.774727,
            -1.450195,
            0.0
          ],
          [
            4.976072,
            -0.231847,
            0.0
          ],
          [
            0.823489,
            -0.482589,
            0.0
          ],
          [
            0.028411,
            -0.059259,
            0.0
          ],
          [
            -0.026189,
            0.066622,
            0.0
          ],
          [
            -0.008499,
            0.02713,
            0.0
          ],
          [
            -0.176885,
            0.257266,
            0.0
          ],
          [
            -1.032569,
            5.526349,
            0.0
          ],
          [
            -0.17225,
            0.502283,
            0.0
          ],
          [
            -0.062349,
            0.035314,
            0.0
          ],
          [
            0.009617,
            0.023367,
            0.0
          ],
          [
            -0.065869,
            0.022047,
            0.0
          ],
          [
            -0.605003,
            -0.151301,
            0.0
          ],
          [
            0.655576,
            0.227738,
            0.0
          ],
          [
            -0.255523,
            -0.297036,
            0.0
          ],
          [
            0.101562,
            0.003487,
            0.0
          ],
          [
            -0.013676,
            -0.008502,
            0.0
          ],
          [
            -0.000171,
            -0.024217,
            0.0
          ],
          [
            -0.061341,
            -0.005434,
            0.0
          ],
          [
            -0.04664,
            -0.104779,
            0.0
          ],
          [
            0.198755,
            0.01645,
            0.0
          ],
          [
            0.002132,
            -0.04053,
            0.0
          ],
          [
            -0.062184,
            -0.243288,
            0.0
          ],
          [
            -0.006971,
            -0.224689,
            0.0
          ],
          [
            -0.034976,
            -0.012635,
            0.0
          ],
          [
            0.002622,
            -0.021338,
            0.0
          ],
          [
            -0.015719,
            0.060667,
            0.0
          ],
          [
            0.006422,
            0.039909,
            0.0
          ]
        ],
        "Lattice": [
          [
            14.88,
            0.0,
            0.0
          ],
          [
            -7.44,
            12.886457116,
            0.0
          ],
          [
            0.0,
            0.0,
            15.0
          ]
        ],
        "NumAtoms": 70,
        "Positions": [
          [
            0.04693,
            0.08523,
            0.75
          ],
          [
            -1.18032,
            2.23255,
            0.75
          ],
          [
            -2.46519,
            4.3297,
            0.75
          ],
          [
            11.08936,
            6.46864,
            0.75
          ],
          [
            9.81871,
            8.61283,
            0.75
          ],
          [
            -6.21579,
            10.76804,
            0.75
          ],
          [
            2.50212,
            0.04314,
            0.75
          ],
          [
            1.31005,
            2.23538,
            0.75
          ],
          [
            0.08834,
            4.37216,
            0.75
          ],
          [
            -1.28228,
            6.48264,
            0.75
          ],
          [
            -2.5413,
            8.60889,
            0.75
          ],
          [
            -3.73294,
            10.75567,
            0.75
          ],
          [
            -2.45012,
            12.88636,
            0.75
          ],
          [
            3.75849,
            2.19348,
            0.75
          ],
          [
            1.83286,
            4.23423,
            0.75
          ],
          [
            1.33401,
            6.70418,
            0.75
          ],
          [
            -0.05273,
            8.59705,
            0.75
          ],
          [
            -1.22078,
            10.72929,
            0.75
          ],
          [
            0.06884,
            12.80593,
            0.75
          ],
          [
            6.25328,
            2.10448,
            0.75
          ],
          [
            5.00712,
            4.25325,
            0.75
          ],
          [
            2.21692,
            7.90241,
            0.75
          ],
          [
            1.34839,
            10.57052,
            0.75
          ],
          [
            2.56081,
            12.78738,
            0.75
          ],
          [
            8.73075,
            2.09203,
            0.75
          ],
          [
            7.46856,
            4.2601,
            0.75
          ],
          [
            6.01726,
            6.38249,
            0.75
          ],
          [
            3.73502,
            7.89638,
            0.75
          ],
          [
            3.90705,
            10.62017,
            0.75
          ],
          [
            12.45263,
            0.05755,
            0.75
          ],
          [
            11.1878,
            2.15733,
            0.75
          ],
          [
            9.91977,
            4.30617,
            0.75
          ],
          [
            8.559,
            6.4625,
            0.75
          ],
          [
            7.24206,
            8.62344,
            0.75
          ],
          [
            6.23603,
            10.82556,
            0.75
          ],
          [
            1.28909,
            0.81051,
            0.75
          ],
          [
            0.04525,
            2.98029,
            0.75
          ],
          [
            -1.21071,
            5.06192,
            0.75
          ],
          [
            -2.54005,
            7.18211,
            0.75
          ],
          [
            -3.79085,
            9.32132,
            0.75
          ],
          [
            -4.96227,
            11.48271,
            0.75
          ],
          [
            3.74554,
            0.74691,
            0.75
          ],
          [
            2.52066,
            2.9813,
            0.75
          ],
          [
            2.14319,
            5.50848,
            0.75
          ],
          [
            -0.0608,
            7.17947,
            0.75
          ],
          [
            -1.2829,
            9.31212,
            0.75
          ],
          [
            -2.46742,
            11.45787,
            0.75
          ],
          [
            6.25991,
            0.66598,
            0.75
          ],
          [
            5.01688,
            2.84388,
            0.75
          ],
          [
            3.90282,
            5.24348,
            0.75
          ],
          [
            1.28323,
            9.11131,
            0.75
          ],
          [
            0.08083,
            11.35769,
            0.75
          ],
          [
            8.75269,
            0.63696,
            0.75
          ],
          [
            7.48964,
            2.81714,
            0.75
          ],
          [
            6.2374,
            4.96863,
            0.75
          ],
          [
            4.49368,
            6.57711,
            0.75
          ],
          [
            4.48351,
            9.19752,
            0.75
          ],
          [
            2.6078,
            11.2978,
            0.75
          ],
          [
            11.19637,
            0.71588,
            0.75
          ],
          [
            9.94474,
            2.85909,
            0.75
          ],
          [
            8.66552,
            5.02177,
            0.75
          ],
          [
            7.24156,
            7.16344,
            0.75
          ],
          [
            6.00951,
            9.40794,
            0.75
          ],
          [
            5.02073,
            11.52799,
            0.75
          ],
          [
            13.69308,
            0.79787,
            0.75
          ],
          [
            12.43127,
            2.90347,
            0.75
          ],
          [
            11.14836,
            5.0347,
            0.75
          ],
          [
            9.81903,
            7.176,
            0.75
          ],
          [
            8.55679,
            9.32539,
            0.75
          ],
          [
            7.46761,
            11.52729,
            0.75
          ]
        ],
        "Stress": [
          [
            -32.24424,
            18.31813,
            0.0
          ],
          [
            18.31813,
            -13.55699,
            0.0
          ],
          [
            0.0,
            0.0,
            -1.09447
          ]
        ],
        "computation_code": "VASP",
        "pseudopotential_information": [
          [
            "PAW_PBE",
            "C",
            "08Apr2002"
          ]
        ]
      }
    ],
    "EnergyStyle": "electronvolt",
    "ForcesStyle": "electronvoltperangstrom",
    "LatticeStyle": "angstrom",
    "PositionsStyle": "angstrom",
    "StressStyle": "kB"
  }
}