{
  "Dataset": {
    "AtomTypeStyle": "chemicalsymbol",
    "Data": [
      {
        "AtomTypes": [
          "C",
          "C",
          "C",
          "C",
          "C",
          "C",
          "C",
          "C",
          "C",
          "C",
          "C",
          "C",
          "C",
          "C",
          "C",
          "C",
          "C",
          "C",
          "C",
          "C",
          "C",
          "C",
          "C",
          "C",
          "C",
          "C",
          "C",
          "C",
          "C",
          "C",
          "C",
          "C",
          "C",
          "C",
          "C",
          "C",
          "C",
          "C",
          "C",
          "C",
          "C",
          "C",
          "C",
          "C",
          "C",
          "C",
          "C",
          "C",
          "C",
          "C",
          "C",
          "C",
          "C",
          "C",
          "C",
          "C",
          "C",
          "C",
          "C",
          "C",
          "C",
          "C",
          "C",
          "C",
          "C",
          "C",
          "C",
          "C",
          "C"
        ],
        "Energy": -594.74845038,
        "Forces": [
          [
            0.004913,
            0.011288,
            0.0
          ],
          [
            0.002848,
            0.002998,
            0.0
          ],
          [
            -0.006205,
            5.4e-05,
            0.0
          ],
          [
            -0.003342,
            -0.006519,
            0.0
          ],
          [
            -0.000768,
            0.00025,
            0.0
          ],
          [
            -0.006605,
            0.004437,
            0.0
          ],
          [
            -0.001344,
            0.006784,
            0.0
          ],
          [
            -0.005493,
            0.007189,
            0.0
          ],
          [
            -0.010169,
            0.003003,
            0.0
          ],
          [
            -0.003585,
            -0.002016,
            0.0
          ],
          [
            -0.006548,
            -0.006942,
            0.0
          ],
          [
            -0.000359,
            0.004842,
            0.0
          ],
          [
            0.003187,
            -0.005088,
            0.0
          ],
          [
            0.005101,
            0.005587,
            0.0
          ],
          [
            0.002432,
            0.004657,
            0.0
          ],
          [
            -0.006994,
            -0.008451,
            0.0
          ],
          [
            -4.4e-05,
            0.001385,
            0.0
          ],
          [
            -1.5e-05,
            0.008263,
            0.0
          ],
          [
            -0.010755,
            -0.004225,
            0.0
          ],
          [
            -0.005811,
            -0.00028,
            0.0
          ],
          [
            -0.00854,
            0.004713,
            0.0
          ],
          [
            0.003264,
            -0.008437,
            0.0
          ],
          [
            0.003208,
            0.002195,
            0.0
          ],
          [
            0.00792,
            -0.005383,
            0.0
          ],
          [
            -0.00839,
            -0.000226,
            0.0
          ],
          [
            -0.004202,
            -0.00614,
            0.0
          ],
          [
            -0.006822,
            -0.009002,
            0.0
          ],
          [
            0.004615,
            0.001683,
            0.0
          ],
          [
            0.01058,
            -0.002868,
            0.0
          ],
          [
            0.004979,
            0.007792,
            0.0
          ],
          [
            -0.002627,
            0.003309,
            0.0
          ],
          [
            -0.000792,
            -0.000128,
            0.0
          ],
          [
            -0.002112,
            0.00622,
            0.0
          ],
          [
            0.001191,
            -0.002106,
            0.0
          ],
          [
            -0.006259,
            0.001717,
            0.0
          ],
          [
            -0.00697,
            -0.004816,
            0.0
          ],
          [
            -0.001697,
            -0.005697,
            0.0
          ],
          [
            -0.014142,
            0.006864,
            0.0
          ],
          [
            0.00631,
            0.003777,
            0.0
          ],
          [
            0.006901,
            -0.002017,
            0.0
          ],
          [
            0.009463,
            0.006167,
            0.0
          ],
          [
            0.000663,
            0.001236,
            0.0
          ],
          [
            0.000555,
            0.006988,
            0.0
          ],
          [
            -0.001105,
            0.002608,
            0.0
          ],
          [
            -0.00135,
            -0.003643,
            0.0
          ],
          [
            0.000825,
            -0.002132,
            0.0
          ],
          [
            0.006238,
            0.009719,
            0.0
          ],
          [
            -0.006597,
            0.004733,
            0.0
          ],
          [
            0.004218,
            0.002734,
            0.0
          ],
          [
            0.002669,
            -0.012755,
            0.0
          ],
          [
            -0.001172,
            0.002423,
            0.0
          ],
          [
            0.006518,
            0.00554,
            0.0
          ],
          [
            -0.000809,
            0.001703,
            0.0
          ],
          [
            -0.001055,
            -7.7e-05,
            0.0
          ],
          [
            -0.003599,
            -0.009625,
            0.0
          ],
          [
            0.003289,
            -0.00118,
            0.0
          ],
          [
            -0.001495,
            -0.00834,
            0.0
          ],
          [
            0.002236,
            0.004048,
            0.0
          ],
          [
            0.006443,
            0.004815,
            0.0
          ],
          [
            0.005232,
            -0.000235,
            0.0
          ],
          [
            0.001854,
            -0.007282,
            0.0
          ],
          [
            0.003804,
            -0.001187,
            0.0
          ],
          [
            0.005738,
            0.001784,
            0.0
          ],
          [
            0.012645,
            -0.007896,
            0.0
          ],
          [
            -0.000899,
            -0.001032,
            0.0
          ],
          [
            -0.001566,
            -0.004078,
            0.0
          ],
          [
            -0.000194,
            -0.004366,
            0.0
          ],
          [
            0.003944,
            -0.003403,
            0.0
          ],
          [
            0.006649,
            -0.005936,
            0.0
          ]
        ],
        "Lattice": [
          [
            14.88,
            0.0,
            0.0
          ],
          [
            -7.44,
            12.886457116,
            0.0
          ],
          [
            0.0,
            0.0,
            15.0
          ]
        ],
        "NumAtoms": 69,
        "Positions": [
          [
            7.38554,
            12.86533,
            0.75
          ],
          [
            13.56861,
            2.09302,
            0.75
          ],
          [
            -2.40012,
            4.29401,
            0.75
          ],
          [
            -3.65579,
            6.45688,
            0.75
          ],
          [
            -4.9579,
            8.59514,
            0.75
          ],
          [
            8.66514,
            10.72792,
            0.75
          ],
          [
            2.43319,
            0.00153,
            0.75
          ],
          [
            1.14454,
            2.06737,
            0.75
          ],
          [
            0.14086,
            4.17265,
            0.75
          ],
          [
            -1.04418,
            6.47553,
            0.75
          ],
          [
            -2.38625,
            8.60478,
            0.75
          ],
          [
            -3.73537,
            10.74605,
            0.75
          ],
          [
            4.87332,
            0.07384,
            0.75
          ],
          [
            3.55877,
            2.27436,
            0.75
          ],
          [
            1.64305,
            4.32135,
            0.75
          ],
          [
            1.67286,
            6.84952,
            0.75
          ],
          [
            0.19042,
            8.73514,
            0.75
          ],
          [
            -1.26552,
            10.80295,
            0.75
          ],
          [
            7.34373,
            0.06408,
            0.75
          ],
          [
            6.09586,
            2.23421,
            0.75
          ],
          [
            4.88159,
            4.40231,
            0.75
          ],
          [
            2.46167,
            8.05461,
            0.75
          ],
          [
            2.39446,
            12.7849,
            0.75
          ],
          [
            8.64356,
            2.13682,
            0.75
          ],
          [
            7.43079,
            4.30034,
            0.75
          ],
          [
            6.09945,
            6.42285,
            0.75
          ],
          [
            3.91657,
            7.96803,
            0.75
          ],
          [
            3.89899,
            10.43025,
            0.75
          ],
          [
            12.32962,
            -0.05379,
            0.75
          ],
          [
            11.10044,
            2.11316,
            0.75
          ],
          [
            9.94127,
            4.30953,
            0.75
          ],
          [
            8.64865,
            6.45964,
            0.75
          ],
          [
            7.33017,
            8.61078,
            0.75
          ],
          [
            6.21251,
            10.78515,
            0.75
          ],
          [
            1.18123,
            0.6754,
            0.75
          ],
          [
            -0.08374,
            2.76849,
            0.75
          ],
          [
            -1.066,
            5.00281,
            0.75
          ],
          [
            -2.35847,
            7.16447,
            0.75
          ],
          [
            -3.69076,
            9.30506,
            0.75
          ],
          [
            -4.97799,
            11.44976,
            0.75
          ],
          [
            3.61742,
            0.8031,
            0.75
          ],
          [
            2.25354,
            2.94288,
            0.75
          ],
          [
            2.37813,
            5.55063,
            0.75
          ],
          [
            0.2203,
            7.26646,
            0.75
          ],
          [
            -1.13777,
            9.35821,
            0.75
          ],
          [
            -2.53268,
            11.51438,
            0.75
          ],
          [
            6.09903,
            0.80273,
            0.75
          ],
          [
            4.82815,
            2.98084,
            0.75
          ],
          [
            3.86938,
            5.50695,
            0.75
          ],
          [
            1.65516,
            9.30318,
            0.75
          ],
          [
            -0.13949,
            11.58045,
            0.75
          ],
          [
            8.64029,
            0.68947,
            0.75
          ],
          [
            7.38882,
            2.87485,
            0.75
          ],
          [
            6.18773,
            5.0045,
            0.75
          ],
          [
            4.61964,
            6.71673,
            0.75
          ],
          [
            4.63084,
            9.16297,
            0.75
          ],
          [
            2.47053,
            10.59127,
            0.75
          ],
          [
            11.05953,
            0.63226,
            0.75
          ],
          [
            9.88827,
            2.86052,
            0.75
          ],
          [
            8.68131,
            5.02636,
            0.75
          ],
          [
            7.33567,
            7.16478,
            0.75
          ],
          [
            6.10011,
            9.37944,
            0.75
          ],
          [
            4.94334,
            11.43839,
            0.75
          ],
          [
            13.56987,
            0.66553,
            0.75
          ],
          [
            12.36131,
            2.84479,
            0.75
          ],
          [
            11.2165,
            5.01789,
            0.75
          ],
          [
            9.93396,
            7.15888,
            0.75
          ],
          [
            8.6359,
            9.3002,
            0.75
          ],
          [
            7.43409,
            11.4559,
            0.75
          ]
        ],
        "Stress": [
          [
            -38.96202,
            5.34862,
            0.0
          ],
          [
            5.34862,
            -15.55897,
            0.0
          ],
          [
            0.0,
            0.0,
            -1.08129
          ]
        ],
        "computation_code": "VASP",
        "pseudopotential_information": [
          [
            "PAW_PBE",
            "C",
            "08Apr2002"
          ]
        ]
      }
    ],
    "EnergyStyle": "electronvolt",
    "ForcesStyle": "electronvoltperangstrom",
    "LatticeStyle": "angstrom",
    "PositionsStyle": "angstrom",
    "StressStyle": "kB"
  }
}