{
  "Dataset": {
    "AtomTypeStyle": "chemicalsymbol",
    "Data": [
      {
        "AtomTypes": [
          "C",
          "C",
          "C",
          "C",
          "C",
          "C",
          "C",
          "C",
          "C",
          "C",
          "C",
          "C",
          "C",
          "C",
          "C",
          "C",
          "C",
          "C",
          "C",
          "C",
          "C",
          "C",
          "C",
          "C",
          "C",
          "C",
          "C",
          "C",
          "C",
          "C",
          "C",
          "C",
          "C",
          "C",
          "C",
          "C",
          "C",
          "C",
          "C",
          "C",
          "C",
          "C",
          "C",
          "C",
          "C",
          "C",
          "C",
          "C",
          "C",
          "C",
          "C",
          "C",
          "C",
          "C",
          "C",
          "C",
          "C",
          "C",
          "C",
          "C",
          "C",
          "C",
          "C",
          "C",
          "C",
          "C",
          "C",
          "C",
          "C",
          "C"
        ],
        "Energy": -609.84380244,
        "Forces": [
          [
            -0.347903,
            0.124528,
            0.0
          ],
          [
            -0.08604,
            -0.021588,
            0.0
          ],
          [
            -0.046932,
            -0.092044,
            0.0
          ],
          [
            0.097948,
            -0.352553,
            0.0
          ],
          [
            0.285889,
            -0.414411,
            0.0
          ],
          [
            -0.117105,
            0.022739,
            0.0
          ],
          [
            -0.03524,
            0.04467,
            0.0
          ],
          [
            0.211736,
            -0.094336,
            0.0
          ],
          [
            0.41364,
            0.389048,
            0.0
          ],
          [
            0.029803,
            -0.089838,
            0.0
          ],
          [
            0.358966,
            -0.081082,
            0.0
          ],
          [
            0.02158,
            -0.214303,
            0.0
          ],
          [
            -0.22672,
            0.12157,
            0.0
          ],
          [
            0.035159,
            -0.083962,
            0.0
          ],
          [
            -0.074378,
            -0.087722,
            0.0
          ],
          [
            0.139905,
            0.100438,
            0.0
          ],
          [
            0.141657,
            0.169249,
            0.0
          ],
          [
            0.150783,
            -0.058585,
            0.0
          ],
          [
            -0.266754,
            0.130211,
            0.0
          ],
          [
            -0.06397,
            0.22251,
            0.0
          ],
          [
            -0.353467,
            0.198478,
            0.0
          ],
          [
            0.019599,
            -0.167737,
            0.0
          ],
          [
            -0.06485,
            0.08325,
            0.0
          ],
          [
            -0.253561,
            0.146694,
            0.0
          ],
          [
            -0.121693,
            0.324658,
            0.0
          ],
          [
            0.067167,
            0.046262,
            0.0
          ],
          [
            -0.207523,
            0.108004,
            0.0
          ],
          [
            0.071907,
            -0.30446,
            0.0
          ],
          [
            0.0379,
            -0.113306,
            0.0
          ],
          [
            -0.163668,
            0.423687,
            0.0
          ],
          [
            -0.095973,
            0.143491,
            0.0
          ],
          [
            0.049841,
            -0.17999,
            0.0
          ],
          [
            0.178018,
            0.267476,
            0.0
          ],
          [
            0.192308,
            -0.086577,
            0.0
          ],
          [
            -0.239403,
            0.341934,
            0.0
          ],
          [
            -0.087305,
            -0.338656,
            0.0
          ],
          [
            -0.2431,
            -0.174097,
            0.0
          ],
          [
            -0.131381,
            -0.236662,
            0.0
          ],
          [
            0.174033,
            0.054339,
            0.0
          ],
          [
            0.295526,
            -0.009102,
            0.0
          ],
          [
            0.035393,
            0.186413,
            0.0
          ],
          [
            -0.108237,
            -0.319263,
            0.0
          ],
          [
            -0.11161,
            0.069379,
            0.0
          ],
          [
            -0.775265,
            0.006532,
            0.0
          ],
          [
            0.15754,
            0.076092,
            0.0
          ],
          [
            0.26728,
            0.039771,
            0.0
          ],
          [
            -0.165898,
            0.068527,
            0.0
          ],
          [
            -0.341569,
            -0.136466,
            0.0
          ],
          [
            0.074371,
            0.068213,
            0.0
          ],
          [
            1.070877,
            0.022539,
            0.0
          ],
          [
            0.060269,
            0.161944,
            0.0
          ],
          [
            -0.05386,
            0.121786,
            0.0
          ],
          [
            -0.539376,
            0.16232,
            0.0
          ],
          [
            -0.183738,
            0.312513,
            0.0
          ],
          [
            -0.023405,
            -0.184807,
            0.0
          ],
          [
            -0.252901,
            0.510137,
            0.0
          ],
          [
            -0.090362,
            -0.306999,
            0.0
          ],
          [
            -0.104552,
            0.011811,
            0.0
          ],
          [
            0.208105,
            -0.114047,
            0.0
          ],
          [
            -0.172051,
            -0.162557,
            0.0
          ],
          [
            -0.171506,
            0.025784,
            0.0
          ],
          [
            0.197111,
            -0.043414,
            0.0
          ],
          [
            -0.246967,
            -0.097953,
            0.0
          ],
          [
            0.306339,
            -0.074909,
            0.0
          ],
          [
            0.255748,
            -0.496622,
            0.0
          ],
          [
            -0.303714,
            0.021055,
            0.0
          ],
          [
            0.237034,
            -0.08484,
            0.0
          ],
          [
            0.238663,
            -0.164108,
            0.0
          ],
          [
            0.251676,
            -0.233408,
            0.0
          ],
          [
            0.538207,
            0.292351,
            0.0
          ]
        ],
        "Lattice": [
          [
            14.88,
            0.0,
            0.0
          ],
          [
            -7.44,
            12.886457116,
            0.0
          ],
          [
            0.0,
            0.0,
            15.0
          ]
        ],
        "NumAtoms": 70,
        "Positions": [
          [
            0.00751,
            0.00331,
            0.75
          ],
          [
            -1.26049,
            2.13416,
            0.75
          ],
          [
            -2.41441,
            4.30426,
            0.75
          ],
          [
            11.14031,
            6.46045,
            0.75
          ],
          [
            9.82711,
            8.60815,
            0.75
          ],
          [
            -6.21215,
            10.7438,
            0.75
          ],
          [
            2.49327,
            -0.00093,
            0.75
          ],
          [
            1.19372,
            2.08077,
            0.75
          ],
          [
            0.1441,
            4.17539,
            0.75
          ],
          [
            -1.13819,
            6.4184,
            0.75
          ],
          [
            -2.51377,
            8.57237,
            0.75
          ],
          [
            -3.72084,
            10.73666,
            0.75
          ],
          [
            4.96615,
            0.02086,
            0.75
          ],
          [
            3.61679,
            2.25009,
            0.75
          ],
          [
            1.67073,
            4.31994,
            0.75
          ],
          [
            1.60699,
            6.8102,
            0.75
          ],
          [
            -0.00906,
            8.5581,
            0.75
          ],
          [
            -1.22173,
            10.71694,
            0.75
          ],
          [
            0.04979,
            12.82838,
            0.75
          ],
          [
            6.17497,
            2.15396,
            0.75
          ],
          [
            4.90195,
            4.37115,
            0.75
          ],
          [
            2.31973,
            8.04877,
            0.75
          ],
          [
            1.33506,
            10.60233,
            0.75
          ],
          [
            2.55257,
            12.78726,
            0.75
          ],
          [
            8.70409,
            2.09189,
            0.75
          ],
          [
            7.42977,
            4.27066,
            0.75
          ],
          [
            6.05888,
            6.42187,
            0.75
          ],
          [
            3.81412,
            8.04472,
            0.75
          ],
          [
            3.90166,
            10.64705,
            0.75
          ],
          [
            12.41875,
            0.02122,
            0.75
          ],
          [
            11.16211,
            2.14655,
            0.75
          ],
          [
            9.92519,
            4.30779,
            0.75
          ],
          [
            8.58195,
            6.45387,
            0.75
          ],
          [
            7.25422,
            8.62847,
            0.75
          ],
          [
            6.23197,
            10.80538,
            0.75
          ],
          [
            1.24719,
            0.6896,
            0.75
          ],
          [
            -0.03109,
            2.78901,
            0.75
          ],
          [
            -1.10045,
            4.97473,
            0.75
          ],
          [
            -2.45831,
            7.13865,
            0.75
          ],
          [
            -3.77692,
            9.29755,
            0.75
          ],
          [
            -4.95479,
            11.44741,
            0.75
          ],
          [
            3.7004,
            0.77962,
            0.75
          ],
          [
            2.30825,
            2.93822,
            0.75
          ],
          [
            2.38044,
            5.53294,
            0.75
          ],
          [
            0.10347,
            7.13695,
            0.75
          ],
          [
            -1.26059,
            9.28239,
            0.75
          ],
          [
            -2.46828,
            11.46149,
            0.75
          ],
          [
            6.22964,
            0.7066,
            0.75
          ],
          [
            4.88874,
            2.93677,
            0.75
          ],
          [
            3.84217,
            5.50928,
            0.75
          ],
          [
            1.29106,
            9.16808,
            0.75
          ],
          [
            0.06349,
            11.37597,
            0.75
          ],
          [
            8.74544,
            0.64097,
            0.75
          ],
          [
            7.44182,
            2.8261,
            0.75
          ],
          [
            6.18222,
            4.99677,
            0.75
          ],
          [
            4.56898,
            6.73745,
            0.75
          ],
          [
            4.52177,
            9.26811,
            0.75
          ],
          [
            2.60523,
            11.31254,
            0.75
          ],
          [
            11.17335,
            0.7069,
            0.75
          ],
          [
            9.92516,
            2.86089,
            0.75
          ],
          [
            8.6562,
            5.01554,
            0.75
          ],
          [
            7.27626,
            7.1751,
            0.75
          ],
          [
            6.03171,
            9.41702,
            0.75
          ],
          [
            5.00706,
            11.51651,
            0.75
          ],
          [
            13.6463,
            0.72444,
            0.75
          ],
          [
            12.40622,
            2.86963,
            0.75
          ],
          [
            11.17815,
            5.02236,
            0.75
          ],
          [
            9.848,
            7.1702,
            0.75
          ],
          [
            8.56102,
            9.31986,
            0.75
          ],
          [
            7.45026,
            11.47411,
            0.75
          ]
        ],
        "Stress": [
          [
            -37.83362,
            22.51344,
            0.0
          ],
          [
            22.51344,
            -11.81152,
            0.0
          ],
          [
            0.0,
            0.0,
            -1.09032
          ]
        ],
        "computation_code": "VASP",
        "pseudopotential_information": [
          [
            "PAW_PBE",
            "C",
            "08Apr2002"
          ]
        ]
      }
    ],
    "EnergyStyle": "electronvolt",
    "ForcesStyle": "electronvoltperangstrom",
    "LatticeStyle": "angstrom",
    "PositionsStyle": "angstrom",
    "StressStyle": "kB"
  }
}