{
  "Dataset": {
    "AtomTypeStyle": "chemicalsymbol",
    "Data": [
      {
        "AtomTypes": [
          "C",
          "C",
          "C",
          "C",
          "C",
          "C",
          "C",
          "C",
          "C",
          "C",
          "C",
          "C",
          "C",
          "C",
          "C",
          "C",
          "C",
          "C",
          "C",
          "C",
          "C",
          "C",
          "C",
          "C",
          "C",
          "C",
          "C",
          "C",
          "C",
          "C",
          "C",
          "C",
          "C",
          "C",
          "C",
          "C",
          "C",
          "C",
          "C",
          "C",
          "C",
          "C",
          "C",
          "C",
          "C",
          "C",
          "C",
          "C",
          "C",
          "C",
          "C",
          "C",
          "C",
          "C",
          "C",
          "C",
          "C",
          "C",
          "C",
          "C",
          "C",
          "C",
          "C",
          "C",
          "C",
          "C",
          "C",
          "C",
          "C"
        ],
        "Energy": -594.74635831,
        "Forces": [
          [
            -0.024541,
            -0.030553,
            0.0
          ],
          [
            -0.017814,
            0.003584,
            0.0
          ],
          [
            -0.006133,
            0.000235,
            0.0
          ],
          [
            0.024808,
            -0.014532,
            0.0
          ],
          [
            0.019596,
            -0.021639,
            0.0
          ],
          [
            0.025042,
            -0.047203,
            0.0
          ],
          [
            -0.012977,
            0.019213,
            0.0
          ],
          [
            0.008377,
            0.058226,
            0.0
          ],
          [
            -0.017788,
            0.015549,
            0.0
          ],
          [
            0.042506,
            -0.011756,
            0.0
          ],
          [
            0.009384,
            0.044559,
            0.0
          ],
          [
            0.073617,
            -0.022299,
            0.0
          ],
          [
            -0.027784,
            0.031178,
            0.0
          ],
          [
            0.006874,
            0.034069,
            0.0
          ],
          [
            -0.026722,
            0.004519,
            0.0
          ],
          [
            -0.016149,
            -0.021188,
            0.0
          ],
          [
            -0.051805,
            -0.022143,
            0.0
          ],
          [
            -0.03627,
            -0.016662,
            0.0
          ],
          [
            0.026744,
            0.010629,
            0.0
          ],
          [
            0.018729,
            -0.005755,
            0.0
          ],
          [
            0.03521,
            -0.041497,
            0.0
          ],
          [
            8.5e-05,
            0.032792,
            0.0
          ],
          [
            -0.019238,
            0.051586,
            0.0
          ],
          [
            0.021942,
            -0.008515,
            0.0
          ],
          [
            0.010803,
            0.0286,
            0.0
          ],
          [
            0.004461,
            0.017237,
            0.0
          ],
          [
            0.001256,
            0.007534,
            0.0
          ],
          [
            0.028808,
            0.030413,
            0.0
          ],
          [
            0.00315,
            -0.017158,
            0.0
          ],
          [
            0.00018,
            -0.008255,
            0.0
          ],
          [
            -0.015827,
            -0.040695,
            0.0
          ],
          [
            -0.005209,
            -0.006541,
            0.0
          ],
          [
            0.023089,
            -0.025621,
            0.0
          ],
          [
            -0.020384,
            -0.055051,
            0.0
          ],
          [
            -0.015788,
            -0.016797,
            0.0
          ],
          [
            0.026173,
            0.026684,
            0.0
          ],
          [
            0.015296,
            -0.013381,
            0.0
          ],
          [
            0.002401,
            0.014115,
            0.0
          ],
          [
            -0.00785,
            0.017379,
            0.0
          ],
          [
            0.009121,
            -0.044272,
            0.0
          ],
          [
            -0.060775,
            0.008484,
            0.0
          ],
          [
            -0.050031,
            -0.028261,
            0.0
          ],
          [
            -0.018906,
            0.021388,
            0.0
          ],
          [
            0.02071,
            -0.039949,
            0.0
          ],
          [
            0.004722,
            0.004735,
            0.0
          ],
          [
            -0.003952,
            0.033019,
            0.0
          ],
          [
            0.014144,
            -0.029575,
            0.0
          ],
          [
            -0.031307,
            0.024159,
            0.0
          ],
          [
            0.044236,
            0.02451,
            0.0
          ],
          [
            -0.01636,
            -0.001582,
            0.0
          ],
          [
            0.032225,
            0.007913,
            0.0
          ],
          [
            -0.017874,
            0.00817,
            0.0
          ],
          [
            -0.051211,
            -0.022052,
            0.0
          ],
          [
            -0.002015,
            -0.01003,
            0.0
          ],
          [
            -0.003648,
            -0.01108,
            0.0
          ],
          [
            -0.008797,
            0.001755,
            0.0
          ],
          [
            -0.013548,
            -0.037794,
            0.0
          ],
          [
            -0.014181,
            -0.00224,
            0.0
          ],
          [
            -0.030597,
            -0.01762,
            0.0
          ],
          [
            0.024989,
            0.002569,
            0.0
          ],
          [
            -0.002914,
            -0.00171,
            0.0
          ],
          [
            0.017176,
            -0.005038,
            0.0
          ],
          [
            -0.049871,
            -0.019761,
            0.0
          ],
          [
            0.040262,
            -0.013296,
            0.0
          ],
          [
            0.00024,
            0.034816,
            0.0
          ],
          [
            0.016345,
            0.005098,
            0.0
          ],
          [
            0.002919,
            0.027221,
            0.0
          ],
          [
            0.016082,
            0.043864,
            0.0
          ],
          [
            0.026564,
            0.035703,
            0.0
          ]
        ],
        "Lattice": [
          [
            14.88,
            0.0,
            0.0
          ],
          [
            -7.44,
            12.886457116,
            0.0
          ],
          [
            0.0,
            0.0,
            15.0
          ]
        ],
        "NumAtoms": 69,
        "Positions": [
          [
            7.38822,
            12.86776,
            0.75
          ],
          [
            13.57021,
            2.09343,
            0.75
          ],
          [
            -2.4012,
            4.29282,
            0.75
          ],
          [
            -3.65922,
            6.45567,
            0.75
          ],
          [
            -4.9609,
            8.59455,
            0.75
          ],
          [
            8.66412,
            10.7293,
            0.75
          ],
          [
            2.4355,
            0.00228,
            0.75
          ],
          [
            1.14665,
            2.06823,
            0.75
          ],
          [
            0.14146,
            4.17297,
            0.75
          ],
          [
            -1.04682,
            6.47694,
            0.75
          ],
          [
            -2.38888,
            8.60293,
            0.75
          ],
          [
            -3.7388,
            10.74564,
            0.75
          ],
          [
            4.8754,
            0.07133,
            0.75
          ],
          [
            3.56123,
            2.27303,
            0.75
          ],
          [
            1.64454,
            4.32249,
            0.75
          ],
          [
            1.67201,
            6.85315,
            0.75
          ],
          [
            0.1917,
            8.73955,
            0.75
          ],
          [
            -1.26807,
            10.80127,
            0.75
          ],
          [
            7.34344,
            0.06229,
            0.75
          ],
          [
            6.09666,
            2.23369,
            0.75
          ],
          [
            4.8792,
            4.40307,
            0.75
          ],
          [
            2.46169,
            8.05867,
            0.75
          ],
          [
            2.39643,
            12.77031,
            0.75
          ],
          [
            8.64581,
            2.13206,
            0.75
          ],
          [
            7.42961,
            4.29769,
            0.75
          ],
          [
            6.09807,
            6.42175,
            0.75
          ],
          [
            3.91668,
            7.9698,
            0.75
          ],
          [
            3.90181,
            10.43382,
            0.75
          ],
          [
            12.33249,
            -0.0527,
            0.75
          ],
          [
            11.10073,
            2.10983,
            0.75
          ],
          [
            9.94015,
            4.30863,
            0.75
          ],
          [
            8.64618,
            6.45854,
            0.75
          ],
          [
            7.32796,
            8.61144,
            0.75
          ],
          [
            6.21486,
            10.78735,
            0.75
          ],
          [
            1.18413,
            0.67706,
            0.75
          ],
          [
            -0.08254,
            2.76865,
            0.75
          ],
          [
            -1.0669,
            5.00329,
            0.75
          ],
          [
            -2.3619,
            7.16327,
            0.75
          ],
          [
            -3.69332,
            9.30401,
            0.75
          ],
          [
            -4.97919,
            11.45123,
            0.75
          ],
          [
            3.62122,
            0.80195,
            0.75
          ],
          [
            2.25664,
            2.94399,
            0.75
          ],
          [
            2.37727,
            5.55295,
            0.75
          ],
          [
            0.21909,
            7.27061,
            0.75
          ],
          [
            -1.13968,
            9.35728,
            0.75
          ],
          [
            -2.53445,
            11.51186,
            0.75
          ],
          [
            6.09967,
            0.80251,
            0.75
          ],
          [
            4.82947,
            2.98053,
            0.75
          ],
          [
            3.8673,
            5.50785,
            0.75
          ],
          [
            1.65718,
            9.30999,
            0.75
          ],
          [
            -0.14392,
            11.57942,
            0.75
          ],
          [
            8.64313,
            0.68272,
            0.75
          ],
          [
            7.39124,
            2.8722,
            0.75
          ],
          [
            6.18622,
            5.00336,
            0.75
          ],
          [
            4.61863,
            6.7173,
            0.75
          ],
          [
            4.6314,
            9.16493,
            0.75
          ],
          [
            2.47551,
            10.60624,
            0.75
          ],
          [
            11.06021,
            0.62731,
            0.75
          ],
          [
            9.88958,
            2.85857,
            0.75
          ],
          [
            8.67919,
            5.02483,
            0.75
          ],
          [
            7.33374,
            7.16451,
            0.75
          ],
          [
            6.09975,
            9.38129,
            0.75
          ],
          [
            4.94802,
            11.44037,
            0.75
          ],
          [
            13.57197,
            0.66698,
            0.75
          ],
          [
            12.36153,
            2.84254,
            0.75
          ],
          [
            11.21463,
            5.0165,
            0.75
          ],
          [
            9.931,
            7.15737,
            0.75
          ],
          [
            8.63375,
            9.30008,
            0.75
          ],
          [
            7.43518,
            11.45762,
            0.75
          ]
        ],
        "Stress": [
          [
            -38.79965,
            5.29789,
            0.0
          ],
          [
            5.29789,
            -16.34953,
            0.0
          ],
          [
            0.0,
            0.0,
            -1.08059
          ]
        ],
        "computation_code": "VASP",
        "pseudopotential_information": [
          [
            "PAW_PBE",
            "C",
            "08Apr2002"
          ]
        ]
      }
    ],
    "EnergyStyle": "electronvolt",
    "ForcesStyle": "electronvoltperangstrom",
    "LatticeStyle": "angstrom",
    "PositionsStyle": "angstrom",
    "StressStyle": "kB"
  }
}