{
  "Dataset": {
    "AtomTypeStyle": "chemicalsymbol",
    "Data": [
      {
        "AtomTypes": [
          "C",
          "C",
          "C",
          "C",
          "C",
          "C",
          "C",
          "C",
          "C",
          "C",
          "C",
          "C",
          "C",
          "C",
          "C",
          "C",
          "C",
          "C",
          "C",
          "C",
          "C",
          "C",
          "C",
          "C",
          "C",
          "C",
          "C",
          "C",
          "C",
          "C",
          "C",
          "C",
          "C",
          "C",
          "C",
          "C",
          "C",
          "C",
          "C",
          "C",
          "C",
          "C",
          "C",
          "C",
          "C",
          "C",
          "C",
          "C",
          "C",
          "C",
          "C",
          "C",
          "C",
          "C",
          "C",
          "C",
          "C",
          "C",
          "C",
          "C",
          "C",
          "C",
          "C",
          "C",
          "C",
          "C",
          "C",
          "C",
          "C"
        ],
        "Energy": -534.41393053,
        "Forces": [
          [
            0.012356,
            0.000863,
            0.0
          ],
          [
            0.037228,
            0.026041,
            0.0
          ],
          [
            0.003281,
            0.007149,
            0.0
          ],
          [
            -0.002037,
            0.001155,
            0.0
          ],
          [
            0.000497,
            -0.00233,
            0.0
          ],
          [
            0.009243,
            0.017411,
            0.0
          ],
          [
            -0.003776,
            -0.000286,
            0.0
          ],
          [
            0.008209,
            -0.003023,
            0.0
          ],
          [
            0.010837,
            -0.006512,
            0.0
          ],
          [
            -0.022015,
            0.010398,
            0.0
          ],
          [
            -0.002115,
            0.006721,
            0.0
          ],
          [
            0.00849,
            0.006479,
            0.0
          ],
          [
            0.014533,
            -0.001214,
            0.0
          ],
          [
            -0.008311,
            -0.016175,
            0.0
          ],
          [
            -0.012962,
            -0.015588,
            0.0
          ],
          [
            -0.021124,
            0.028394,
            0.0
          ],
          [
            0.011898,
            -0.02609,
            0.0
          ],
          [
            0.030685,
            0.005906,
            0.0
          ],
          [
            0.015189,
            -0.027015,
            0.0
          ],
          [
            0.003244,
            -0.022644,
            0.0
          ],
          [
            0.004604,
            0.011663,
            0.0
          ],
          [
            -0.029034,
            0.027365,
            0.0
          ],
          [
            -0.016833,
            -0.031927,
            0.0
          ],
          [
            0.003715,
            -0.022385,
            0.0
          ],
          [
            -0.024078,
            0.007437,
            0.0
          ],
          [
            -0.012833,
            -0.014687,
            0.0
          ],
          [
            -0.004559,
            0.012828,
            0.0
          ],
          [
            0.008361,
            0.010354,
            0.0
          ],
          [
            0.01442,
            -0.029001,
            0.0
          ],
          [
            -0.014362,
            -0.012103,
            0.0
          ],
          [
            0.004345,
            0.000862,
            0.0
          ],
          [
            0.005022,
            0.001393,
            0.0
          ],
          [
            0.001458,
            0.008429,
            0.0
          ],
          [
            0.021825,
            0.014037,
            0.0
          ],
          [
            0.006986,
            0.044517,
            0.0
          ],
          [
            -0.00796,
            0.011826,
            0.0
          ],
          [
            -0.011561,
            -0.002794,
            0.0
          ],
          [
            -0.003565,
            -0.004958,
            0.0
          ],
          [
            -0.001439,
            -0.006688,
            0.0
          ],
          [
            0.012812,
            -0.009792,
            0.0
          ],
          [
            0.002734,
            0.004924,
            0.0
          ],
          [
            -0.017575,
            0.017834,
            0.0
          ],
          [
            -0.001671,
            0.008422,
            0.0
          ],
          [
            0.004348,
            0.023089,
            0.0
          ],
          [
            -0.01253,
            -0.001676,
            0.0
          ],
          [
            0.018482,
            -0.001375,
            0.0
          ],
          [
            0.019615,
            -0.021296,
            0.0
          ],
          [
            0.021716,
            0.019896,
            0.0
          ],
          [
            0.017054,
            0.001491,
            0.0
          ],
          [
            -0.026378,
            0.00284,
            0.0
          ],
          [
            0.01345,
            -0.017905,
            0.0
          ],
          [
            0.011543,
            -0.027187,
            0.0
          ],
          [
            0.018413,
            0.004351,
            0.0
          ],
          [
            -0.001868,
            -0.000675,
            0.0
          ],
          [
            -0.004984,
            -0.006579,
            0.0
          ],
          [
            -0.038336,
            0.004972,
            0.0
          ],
          [
            -0.004973,
            0.057182,
            0.0
          ],
          [
            0.005465,
            -0.010803,
            0.0
          ],
          [
            -0.006957,
            0.000558,
            0.0
          ],
          [
            0.000603,
            -0.008147,
            0.0
          ],
          [
            -0.001007,
            -0.013924,
            0.0
          ],
          [
            -0.015106,
            0.000891,
            0.0
          ],
          [
            -0.00182,
            0.005582,
            0.0
          ],
          [
            -0.011454,
            0.007349,
            0.0
          ],
          [
            -0.005533,
            -0.011105,
            0.0
          ],
          [
            -0.010881,
            0.002079,
            0.0
          ],
          [
            0.003991,
            -0.001264,
            0.0
          ],
          [
            0.007817,
            -0.011648,
            0.0
          ],
          [
            -0.034831,
            -0.033891,
            0.0
          ]
        ],
        "Lattice": [
          [
            14.79,
            0.0,
            0.0
          ],
          [
            -7.395,
            12.808514835,
            0.0
          ],
          [
            0.0,
            0.0,
            14.909274194
          ]
        ],
        "NumAtoms": 69,
        "Positions": [
          [
            7.34106,
            12.78762,
            0.74546
          ],
          [
            13.48595,
            2.08056,
            0.74546
          ],
          [
            -2.38623,
            4.26841,
            0.74546
          ],
          [
            -3.63358,
            6.41774,
            0.74546
          ],
          [
            -4.92764,
            8.54286,
            0.74546
          ],
          [
            8.61302,
            10.66237,
            0.74546
          ],
          [
            2.41902,
            0.00209,
            0.74546
          ],
          [
            1.13779,
            2.05561,
            0.74546
          ],
          [
            0.13933,
            4.14997,
            0.74546
          ],
          [
            -1.03772,
            6.43588,
            0.74546
          ],
          [
            -2.3722,
            8.55227,
            0.74546
          ],
          [
            -3.71259,
            10.68115,
            0.74546
          ],
          [
            4.84384,
            0.07334,
            0.74546
          ],
          [
            3.53823,
            2.26129,
            0.74546
          ],
          [
            1.634,
            4.29761,
            0.74546
          ],
          [
            1.66215,
            6.80652,
            0.74546
          ],
          [
            0.1878,
            8.68307,
            0.74546
          ],
          [
            -1.25705,
            10.73801,
            0.74546
          ],
          [
            7.29967,
            0.06222,
            0.74546
          ],
          [
            6.05894,
            2.22062,
            0.74546
          ],
          [
            4.85079,
            4.37489,
            0.74546
          ],
          [
            2.44647,
            8.00512,
            0.74546
          ],
          [
            2.38053,
            12.70366,
            0.74546
          ],
          [
            8.59154,
            2.1236,
            0.74546
          ],
          [
            7.38586,
            4.27445,
            0.74546
          ],
          [
            6.06254,
            6.38528,
            0.74546
          ],
          [
            3.89191,
            7.91935,
            0.74546
          ],
          [
            3.87293,
            10.3684,
            0.74546
          ],
          [
            4.85969,
            12.75552,
            0.74546
          ],
          [
            11.03387,
            2.1003,
            0.74546
          ],
          [
            9.88103,
            4.28358,
            0.74546
          ],
          [
            8.59636,
            6.42067,
            0.74546
          ],
          [
            7.28628,
            8.55789,
            0.74546
          ],
          [
            6.17537,
            10.7192,
            0.74546
          ],
          [
            1.17424,
            0.67129,
            0.74546
          ],
          [
            -0.08357,
            2.75262,
            0.74546
          ],
          [
            -1.06008,
            4.97349,
            0.74546
          ],
          [
            -2.3445,
            7.12124,
            0.74546
          ],
          [
            -3.66826,
            9.24861,
            0.74546
          ],
          [
            -4.94765,
            11.38059,
            0.74546
          ],
          [
            3.59639,
            0.79839,
            0.74546
          ],
          [
            2.24171,
            2.92599,
            0.74546
          ],
          [
            2.3635,
            5.51726,
            0.74546
          ],
          [
            0.2178,
            7.22091,
            0.74546
          ],
          [
            -1.13109,
            9.30147,
            0.74546
          ],
          [
            -2.51698,
            11.44422,
            0.74546
          ],
          [
            6.0627,
            0.79779,
            0.74546
          ],
          [
            4.79855,
            2.96239,
            0.74546
          ],
          [
            3.8444,
            5.4733,
            0.74546
          ],
          [
            1.64516,
            9.24847,
            0.74546
          ],
          [
            -0.13384,
            11.507,
            0.74546
          ],
          [
            8.58862,
            0.68481,
            0.74546
          ],
          [
            7.34404,
            2.85747,
            0.74546
          ],
          [
            6.15024,
            4.97442,
            0.74546
          ],
          [
            4.59103,
            6.67685,
            0.74546
          ],
          [
            4.60189,
            9.10665,
            0.74546
          ],
          [
            2.45353,
            10.53235,
            0.74546
          ],
          [
            10.99185,
            0.62746,
            0.74546
          ],
          [
            9.82917,
            2.84321,
            0.74546
          ],
          [
            8.62889,
            4.99617,
            0.74546
          ],
          [
            7.29181,
            7.12167,
            0.74546
          ],
          [
            6.0634,
            9.32105,
            0.74546
          ],
          [
            4.91329,
            11.3695,
            0.74546
          ],
          [
            13.48798,
            0.66171,
            0.74546
          ],
          [
            12.28633,
            2.82814,
            0.74546
          ],
          [
            11.14865,
            4.98753,
            0.74546
          ],
          [
            9.87399,
            7.11542,
            0.74546
          ],
          [
            8.58393,
            9.24341,
            0.74546
          ],
          [
            7.3899,
            11.38647,
            0.74546
          ]
        ],
        "Stress": [
          [
            -38.66599,
            5.49623,
            0.0
          ],
          [
            5.49623,
            -15.19609,
            0.0
          ],
          [
            0.0,
            0.0,
            -1.03564
          ]
        ],
        "computation_code": "VASP",
        "pseudopotential_information": [
          [
            "PAW_PBE",
            "C",
            "08Apr2002"
          ]
        ]
      }
    ],
    "EnergyStyle": "electronvolt",
    "ForcesStyle": "electronvoltperangstrom",
    "LatticeStyle": "angstrom",
    "PositionsStyle": "angstrom",
    "StressStyle": "kB"
  }
}