{
  "Dataset": {
    "AtomTypeStyle": "chemicalsymbol",
    "Data": [
      {
        "AtomTypes": [
          "C",
          "C",
          "C",
          "C",
          "C",
          "C",
          "C",
          "C",
          "C",
          "C",
          "C",
          "C",
          "C",
          "C",
          "C",
          "C",
          "C",
          "C",
          "C",
          "C",
          "C",
          "C",
          "C",
          "C",
          "C",
          "C",
          "C",
          "C",
          "C",
          "C",
          "C",
          "C",
          "C",
          "C",
          "C",
          "C",
          "C",
          "C",
          "C",
          "C",
          "C",
          "C",
          "C",
          "C",
          "C",
          "C",
          "C",
          "C",
          "C",
          "C",
          "C",
          "C",
          "C",
          "C",
          "C",
          "C",
          "C",
          "C",
          "C",
          "C",
          "C",
          "C",
          "C",
          "C",
          "C",
          "C",
          "C",
          "C",
          "C"
        ],
        "Energy": -594.45004641,
        "Forces": [
          [
            -0.002087,
            0.008119,
            0.0
          ],
          [
            -0.00199,
            0.001463,
            0.0
          ],
          [
            0.005044,
            -0.00025,
            0.0
          ],
          [
            0.011365,
            -0.000475,
            0.0
          ],
          [
            -0.003567,
            0.006744,
            0.0
          ],
          [
            0.002571,
            0.003932,
            0.0
          ],
          [
            -0.007544,
            -0.002585,
            0.0
          ],
          [
            -0.018685,
            -0.006993,
            0.0
          ],
          [
            0.00233,
            -0.000212,
            0.0
          ],
          [
            0.001284,
            -0.002286,
            0.0
          ],
          [
            0.002393,
            -0.007081,
            0.0
          ],
          [
            0.003818,
            -0.000485,
            0.0
          ],
          [
            -0.008404,
            -0.003057,
            0.0
          ],
          [
            0.005872,
            0.004033,
            0.0
          ],
          [
            0.00961,
            -0.000268,
            0.0
          ],
          [
            -0.012704,
            -0.011405,
            0.0
          ],
          [
            -0.005811,
            0.002521,
            0.0
          ],
          [
            0.008652,
            -0.009482,
            0.0
          ],
          [
            0.002435,
            0.00371,
            0.0
          ],
          [
            0.005125,
            -0.002239,
            0.0
          ],
          [
            -0.001131,
            0.007688,
            0.0
          ],
          [
            0.008578,
            0.00439,
            0.0
          ],
          [
            0.00872,
            -8.3e-05,
            0.0
          ],
          [
            0.003876,
            0.012331,
            0.0
          ],
          [
            0.011675,
            0.00312,
            0.0
          ],
          [
            -0.012973,
            0.010607,
            0.0
          ],
          [
            -0.002076,
            -0.002364,
            0.0
          ],
          [
            0.007765,
            0.015892,
            0.0
          ],
          [
            -0.004533,
            0.009373,
            0.0
          ],
          [
            0.004226,
            0.009852,
            0.0
          ],
          [
            -0.008205,
            -0.006315,
            0.0
          ],
          [
            -0.009093,
            0.008614,
            0.0
          ],
          [
            -0.012685,
            0.008072,
            0.0
          ],
          [
            0.008557,
            -0.003777,
            0.0
          ],
          [
            0.014544,
            -0.011748,
            0.0
          ],
          [
            0.015559,
            -0.001604,
            0.0
          ],
          [
            -0.002276,
            0.002018,
            0.0
          ],
          [
            0.003725,
            0.000438,
            0.0
          ],
          [
            -0.003239,
            0.006284,
            0.0
          ],
          [
            0.00784,
            0.00273,
            0.0
          ],
          [
            -0.005734,
            -0.007773,
            0.0
          ],
          [
            0.00148,
            -0.005009,
            0.0
          ],
          [
            -0.006899,
            -0.015622,
            0.0
          ],
          [
            0.001835,
            0.002257,
            0.0
          ],
          [
            0.00648,
            0.001411,
            0.0
          ],
          [
            -0.005591,
            0.004366,
            0.0
          ],
          [
            -0.008318,
            -0.006017,
            0.0
          ],
          [
            0.007865,
            -0.010514,
            0.0
          ],
          [
            0.00155,
            0.00409,
            0.0
          ],
          [
            0.002332,
            0.003367,
            0.0
          ],
          [
            -0.004361,
            0.005014,
            0.0
          ],
          [
            0.001648,
            0.002993,
            0.0
          ],
          [
            -0.006533,
            0.001557,
            0.0
          ],
          [
            -0.003057,
            0.003606,
            0.0
          ],
          [
            -0.010375,
            0.001979,
            0.0
          ],
          [
            0.008877,
            0.007153,
            0.0
          ],
          [
            0.00452,
            -0.001842,
            0.0
          ],
          [
            -0.004432,
            0.004251,
            0.0
          ],
          [
            -0.000969,
            -0.006359,
            0.0
          ],
          [
            -0.006502,
            -0.006544,
            0.0
          ],
          [
            -0.008952,
            -0.009411,
            0.0
          ],
          [
            0.005724,
            0.002747,
            0.0
          ],
          [
            -0.0039,
            -0.009511,
            0.0
          ],
          [
            -0.000927,
            -0.008641,
            0.0
          ],
          [
            0.000841,
            0.002411,
            0.0
          ],
          [
            -0.003841,
            0.001505,
            0.0
          ],
          [
            -0.001074,
            -0.004265,
            0.0
          ],
          [
            -0.004467,
            -0.002507,
            0.0
          ],
          [
            0.004221,
            -0.013916,
            0.0
          ]
        ],
        "Lattice": [
          [
            14.88,
            0.0,
            0.0
          ],
          [
            -7.44,
            12.886457116,
            0.0
          ],
          [
            0.0,
            0.0,
            15.0
          ]
        ],
        "NumAtoms": 69,
        "Positions": [
          [
            7.41455,
            12.85507,
            0.75
          ],
          [
            13.60435,
            2.1024,
            0.75
          ],
          [
            -2.38359,
            4.29327,
            0.75
          ],
          [
            -3.66111,
            6.44019,
            0.75
          ],
          [
            9.87704,
            8.57421,
            0.75
          ],
          [
            8.65757,
            10.71169,
            0.75
          ],
          [
            -4.97642,
            12.85965,
            0.75
          ],
          [
            1.17882,
            2.04901,
            0.75
          ],
          [
            0.16978,
            4.15174,
            0.75
          ],
          [
            -1.03808,
            6.41564,
            0.75
          ],
          [
            -2.45869,
            8.56822,
            0.75
          ],
          [
            -3.72381,
            10.72015,
            0.75
          ],
          [
            4.91666,
            0.03377,
            0.75
          ],
          [
            3.60037,
            2.23981,
            0.75
          ],
          [
            1.68488,
            4.28827,
            0.75
          ],
          [
            1.69369,
            6.75923,
            0.75
          ],
          [
            0.0482,
            8.6082,
            0.75
          ],
          [
            -1.23999,
            10.74894,
            0.75
          ],
          [
            7.41549,
            0.02451,
            0.75
          ],
          [
            6.13363,
            2.19195,
            0.75
          ],
          [
            4.89503,
            4.37331,
            0.75
          ],
          [
            1.2588,
            10.7493,
            0.75
          ],
          [
            2.503,
            12.83835,
            0.75
          ],
          [
            8.6678,
            2.13645,
            0.75
          ],
          [
            7.44028,
            4.28856,
            0.75
          ],
          [
            6.09668,
            6.4032,
            0.75
          ],
          [
            3.88551,
            7.9202,
            0.75
          ],
          [
            3.83425,
            10.63238,
            0.75
          ],
          [
            12.37641,
            0.00505,
            0.75
          ],
          [
            11.14669,
            2.15721,
            0.75
          ],
          [
            9.94704,
            4.30935,
            0.75
          ],
          [
            8.63219,
            6.45463,
            0.75
          ],
          [
            7.26766,
            8.60471,
            0.75
          ],
          [
            6.19266,
            10.77353,
            0.75
          ],
          [
            1.21297,
            0.65456,
            0.75
          ],
          [
            -0.04225,
            2.76087,
            0.75
          ],
          [
            -1.05027,
            4.97225,
            0.75
          ],
          [
            -2.36917,
            7.13093,
            0.75
          ],
          [
            -3.73085,
            9.27749,
            0.75
          ],
          [
            -4.96696,
            11.42681,
            0.75
          ],
          [
            3.66062,
            0.76558,
            0.75
          ],
          [
            2.29227,
            2.91933,
            0.75
          ],
          [
            2.41438,
            5.51796,
            0.75
          ],
          [
            0.2628,
            7.16829,
            0.75
          ],
          [
            -1.22982,
            9.30877,
            0.75
          ],
          [
            -2.4979,
            11.47168,
            0.75
          ],
          [
            6.15999,
            0.75368,
            0.75
          ],
          [
            4.86042,
            2.94009,
            0.75
          ],
          [
            3.89945,
            5.46189,
            0.75
          ],
          [
            1.1811,
            9.38311,
            0.75
          ],
          [
            -0.00729,
            11.47872,
            0.75
          ],
          [
            8.68238,
            0.69759,
            0.75
          ],
          [
            7.41405,
            2.85892,
            0.75
          ],
          [
            6.19656,
            4.98929,
            0.75
          ],
          [
            4.61595,
            6.70687,
            0.75
          ],
          [
            4.42506,
            9.21332,
            0.75
          ],
          [
            2.55674,
            11.37894,
            0.75
          ],
          [
            11.14777,
            0.71953,
            0.75
          ],
          [
            9.91182,
            2.87474,
            0.75
          ],
          [
            8.67963,
            5.02182,
            0.75
          ],
          [
            7.31866,
            7.16034,
            0.75
          ],
          [
            6.0076,
            9.38234,
            0.75
          ],
          [
            4.96048,
            11.48726,
            0.75
          ],
          [
            13.61868,
            0.68864,
            0.75
          ],
          [
            12.40092,
            2.86108,
            0.75
          ],
          [
            11.22644,
            5.00873,
            0.75
          ],
          [
            9.91705,
            7.14846,
            0.75
          ],
          [
            8.58891,
            9.285,
            0.75
          ],
          [
            7.43303,
            11.43864,
            0.75
          ]
        ],
        "Stress": [
          [
            -39.38498,
            14.12426,
            0.0
          ],
          [
            14.12426,
            -6.8375,
            0.0
          ],
          [
            0.0,
            0.0,
            -1.08302
          ]
        ],
        "computation_code": "VASP",
        "pseudopotential_information": [
          [
            "PAW_PBE",
            "C",
            "08Apr2002"
          ]
        ]
      }
    ],
    "EnergyStyle": "electronvolt",
    "ForcesStyle": "electronvoltperangstrom",
    "LatticeStyle": "angstrom",
    "PositionsStyle": "angstrom",
    "StressStyle": "kB"
  }
}