{
  "Dataset": {
    "AtomTypeStyle": "chemicalsymbol",
    "Data": [
      {
        "AtomTypes": [
          "C",
          "C",
          "C",
          "C",
          "C",
          "C",
          "C",
          "C",
          "C",
          "C",
          "C",
          "C",
          "C",
          "C",
          "C",
          "C",
          "C",
          "C",
          "C",
          "C",
          "C",
          "C",
          "C",
          "C",
          "C",
          "C",
          "C",
          "C",
          "C",
          "C",
          "C",
          "C",
          "C",
          "C",
          "C",
          "C",
          "C",
          "C",
          "C",
          "C",
          "C",
          "C",
          "C",
          "C",
          "C",
          "C",
          "C",
          "C",
          "C",
          "C",
          "C",
          "C",
          "C",
          "C",
          "C",
          "C",
          "C",
          "C",
          "C",
          "C",
          "C",
          "C",
          "C",
          "C",
          "C",
          "C",
          "C",
          "C",
          "C"
        ],
        "Energy": -593.73188606,
        "Forces": [
          [
            0.03449,
            0.084001,
            0.0
          ],
          [
            -0.025199,
            -0.091576,
            0.0
          ],
          [
            0.034975,
            -0.012214,
            0.0
          ],
          [
            0.054992,
            0.068645,
            0.0
          ],
          [
            -0.131474,
            0.067333,
            0.0
          ],
          [
            -0.130101,
            -0.053902,
            0.0
          ],
          [
            0.07408,
            0.211094,
            0.0
          ],
          [
            -0.104662,
            0.263095,
            0.0
          ],
          [
            -0.117851,
            0.083467,
            0.0
          ],
          [
            -0.074487,
            0.011961,
            0.0
          ],
          [
            -0.074832,
            0.066914,
            0.0
          ],
          [
            -0.076259,
            0.054148,
            0.0
          ],
          [
            0.071733,
            0.08419,
            0.0
          ],
          [
            -0.009775,
            0.085898,
            0.0
          ],
          [
            -0.016149,
            -0.026232,
            0.0
          ],
          [
            0.014675,
            -0.131285,
            0.0
          ],
          [
            -0.041173,
            -0.062935,
            0.0
          ],
          [
            -0.009733,
            -0.085208,
            0.0
          ],
          [
            0.040721,
            0.040019,
            0.0
          ],
          [
            0.015604,
            0.054584,
            0.0
          ],
          [
            0.034967,
            0.015304,
            0.0
          ],
          [
            0.069377,
            0.066193,
            0.0
          ],
          [
            -0.093923,
            -0.157492,
            0.0
          ],
          [
            0.132029,
            0.005388,
            0.0
          ],
          [
            0.192888,
            -0.062295,
            0.0
          ],
          [
            -0.065628,
            -0.0135,
            0.0
          ],
          [
            -0.0706,
            -0.043346,
            0.0
          ],
          [
            0.048491,
            0.085427,
            0.0
          ],
          [
            -0.006872,
            0.036826,
            0.0
          ],
          [
            -0.093625,
            0.023711,
            0.0
          ],
          [
            -0.014417,
            -0.11167,
            0.0
          ],
          [
            -0.052109,
            -0.046811,
            0.0
          ],
          [
            0.024209,
            -0.079659,
            0.0
          ],
          [
            -0.005961,
            0.030117,
            0.0
          ],
          [
            -0.094079,
            -0.066049,
            0.0
          ],
          [
            -0.063672,
            -0.061457,
            0.0
          ],
          [
            0.285592,
            0.047269,
            0.0
          ],
          [
            0.080721,
            0.03228,
            0.0
          ],
          [
            0.038716,
            0.041817,
            0.0
          ],
          [
            -0.151241,
            0.134337,
            0.0
          ],
          [
            -0.087036,
            -0.0686,
            0.0
          ],
          [
            -0.026634,
            0.027244,
            0.0
          ],
          [
            0.132051,
            -0.058813,
            0.0
          ],
          [
            -0.00531,
            0.03804,
            0.0
          ],
          [
            0.022192,
            -0.063173,
            0.0
          ],
          [
            -0.012907,
            -0.06888,
            0.0
          ],
          [
            0.032471,
            0.08323,
            0.0
          ],
          [
            0.047086,
            -0.060847,
            0.0
          ],
          [
            -0.121503,
            -0.053464,
            0.0
          ],
          [
            -0.001939,
            -0.085575,
            0.0
          ],
          [
            -0.080278,
            -0.018599,
            0.0
          ],
          [
            0.123687,
            -0.079808,
            0.0
          ],
          [
            0.095201,
            -0.030577,
            0.0
          ],
          [
            -0.03348,
            -0.066455,
            0.0
          ],
          [
            0.02387,
            0.092861,
            0.0
          ],
          [
            -0.081012,
            -0.140169,
            0.0
          ],
          [
            0.02685,
            0.008693,
            0.0
          ],
          [
            0.016642,
            -0.138955,
            0.0
          ],
          [
            0.082416,
            -0.038931,
            0.0
          ],
          [
            -0.069932,
            -0.050217,
            0.0
          ],
          [
            -0.092332,
            -0.162855,
            0.0
          ],
          [
            0.036104,
            0.011216,
            0.0
          ],
          [
            -0.012106,
            -0.117984,
            0.0
          ],
          [
            0.055837,
            0.074896,
            0.0
          ],
          [
            0.147333,
            0.173106,
            0.0
          ],
          [
            0.038395,
            0.105547,
            0.0
          ],
          [
            0.015316,
            0.055774,
            0.0
          ],
          [
            -0.060735,
            0.115633,
            0.0
          ],
          [
            0.065311,
            -0.070724,
            0.0
          ]
        ],
        "Lattice": [
          [
            14.88,
            0.0,
            0.0
          ],
          [
            -7.44,
            12.886457116,
            0.0
          ],
          [
            0.0,
            0.0,
            15.0
          ]
        ],
        "NumAtoms": 69,
        "Positions": [
          [
            0.00125,
            0.00644,
            0.75
          ],
          [
            13.63179,
            2.14282,
            0.75
          ],
          [
            -2.39785,
            4.28837,
            0.75
          ],
          [
            -3.71814,
            6.43364,
            0.75
          ],
          [
            9.87166,
            8.58093,
            0.75
          ],
          [
            8.68147,
            10.73103,
            0.75
          ],
          [
            -4.95798,
            12.88206,
            0.75
          ],
          [
            1.20475,
            2.10344,
            0.75
          ],
          [
            0.20481,
            4.22988,
            0.75
          ],
          [
            -1.15706,
            6.41588,
            0.75
          ],
          [
            -2.4845,
            8.56565,
            0.75
          ],
          [
            -3.71259,
            10.72598,
            0.75
          ],
          [
            4.932,
            0.02964,
            0.75
          ],
          [
            3.61818,
            2.26518,
            0.75
          ],
          [
            1.71308,
            4.39548,
            0.75
          ],
          [
            1.44624,
            6.82416,
            0.75
          ],
          [
            -0.01845,
            8.60513,
            0.75
          ],
          [
            -1.22534,
            10.74377,
            0.75
          ],
          [
            0.01287,
            12.84638,
            0.75
          ],
          [
            6.16468,
            2.15659,
            0.75
          ],
          [
            4.94737,
            4.34167,
            0.75
          ],
          [
            2.28732,
            7.97208,
            0.75
          ],
          [
            1.33058,
            10.61719,
            0.75
          ],
          [
            2.51944,
            12.80733,
            0.75
          ],
          [
            8.67203,
            2.11479,
            0.75
          ],
          [
            7.45207,
            4.28542,
            0.75
          ],
          [
            6.07307,
            6.41632,
            0.75
          ],
          [
            3.77881,
            7.97322,
            0.75
          ],
          [
            3.89331,
            10.6324,
            0.75
          ],
          [
            12.40694,
            0.02599,
            0.75
          ],
          [
            11.14746,
            2.15256,
            0.75
          ],
          [
            9.94038,
            4.3021,
            0.75
          ],
          [
            8.60837,
            6.45745,
            0.75
          ],
          [
            7.27292,
            8.62264,
            0.75
          ],
          [
            6.23174,
            10.80568,
            0.75
          ],
          [
            1.24301,
            0.70449,
            0.75
          ],
          [
            -0.01765,
            2.80907,
            0.75
          ],
          [
            -1.08426,
            4.98014,
            0.75
          ],
          [
            -2.45149,
            7.13113,
            0.75
          ],
          [
            -3.74134,
            9.2817,
            0.75
          ],
          [
            -4.94639,
            11.44436,
            0.75
          ],
          [
            3.67593,
            0.78166,
            0.75
          ],
          [
            2.32392,
            3.00643,
            0.75
          ],
          [
            0.04951,
            7.1694,
            0.75
          ],
          [
            -1.25158,
            9.31043,
            0.75
          ],
          [
            -2.4813,
            11.47376,
            0.75
          ],
          [
            6.19395,
            0.71087,
            0.75
          ],
          [
            4.89803,
            2.92002,
            0.75
          ],
          [
            3.95007,
            5.37869,
            0.75
          ],
          [
            1.28334,
            9.18166,
            0.75
          ],
          [
            0.05132,
            11.39783,
            0.75
          ],
          [
            8.69867,
            0.66715,
            0.75
          ],
          [
            7.42351,
            2.84526,
            0.75
          ],
          [
            6.2247,
            5.00068,
            0.75
          ],
          [
            4.52356,
            6.68102,
            0.75
          ],
          [
            4.50267,
            9.22699,
            0.75
          ],
          [
            2.59421,
            11.3239,
            0.75
          ],
          [
            11.15582,
            0.71147,
            0.75
          ],
          [
            9.90847,
            2.86186,
            0.75
          ],
          [
            8.68025,
            5.02479,
            0.75
          ],
          [
            7.29273,
            7.17503,
            0.75
          ],
          [
            6.02447,
            9.40197,
            0.75
          ],
          [
            5.00537,
            11.51377,
            0.75
          ],
          [
            13.64814,
            0.71833,
            0.75
          ],
          [
            12.39832,
            2.86132,
            0.75
          ],
          [
            11.20283,
            5.00011,
            0.75
          ],
          [
            9.88205,
            7.14841,
            0.75
          ],
          [
            8.59496,
            9.29965,
            0.75
          ],
          [
            7.46228,
            11.47181,
            0.75
          ]
        ],
        "Stress": [
          [
            -34.69633,
            13.72776,
            0.0
          ],
          [
            13.72776,
            -18.8552,
            0.0
          ],
          [
            0.0,
            0.0,
            -1.08495
          ]
        ],
        "computation_code": "VASP",
        "pseudopotential_information": [
          [
            "PAW_PBE",
            "C",
            "08Apr2002"
          ]
        ]
      }
    ],
    "EnergyStyle": "electronvolt",
    "ForcesStyle": "electronvoltperangstrom",
    "LatticeStyle": "angstrom",
    "PositionsStyle": "angstrom",
    "StressStyle": "kB"
  }
}