{
  "Dataset": {
    "AtomTypeStyle": "chemicalsymbol",
    "Data": [
      {
        "AtomTypes": [
          "C",
          "C",
          "C",
          "C",
          "C",
          "C",
          "C",
          "C",
          "C",
          "C",
          "C",
          "C",
          "C",
          "C",
          "C",
          "C",
          "C",
          "C",
          "C",
          "C",
          "C",
          "C",
          "C",
          "C",
          "C",
          "C",
          "C",
          "C",
          "C",
          "C",
          "C",
          "C",
          "C",
          "C",
          "C",
          "C",
          "C",
          "C",
          "C",
          "C",
          "C",
          "C",
          "C",
          "C",
          "C",
          "C",
          "C",
          "C",
          "C",
          "C",
          "C",
          "C",
          "C",
          "C",
          "C",
          "C",
          "C",
          "C",
          "C",
          "C",
          "C",
          "C",
          "C",
          "C",
          "C",
          "C",
          "C",
          "C",
          "C"
        ],
        "Energy": -535.83279091,
        "Forces": [
          [
            0.004845,
            -0.025914,
            0.0
          ],
          [
            0.006326,
            -0.005092,
            0.0
          ],
          [
            0.007725,
            0.011259,
            0.0
          ],
          [
            0.017741,
            0.001961,
            0.0
          ],
          [
            0.004693,
            0.008486,
            0.0
          ],
          [
            -0.009241,
            0.012174,
            0.0
          ],
          [
            -0.001097,
            -0.010849,
            0.0
          ],
          [
            0.000957,
            -0.002413,
            0.0
          ],
          [
            0.019316,
            0.005829,
            0.0
          ],
          [
            0.046432,
            0.021887,
            0.0
          ],
          [
            0.032644,
            0.024438,
            0.0
          ],
          [
            0.00663,
            0.010338,
            0.0
          ],
          [
            -0.000663,
            -0.011472,
            0.0
          ],
          [
            0.016314,
            -0.003885,
            0.0
          ],
          [
            0.015174,
            -0.005718,
            0.0
          ],
          [
            -0.017437,
            -0.036938,
            0.0
          ],
          [
            0.020228,
            -0.00031,
            0.0
          ],
          [
            0.003021,
            -0.013769,
            0.0
          ],
          [
            -0.002641,
            -0.029714,
            0.0
          ],
          [
            -0.006095,
            0.000966,
            0.0
          ],
          [
            -0.007391,
            -0.022218,
            0.0
          ],
          [
            0.00488,
            -0.008772,
            0.0
          ],
          [
            -0.007408,
            -0.006874,
            0.0
          ],
          [
            -0.010756,
            0.009078,
            0.0
          ],
          [
            -0.035727,
            0.023334,
            0.0
          ],
          [
            -0.034919,
            -0.00113,
            0.0
          ],
          [
            -0.067023,
            -0.00057,
            0.0
          ],
          [
            -0.000347,
            -0.01563,
            0.0
          ],
          [
            -0.003257,
            -0.046159,
            0.0
          ],
          [
            -0.003958,
            0.011858,
            0.0
          ],
          [
            0.004314,
            0.000794,
            0.0
          ],
          [
            -0.003124,
            -0.001081,
            0.0
          ],
          [
            -0.018269,
            0.015354,
            0.0
          ],
          [
            0.005546,
            0.000164,
            0.0
          ],
          [
            -0.010852,
            -0.00902,
            0.0
          ],
          [
            -0.003047,
            0.029133,
            0.0
          ],
          [
            0.002765,
            0.014084,
            0.0
          ],
          [
            0.032653,
            -0.024628,
            0.0
          ],
          [
            0.01799,
            -0.001756,
            0.0
          ],
          [
            0.004153,
            -0.000587,
            0.0
          ],
          [
            -0.004376,
            -0.012319,
            0.0
          ],
          [
            -0.007647,
            0.00668,
            0.0
          ],
          [
            0.004936,
            0.0081,
            0.0
          ],
          [
            0.019261,
            -0.000339,
            0.0
          ],
          [
            0.045761,
            -0.022557,
            0.0
          ],
          [
            0.008168,
            -0.011047,
            0.0
          ],
          [
            0.006159,
            0.005312,
            0.0
          ],
          [
            -0.00328,
            0.046672,
            0.0
          ],
          [
            -0.000459,
            0.015455,
            0.0
          ],
          [
            -0.016504,
            0.036798,
            0.0
          ],
          [
            0.020139,
            -0.005753,
            0.0
          ],
          [
            0.000787,
            0.002401,
            0.0
          ],
          [
            0.0044,
            0.026345,
            0.0
          ],
          [
            0.005139,
            -6.7e-05,
            0.0
          ],
          [
            -0.019892,
            -0.038393,
            0.0
          ],
          [
            -0.020171,
            0.039646,
            0.0
          ],
          [
            0.015316,
            0.005831,
            0.0
          ],
          [
            0.015747,
            0.003499,
            0.0
          ],
          [
            -0.001547,
            0.011126,
            0.0
          ],
          [
            -0.008912,
            -0.01192,
            0.0
          ],
          [
            -0.018144,
            -0.01569,
            0.0
          ],
          [
            -0.034545,
            0.001419,
            0.0
          ],
          [
            -0.007929,
            0.022302,
            0.0
          ],
          [
            -0.006343,
            -0.001216,
            0.0
          ],
          [
            -0.000687,
            0.011642,
            0.0
          ],
          [
            0.006177,
            -0.009702,
            0.0
          ],
          [
            0.004783,
            -0.00884,
            0.0
          ],
          [
            -0.002737,
            0.001209,
            0.0
          ],
          [
            -0.034696,
            -0.023234,
            0.0
          ]
        ],
        "Lattice": [
          [
            14.79,
            0.0,
            0.0
          ],
          [
            -7.395,
            12.808514835,
            0.0
          ],
          [
            0.0,
            0.0,
            14.909274194
          ]
        ],
        "NumAtoms": 69,
        "Positions": [
          [
            0.04502,
            0.07782,
            0.74546
          ],
          [
            -1.19134,
            2.19387,
            0.74546
          ],
          [
            -2.45897,
            4.29845,
            0.74546
          ],
          [
            11.03666,
            6.43008,
            0.74546
          ],
          [
            9.77418,
            8.55823,
            0.74546
          ],
          [
            -6.17291,
            10.69912,
            0.74546
          ],
          [
            2.48748,
            0.03474,
            0.74546
          ],
          [
            1.29549,
            2.22695,
            0.74546
          ],
          [
            0.04012,
            4.3342,
            0.74546
          ],
          [
            -1.2596,
            6.42901,
            0.74546
          ],
          [
            -2.51078,
            8.55637,
            0.74546
          ],
          [
            -3.70684,
            10.69081,
            0.74546
          ],
          [
            4.9514,
            0.00509,
            0.74546
          ],
          [
            3.73083,
            2.16514,
            0.74546
          ],
          [
            2.58975,
            4.42162,
            0.74546
          ],
          [
            1.18031,
            6.44113,
            0.74546
          ],
          [
            -0.00982,
            8.56064,
            0.74546
          ],
          [
            -1.21799,
            10.67826,
            0.74546
          ],
          [
            0.04626,
            12.78013,
            0.74546
          ],
          [
            6.20663,
            2.1102,
            0.74546
          ],
          [
            4.9827,
            4.23844,
            0.74546
          ],
          [
            1.29864,
            10.61807,
            0.74546
          ],
          [
            2.54281,
            12.73376,
            0.74546
          ],
          [
            8.67417,
            2.09263,
            0.74546
          ],
          [
            7.42894,
            4.23776,
            0.74546
          ],
          [
            6.00882,
            6.32721,
            0.74546
          ],
          [
            3.92014,
            7.84693,
            0.74546
          ],
          [
            3.87148,
            10.56762,
            0.74546
          ],
          [
            12.36689,
            0.052,
            0.74546
          ],
          [
            11.11564,
            2.14983,
            0.74546
          ],
          [
            9.86085,
            4.28299,
            0.74546
          ],
          [
            8.5207,
            6.42499,
            0.74546
          ],
          [
            7.21627,
            8.57203,
            0.74546
          ],
          [
            6.20442,
            10.76541,
            0.74546
          ],
          [
            1.27919,
            0.79276,
            0.74546
          ],
          [
            0.04636,
            2.91385,
            0.74546
          ],
          [
            -1.21791,
            5.01559,
            0.74546
          ],
          [
            -2.51076,
            7.13749,
            0.74546
          ],
          [
            -3.75338,
            9.26377,
            0.74546
          ],
          [
            -4.92921,
            11.41081,
            0.74546
          ],
          [
            3.72061,
            0.7355,
            0.74546
          ],
          [
            2.54283,
            2.96015,
            0.74546
          ],
          [
            1.29874,
            5.0759,
            0.74546
          ],
          [
            -0.00978,
            7.13322,
            0.74546
          ],
          [
            -1.25962,
            9.26485,
            0.74546
          ],
          [
            -2.45906,
            11.39536,
            0.74546
          ],
          [
            6.20356,
            0.69154,
            0.74546
          ],
          [
            4.97184,
            2.83338,
            0.74546
          ],
          [
            3.87151,
            5.12627,
            0.74546
          ],
          [
            1.1802,
            9.25285,
            0.74546
          ],
          [
            0.03999,
            11.35977,
            0.74546
          ],
          [
            8.69045,
            0.65846,
            0.74546
          ],
          [
            7.43999,
            2.80758,
            0.74546
          ],
          [
            6.20445,
            4.92849,
            0.74546
          ],
          [
            4.47158,
            6.5421,
            0.74546
          ],
          [
            4.47158,
            9.15174,
            0.74546
          ],
          [
            2.5897,
            11.27229,
            0.74546
          ],
          [
            11.12585,
            0.72022,
            0.74546
          ],
          [
            9.8825,
            2.85058,
            0.74546
          ],
          [
            8.61717,
            4.99472,
            0.74546
          ],
          [
            7.21632,
            7.12184,
            0.74546
          ],
          [
            6.00875,
            9.36665,
            0.74546
          ],
          [
            4.98271,
            11.45546,
            0.74546
          ],
          [
            13.60171,
            0.77522,
            0.74546
          ],
          [
            12.34646,
            2.88022,
            0.74546
          ],
          [
            11.08324,
            5.00299,
            0.74546
          ],
          [
            9.77421,
            7.13566,
            0.74546
          ],
          [
            8.52063,
            9.26887,
            0.74546
          ],
          [
            7.4289,
            11.45615,
            0.74546
          ]
        ],
        "Stress": [
          [
            -19.6738,
            -0.00521,
            0.0
          ],
          [
            -0.00521,
            -13.12978,
            0.0
          ],
          [
            0.0,
            0.0,
            -1.0282
          ]
        ],
        "computation_code": "VASP",
        "pseudopotential_information": [
          [
            "PAW_PBE",
            "C",
            "08Apr2002"
          ]
        ]
      }
    ],
    "EnergyStyle": "electronvolt",
    "ForcesStyle": "electronvoltperangstrom",
    "LatticeStyle": "angstrom",
    "PositionsStyle": "angstrom",
    "StressStyle": "kB"
  }
}