{
  "Dataset": {
    "AtomTypeStyle": "chemicalsymbol",
    "Data": [
      {
        "AtomTypes": [
          "C",
          "C",
          "C",
          "C",
          "C",
          "C",
          "C",
          "C",
          "C",
          "C",
          "C",
          "C",
          "C",
          "C",
          "C",
          "C",
          "C",
          "C",
          "C",
          "C",
          "C",
          "C",
          "C",
          "C",
          "C",
          "C",
          "C",
          "C",
          "C",
          "C",
          "C",
          "C",
          "C",
          "C",
          "C",
          "C",
          "C",
          "C",
          "C",
          "C",
          "C",
          "C",
          "C",
          "C",
          "C",
          "C",
          "C",
          "C",
          "C",
          "C",
          "C",
          "C",
          "C",
          "C",
          "C",
          "C",
          "C",
          "C",
          "C",
          "C",
          "C",
          "C",
          "C",
          "C",
          "C",
          "C",
          "C",
          "C",
          "C",
          "C"
        ],
        "Energy": -610.98062645,
        "Forces": [
          [
            -0.016628,
            0.01123,
            0.0
          ],
          [
            -0.008626,
            -0.018787,
            0.0
          ],
          [
            0.012512,
            0.008925,
            0.0
          ],
          [
            0.011246,
            0.007324,
            0.0
          ],
          [
            0.019049,
            -0.026007,
            0.0
          ],
          [
            -0.001406,
            -0.006032,
            0.0
          ],
          [
            0.012584,
            0.005371,
            0.0
          ],
          [
            0.025104,
            -0.009043,
            0.0
          ],
          [
            -0.003561,
            -0.00617,
            0.0
          ],
          [
            0.006022,
            -0.010508,
            0.0
          ],
          [
            0.009141,
            0.008301,
            0.0
          ],
          [
            0.021754,
            -0.004256,
            0.0
          ],
          [
            0.003822,
            -0.006047,
            0.0
          ],
          [
            0.003866,
            -0.020098,
            0.0
          ],
          [
            -0.010796,
            -0.023345,
            0.0
          ],
          [
            0.008867,
            -0.024698,
            0.0
          ],
          [
            0.006624,
            0.011762,
            0.0
          ],
          [
            0.008776,
            -0.012737,
            0.0
          ],
          [
            -0.006515,
            3.7e-05,
            0.0
          ],
          [
            0.005313,
            -0.02288,
            0.0
          ],
          [
            0.005938,
            -0.043484,
            0.0
          ],
          [
            -0.01967,
            -0.003437,
            0.0
          ],
          [
            0.004129,
            0.025466,
            0.0
          ],
          [
            -0.003187,
            -0.011806,
            0.0
          ],
          [
            -0.018665,
            -0.01893,
            0.0
          ],
          [
            0.006079,
            0.004111,
            0.0
          ],
          [
            -0.006687,
            0.008371,
            0.0
          ],
          [
            0.010186,
            0.013683,
            0.0
          ],
          [
            -0.002835,
            -0.010785,
            0.0
          ],
          [
            -0.001007,
            0.013955,
            0.0
          ],
          [
            -0.021029,
            -0.013398,
            0.0
          ],
          [
            0.000172,
            0.026183,
            0.0
          ],
          [
            -0.003187,
            -0.002314,
            0.0
          ],
          [
            -0.011413,
            0.012281,
            0.0
          ],
          [
            -0.018906,
            0.022428,
            0.0
          ],
          [
            -0.010107,
            -0.012476,
            0.0
          ],
          [
            -0.019163,
            0.005071,
            0.0
          ],
          [
            -0.012681,
            -0.00044,
            0.0
          ],
          [
            -0.007605,
            -0.0062,
            0.0
          ],
          [
            0.001017,
            -0.009505,
            0.0
          ],
          [
            0.001718,
            -0.012769,
            0.0
          ],
          [
            0.004151,
            0.020861,
            0.0
          ],
          [
            -0.007381,
            0.007099,
            0.0
          ],
          [
            -0.002678,
            0.016996,
            0.0
          ],
          [
            -0.039684,
            0.004798,
            0.0
          ],
          [
            0.001825,
            0.00068,
            0.0
          ],
          [
            0.017546,
            0.001925,
            0.0
          ],
          [
            -0.011147,
            0.006485,
            0.0
          ],
          [
            -0.010425,
            0.002544,
            0.0
          ],
          [
            -0.014984,
            -0.00525,
            0.0
          ],
          [
            0.009967,
            -0.031524,
            0.0
          ],
          [
            0.002366,
            0.0034,
            0.0
          ],
          [
            -0.024063,
            0.003605,
            0.0
          ],
          [
            0.012623,
            0.017932,
            0.0
          ],
          [
            0.02686,
            0.020942,
            0.0
          ],
          [
            0.003441,
            0.001005,
            0.0
          ],
          [
            0.011478,
            0.024672,
            0.0
          ],
          [
            0.013154,
            0.024796,
            0.0
          ],
          [
            -0.012175,
            0.003985,
            0.0
          ],
          [
            -0.028905,
            0.015033,
            0.0
          ],
          [
            -0.010002,
            -0.006239,
            0.0
          ],
          [
            0.017352,
            -0.007355,
            0.0
          ],
          [
            -0.003153,
            0.014239,
            0.0
          ],
          [
            0.0401,
            -0.000233,
            0.0
          ],
          [
            0.012086,
            0.011151,
            0.0
          ],
          [
            0.002391,
            0.007897,
            0.0
          ],
          [
            -0.018749,
            0.003439,
            0.0
          ],
          [
            0.002139,
            -0.012676,
            0.0
          ],
          [
            0.009831,
            -0.005412,
            0.0
          ],
          [
            0.015794,
            0.00686,
            0.0
          ]
        ],
        "Lattice": [
          [
            14.88,
            0.0,
            0.0
          ],
          [
            -7.44,
            12.886457116,
            0.0
          ],
          [
            0.0,
            0.0,
            15.0
          ]
        ],
        "NumAtoms": 70,
        "Positions": [
          [
            0.04774,
            0.08574,
            0.75
          ],
          [
            -1.17905,
            2.23696,
            0.75
          ],
          [
            -2.46479,
            4.33224,
            0.75
          ],
          [
            -3.78998,
            6.46819,
            0.75
          ],
          [
            9.81776,
            8.61304,
            0.75
          ],
          [
            -6.21577,
            10.76819,
            0.75
          ],
          [
            2.50242,
            0.04415,
            0.75
          ],
          [
            1.31198,
            2.26663,
            0.75
          ],
          [
            0.08314,
            4.43355,
            0.75
          ],
          [
            -1.27959,
            6.47819,
            0.75
          ],
          [
            -2.54261,
            8.60751,
            0.75
          ],
          [
            -3.73404,
            10.75587,
            0.75
          ],
          [
            4.98877,
            4e-05,
            0.75
          ],
          [
            3.7559,
            2.18771,
            0.75
          ],
          [
            2.60814,
            4.49309,
            0.75
          ],
          [
            1.28469,
            6.68419,
            0.75
          ],
          [
            -0.05787,
            8.59785,
            0.75
          ],
          [
            -1.22253,
            10.73024,
            0.75
          ],
          [
            0.0699,
            12.80661,
            0.75
          ],
          [
            6.25448,
            2.1051,
            0.75
          ],
          [
            5.02031,
            4.26171,
            0.75
          ],
          [
            2.22611,
            7.89512,
            0.75
          ],
          [
            1.34799,
            10.57112,
            0.75
          ],
          [
            2.56171,
            12.7872,
            0.75
          ],
          [
            8.73244,
            2.09244,
            0.75
          ],
          [
            7.46828,
            4.26116,
            0.75
          ],
          [
            6.00812,
            6.37895,
            0.75
          ],
          [
            3.73278,
            7.89367,
            0.75
          ],
          [
            3.90731,
            10.62025,
            0.75
          ],
          [
            12.45308,
            0.05691,
            0.75
          ],
          [
            11.19032,
            2.15741,
            0.75
          ],
          [
            9.91958,
            4.30595,
            0.75
          ],
          [
            8.55786,
            6.46309,
            0.75
          ],
          [
            7.24344,
            8.61981,
            0.75
          ],
          [
            6.23623,
            10.82394,
            0.75
          ],
          [
            1.29035,
            0.81113,
            0.75
          ],
          [
            0.07039,
            2.98368,
            0.75
          ],
          [
            -1.21999,
            5.06063,
            0.75
          ],
          [
            -2.54145,
            7.18302,
            0.75
          ],
          [
            -3.79129,
            9.32222,
            0.75
          ],
          [
            -4.96348,
            11.48314,
            0.75
          ],
          [
            3.74754,
            0.74526,
            0.75
          ],
          [
            2.56142,
            3.00247,
            0.75
          ],
          [
            1.35021,
            5.21866,
            0.75
          ],
          [
            -0.05628,
            7.19266,
            0.75
          ],
          [
            -1.28108,
            9.31264,
            0.75
          ],
          [
            -2.4676,
            11.45782,
            0.75
          ],
          [
            6.26008,
            0.66635,
            0.75
          ],
          [
            5.01317,
            2.84509,
            0.75
          ],
          [
            3.90929,
            5.16872,
            0.75
          ],
          [
            1.28303,
            9.10767,
            0.75
          ],
          [
            0.08098,
            11.35702,
            0.75
          ],
          [
            8.75332,
            0.63694,
            0.75
          ],
          [
            7.48869,
            2.81615,
            0.75
          ],
          [
            6.23745,
            4.96283,
            0.75
          ],
          [
            4.48717,
            6.58893,
            0.75
          ],
          [
            4.48618,
            9.1979,
            0.75
          ],
          [
            2.60641,
            11.29647,
            0.75
          ],
          [
            11.19702,
            0.71519,
            0.75
          ],
          [
            9.94568,
            2.85843,
            0.75
          ],
          [
            8.66674,
            5.02076,
            0.75
          ],
          [
            7.24366,
            7.16764,
            0.75
          ],
          [
            6.00679,
            9.40766,
            0.75
          ],
          [
            5.01877,
            11.52681,
            0.75
          ],
          [
            13.69422,
            0.79776,
            0.75
          ],
          [
            12.43072,
            2.90341,
            0.75
          ],
          [
            11.14905,
            5.03421,
            0.75
          ],
          [
            9.81888,
            7.17795,
            0.75
          ],
          [
            8.55602,
            9.32601,
            0.75
          ],
          [
            7.46608,
            11.52693,
            0.75
          ]
        ],
        "Stress": [
          [
            -26.8935,
            -0.04141,
            0.0
          ],
          [
            -0.04141,
            -26.94772,
            0.0
          ],
          [
            0.0,
            0.0,
            -1.0893
          ]
        ],
        "computation_code": "VASP",
        "pseudopotential_information": [
          [
            "PAW_PBE",
            "C",
            "08Apr2002"
          ]
        ]
      }
    ],
    "EnergyStyle": "electronvolt",
    "ForcesStyle": "electronvoltperangstrom",
    "LatticeStyle": "angstrom",
    "PositionsStyle": "angstrom",
    "StressStyle": "kB"
  }
}