{
  "Dataset": {
    "AtomTypeStyle": "chemicalsymbol",
    "Data": [
      {
        "AtomTypes": [
          "C",
          "C",
          "C",
          "C",
          "C",
          "C",
          "C",
          "C",
          "C",
          "C",
          "C",
          "C",
          "C",
          "C",
          "C",
          "C",
          "C",
          "C",
          "C",
          "C",
          "C",
          "C",
          "C",
          "C",
          "C",
          "C",
          "C",
          "C",
          "C",
          "C",
          "C",
          "C",
          "C",
          "C",
          "C",
          "C",
          "C",
          "C",
          "C",
          "C",
          "C",
          "C",
          "C",
          "C",
          "C",
          "C",
          "C",
          "C",
          "C",
          "C",
          "C",
          "C",
          "C",
          "C",
          "C",
          "C",
          "C",
          "C",
          "C",
          "C",
          "C",
          "C",
          "C",
          "C",
          "C",
          "C",
          "C",
          "C",
          "C",
          "C",
          "H",
          "H"
        ],
        "Energy": -552.06788382,
        "Forces": [
          [
            -0.033862,
            0.054151,
            0.0
          ],
          [
            0.056682,
            0.186902,
            0.0
          ],
          [
            0.00866,
            0.053497,
            0.0
          ],
          [
            0.019439,
            -0.213383,
            0.0
          ],
          [
            0.024243,
            -0.129409,
            0.0
          ],
          [
            0.065874,
            0.070606,
            0.0
          ],
          [
            0.188699,
            -0.000708,
            0.0
          ],
          [
            0.14717,
            0.005857,
            0.0
          ],
          [
            0.041385,
            0.263271,
            0.0
          ],
          [
            0.034302,
            -0.233118,
            0.0
          ],
          [
            0.046116,
            -0.034224,
            0.0
          ],
          [
            0.147861,
            -0.060009,
            0.0
          ],
          [
            -0.155044,
            -0.071864,
            0.0
          ],
          [
            -0.065199,
            -0.054702,
            0.0
          ],
          [
            -0.027834,
            0.031654,
            0.0
          ],
          [
            -0.200358,
            -0.03878,
            0.0
          ],
          [
            -0.033955,
            0.034515,
            0.0
          ],
          [
            -0.047198,
            -0.022316,
            0.0
          ],
          [
            -0.094423,
            0.066819,
            0.0
          ],
          [
            -0.130471,
            0.021199,
            0.0
          ],
          [
            0.0701,
            -0.006311,
            0.0
          ],
          [
            -0.025673,
            -0.098295,
            0.0
          ],
          [
            0.034953,
            0.065699,
            0.0
          ],
          [
            0.110537,
            0.007002,
            0.0
          ],
          [
            -0.070853,
            0.077957,
            0.0
          ],
          [
            -0.026253,
            0.117752,
            0.0
          ],
          [
            -0.034198,
            -0.007863,
            0.0
          ],
          [
            0.186074,
            -0.330583,
            0.0
          ],
          [
            -0.048051,
            -0.099529,
            0.0
          ],
          [
            -0.096494,
            -0.047315,
            0.0
          ],
          [
            -0.002739,
            0.07368,
            0.0
          ],
          [
            -0.018293,
            0.010317,
            0.0
          ],
          [
            -0.057086,
            0.000419,
            0.0
          ],
          [
            0.01342,
            0.175398,
            0.0
          ],
          [
            -0.132727,
            -0.069102,
            0.0
          ],
          [
            0.09806,
            0.130389,
            0.0
          ],
          [
            -0.102933,
            0.143133,
            0.0
          ],
          [
            -0.027187,
            -0.069583,
            0.0
          ],
          [
            0.117495,
            -0.121631,
            0.0
          ],
          [
            0.093761,
            0.019906,
            0.0
          ],
          [
            0.07269,
            0.051966,
            0.0
          ],
          [
            0.045004,
            0.026437,
            0.0
          ],
          [
            0.187691,
            0.16973,
            0.0
          ],
          [
            -0.108912,
            -0.123883,
            0.0
          ],
          [
            -0.061204,
            0.077213,
            0.0
          ],
          [
            0.026027,
            0.049671,
            0.0
          ],
          [
            0.012827,
            -0.023468,
            0.0
          ],
          [
            -0.235607,
            -0.093217,
            0.0
          ],
          [
            -0.15314,
            -0.083941,
            0.0
          ],
          [
            -0.032669,
            -0.197068,
            0.0
          ],
          [
            0.022566,
            0.040167,
            0.0
          ],
          [
            -0.063295,
            0.004721,
            0.0
          ],
          [
            -0.135871,
            -0.012102,
            0.0
          ],
          [
            -0.095165,
            0.077539,
            0.0
          ],
          [
            -0.026652,
            -0.004721,
            0.0
          ],
          [
            -0.002368,
            0.062133,
            0.0
          ],
          [
            0.013052,
            -0.034782,
            0.0
          ],
          [
            -0.007163,
            0.277256,
            0.0
          ],
          [
            0.076502,
            0.100713,
            0.0
          ],
          [
            -0.13906,
            0.057065,
            0.0
          ],
          [
            -0.049286,
            -0.030702,
            0.0
          ],
          [
            -0.055912,
            0.112688,
            0.0
          ],
          [
            -0.149688,
            -0.023177,
            0.0
          ],
          [
            -0.053554,
            -0.064084,
            0.0
          ],
          [
            0.030145,
            0.045514,
            0.0
          ],
          [
            -0.117921,
            0.167445,
            0.0
          ],
          [
            0.069022,
            -0.139231,
            0.0
          ],
          [
            0.06509,
            -0.053234,
            0.0
          ],
          [
            -0.136174,
            0.075196,
            0.0
          ],
          [
            -0.010164,
            -0.099832,
            0.0
          ],
          [
            0.469593,
            -0.156705,
            -0.277714
          ],
          [
            0.469593,
            -0.156705,
            0.277714
          ]
        ],
        "Lattice": [
          [
            14.789999008,
            0.0,
            0.0
          ],
          [
            -7.394999504,
            12.808514863,
            0.0
          ],
          [
            0.0,
            0.0,
            14.909274101
          ]
        ],
        "NumAtoms": 72,
        "Positions": [
          [
            -0.00793,
            -0.01253,
            0.74546
          ],
          [
            13.52076,
            2.09661,
            0.74546
          ],
          [
            -2.40714,
            4.2458,
            0.74546
          ],
          [
            -3.7015,
            6.39183,
            0.74546
          ],
          [
            9.78892,
            8.52305,
            0.74546
          ],
          [
            -6.17483,
            10.64986,
            0.74546
          ],
          [
            -4.94285,
            12.78242,
            0.74546
          ],
          [
            1.17346,
            2.04406,
            0.74546
          ],
          [
            0.1342,
            4.13128,
            0.74546
          ],
          [
            -1.14317,
            6.3609,
            0.74546
          ],
          [
            -2.49322,
            8.50449,
            0.74546
          ],
          [
            -3.70884,
            10.64944,
            0.74546
          ],
          [
            4.9062,
            0.01297,
            0.74546
          ],
          [
            3.57964,
            2.21066,
            0.74546
          ],
          [
            1.64564,
            4.28416,
            0.74546
          ],
          [
            1.56377,
            6.77907,
            0.74546
          ],
          [
            -0.04676,
            8.50158,
            0.74546
          ],
          [
            -1.23072,
            10.65219,
            0.74546
          ],
          [
            0.00908,
            12.7599,
            0.74546
          ],
          [
            6.11713,
            2.13628,
            0.74546
          ],
          [
            4.86343,
            4.30885,
            0.74546
          ],
          [
            2.17424,
            8.05282,
            0.74546
          ],
          [
            1.29802,
            10.56395,
            0.74546
          ],
          [
            2.49304,
            12.71465,
            0.74546
          ],
          [
            8.62439,
            2.08358,
            0.74546
          ],
          [
            7.38709,
            4.22985,
            0.74546
          ],
          [
            6.06139,
            6.35214,
            0.74546
          ],
          [
            3.6807,
            8.10148,
            0.74546
          ],
          [
            3.87865,
            10.60505,
            0.74546
          ],
          [
            12.32715,
            0.03025,
            0.74546
          ],
          [
            11.06872,
            2.11489,
            0.74546
          ],
          [
            9.86228,
            4.26149,
            0.74546
          ],
          [
            8.55459,
            6.40404,
            0.74546
          ],
          [
            7.22054,
            8.55174,
            0.74546
          ],
          [
            6.19619,
            10.75878,
            0.74546
          ],
          [
            1.21922,
            0.65825,
            0.74546
          ],
          [
            -0.04766,
            2.74943,
            0.74546
          ],
          [
            -1.10524,
            4.92017,
            0.74546
          ],
          [
            -2.4394,
            7.07992,
            0.74546
          ],
          [
            -3.74347,
            9.22082,
            0.74546
          ],
          [
            -4.93718,
            11.35293,
            0.74546
          ],
          [
            3.64717,
            0.74717,
            0.74546
          ],
          [
            2.27682,
            2.89641,
            0.74546
          ],
          [
            2.33794,
            5.49507,
            0.74546
          ],
          [
            0.07386,
            7.08893,
            0.74546
          ],
          [
            -1.26504,
            9.22361,
            0.74546
          ],
          [
            -2.47374,
            11.38304,
            0.74546
          ],
          [
            6.15442,
            0.70003,
            0.74546
          ],
          [
            4.84468,
            2.89017,
            0.74546
          ],
          [
            3.8293,
            5.4125,
            0.74546
          ],
          [
            1.22911,
            9.13249,
            0.74546
          ],
          [
            0.03744,
            11.32151,
            0.74546
          ],
          [
            8.64749,
            0.64524,
            0.74546
          ],
          [
            7.37764,
            2.80568,
            0.74546
          ],
          [
            6.1455,
            4.92415,
            0.74546
          ],
          [
            4.6393,
            6.54546,
            0.74546
          ],
          [
            4.49518,
            9.30456,
            0.74546
          ],
          [
            2.55523,
            11.25089,
            0.74546
          ],
          [
            11.07601,
            0.69373,
            0.74546
          ],
          [
            9.84457,
            2.8275,
            0.74546
          ],
          [
            8.60736,
            4.97117,
            0.74546
          ],
          [
            7.27048,
            7.1189,
            0.74546
          ],
          [
            5.97487,
            9.36406,
            0.74546
          ],
          [
            4.99075,
            11.47146,
            0.74546
          ],
          [
            13.55564,
            0.70021,
            0.74546
          ],
          [
            12.31175,
            2.82365,
            0.74546
          ],
          [
            11.11523,
            4.96708,
            0.74546
          ],
          [
            9.81515,
            7.09981,
            0.74546
          ],
          [
            8.52586,
            9.22901,
            0.74546
          ],
          [
            7.41478,
            11.39544,
            0.74546
          ],
          [
            3.84338,
            7.55347,
            1.7373
          ],
          [
            3.84338,
            7.55347,
            -0.24637
          ]
        ],
        "Stress": [
          [
            -29.08499,
            21.63703,
            0.0
          ],
          [
            21.63703,
            -2.26585,
            0.0
          ],
          [
            0.0,
            0.0,
            -1.95456
          ]
        ],
        "computation_code": "VASP",
        "pseudopotential_information": [
          [
            "PAW_PBE",
            "C",
            "08Apr2002"
          ],
          [
            "PAW_PBE",
            "H",
            "15Jun2001"
          ]
        ]
      }
    ],
    "EnergyStyle": "electronvolt",
    "ForcesStyle": "electronvoltperangstrom",
    "LatticeStyle": "angstrom",
    "PositionsStyle": "angstrom",
    "StressStyle": "kB"
  }
}