{
  "Dataset": {
    "AtomTypeStyle": "chemicalsymbol",
    "Data": [
      {
        "AtomTypes": [
          "C",
          "C",
          "C",
          "C",
          "C",
          "C",
          "C",
          "C",
          "C",
          "C",
          "C",
          "C",
          "C",
          "C",
          "C",
          "C",
          "C",
          "C",
          "C",
          "C",
          "C",
          "C",
          "C",
          "C",
          "C",
          "C",
          "C",
          "C",
          "C",
          "C",
          "C",
          "C",
          "C",
          "C",
          "C",
          "C",
          "C",
          "C",
          "C",
          "C",
          "C",
          "C",
          "C",
          "C",
          "C",
          "C",
          "C",
          "C",
          "C",
          "C",
          "C",
          "C",
          "C",
          "C",
          "C",
          "C",
          "C",
          "C",
          "C",
          "C",
          "C",
          "C",
          "C",
          "C",
          "C",
          "C",
          "C",
          "C",
          "C",
          "H",
          "H"
        ],
        "Energy": -538.78905459,
        "Forces": [
          [
            0.851887,
            0.247853,
            0.0
          ],
          [
            1.062827,
            0.33801,
            0.0
          ],
          [
            -0.30246,
            0.102172,
            0.0
          ],
          [
            -0.065865,
            0.041322,
            0.0
          ],
          [
            0.066963,
            0.001021,
            0.0
          ],
          [
            0.006371,
            -0.203275,
            0.0
          ],
          [
            -0.011115,
            0.176125,
            0.0
          ],
          [
            -3.006086,
            -1.998086,
            0.0
          ],
          [
            -0.383859,
            -0.53072,
            0.0
          ],
          [
            -0.079782,
            0.27413,
            0.0
          ],
          [
            0.028986,
            0.074563,
            0.0
          ],
          [
            0.297363,
            -0.23056,
            0.0
          ],
          [
            -0.059336,
            0.142463,
            0.0
          ],
          [
            -1.160644,
            0.202929,
            0.0
          ],
          [
            0.143029,
            0.783689,
            0.0
          ],
          [
            -0.029697,
            0.174977,
            0.0
          ],
          [
            0.059882,
            0.018113,
            0.0
          ],
          [
            -0.002652,
            0.052885,
            0.0
          ],
          [
            0.156761,
            -0.140819,
            0.0
          ],
          [
            0.06454,
            -0.067461,
            0.0
          ],
          [
            -0.046001,
            0.328098,
            0.0
          ],
          [
            0.028424,
            -0.00775,
            0.0
          ],
          [
            0.047326,
            0.055222,
            0.0
          ],
          [
            -0.050724,
            -0.044762,
            0.0
          ],
          [
            -0.12373,
            0.063983,
            0.0
          ],
          [
            -0.019224,
            -0.09056,
            0.0
          ],
          [
            0.00772,
            -0.066113,
            0.0
          ],
          [
            -0.019535,
            -0.022013,
            0.0
          ],
          [
            -0.293252,
            -0.203251,
            0.0
          ],
          [
            -0.51073,
            -0.23502,
            0.0
          ],
          [
            -0.051758,
            0.001052,
            0.0
          ],
          [
            -0.034588,
            -0.030354,
            0.0
          ],
          [
            -0.05187,
            0.051722,
            0.0
          ],
          [
            -0.327213,
            -0.428285,
            0.0
          ],
          [
            -0.570153,
            2.154026,
            0.0
          ],
          [
            1.005448,
            -1.290143,
            0.0
          ],
          [
            0.348777,
            -0.449034,
            0.0
          ],
          [
            -0.15745,
            0.123317,
            0.0
          ],
          [
            0.004308,
            -0.098378,
            0.0
          ],
          [
            0.005642,
            -0.646399,
            0.0
          ],
          [
            0.179658,
            -0.021534,
            0.0
          ],
          [
            -0.559224,
            -0.253197,
            0.0
          ],
          [
            -0.184887,
            0.119779,
            0.0
          ],
          [
            -0.246661,
            0.281387,
            0.0
          ],
          [
            0.068457,
            -0.05978,
            0.0
          ],
          [
            0.025767,
            -0.070956,
            0.0
          ],
          [
            0.094211,
            -0.077169,
            0.0
          ],
          [
            -0.241654,
            0.053944,
            0.0
          ],
          [
            -0.183016,
            0.452039,
            0.0
          ],
          [
            -0.138913,
            0.181934,
            0.0
          ],
          [
            -0.040765,
            -0.046651,
            0.0
          ],
          [
            -0.057903,
            0.040004,
            0.0
          ],
          [
            -0.015246,
            0.022492,
            0.0
          ],
          [
            -0.160398,
            -0.029743,
            0.0
          ],
          [
            -0.08466,
            0.018419,
            0.0
          ],
          [
            -0.084585,
            -0.034873,
            0.0
          ],
          [
            0.018587,
            0.00211,
            0.0
          ],
          [
            -0.128555,
            -0.024583,
            0.0
          ],
          [
            -0.228206,
            0.087886,
            0.0
          ],
          [
            -0.055446,
            0.024884,
            0.0
          ],
          [
            -0.081908,
            -0.032643,
            0.0
          ],
          [
            0.024172,
            -0.09358,
            0.0
          ],
          [
            -0.146258,
            -0.24136,
            0.0
          ],
          [
            -0.499859,
            0.351049,
            0.0
          ],
          [
            -0.167369,
            0.230994,
            0.0
          ],
          [
            0.037589,
            0.005151,
            0.0
          ],
          [
            0.041738,
            0.019481,
            0.0
          ],
          [
            0.05832,
            0.079065,
            0.0
          ],
          [
            -0.100344,
            -0.571446,
            0.0
          ],
          [
            3.014414,
            0.481105,
            0.037973
          ],
          [
            3.014414,
            0.481105,
            -0.037973
          ]
        ],
        "Lattice": [
          [
            14.789999008,
            0.0,
            0.0
          ],
          [
            -7.394999504,
            12.808514863,
            0.0
          ],
          [
            0.0,
            0.0,
            14.909274101
          ]
        ],
        "NumAtoms": 71,
        "Positions": [
          [
            0.00229,
            0.01489,
            0.74546
          ],
          [
            -1.27855,
            2.15673,
            0.74546
          ],
          [
            12.31634,
            4.28173,
            0.74546
          ],
          [
            11.06388,
            6.40766,
            0.74546
          ],
          [
            9.78999,
            8.53914,
            0.74546
          ],
          [
            -6.16122,
            10.6834,
            0.74546
          ],
          [
            2.49484,
            -0.02943,
            0.74546
          ],
          [
            1.29328,
            2.07892,
            0.74546
          ],
          [
            0.00202,
            4.30637,
            0.74546
          ],
          [
            -1.17952,
            6.39803,
            0.74546
          ],
          [
            -2.47402,
            8.51696,
            0.74546
          ],
          [
            -3.68485,
            10.65317,
            0.74546
          ],
          [
            -2.44092,
            12.78361,
            0.74546
          ],
          [
            3.70752,
            2.1408,
            0.74546
          ],
          [
            1.54638,
            6.69244,
            0.74546
          ],
          [
            0.01818,
            8.47653,
            0.74546
          ],
          [
            -1.19104,
            10.62858,
            0.74546
          ],
          [
            0.04049,
            12.74653,
            0.74546
          ],
          [
            6.14629,
            2.13516,
            0.74546
          ],
          [
            4.8301,
            4.32292,
            0.74546
          ],
          [
            2.31318,
            7.97361,
            0.74546
          ],
          [
            1.34456,
            10.53581,
            0.74546
          ],
          [
            2.5188,
            12.72584,
            0.74546
          ],
          [
            8.62975,
            2.09826,
            0.74546
          ],
          [
            7.3517,
            4.25813,
            0.74546
          ],
          [
            5.96835,
            6.39088,
            0.74546
          ],
          [
            3.77831,
            7.96727,
            0.74546
          ],
          [
            3.89622,
            10.59227,
            0.74546
          ],
          [
            12.35769,
            0.05632,
            0.74546
          ],
          [
            11.07725,
            2.14088,
            0.74546
          ],
          [
            9.82169,
            4.27995,
            0.74546
          ],
          [
            8.51631,
            6.42818,
            0.74546
          ],
          [
            7.2221,
            8.57386,
            0.74546
          ],
          [
            6.20796,
            10.76837,
            0.74546
          ],
          [
            1.25767,
            0.63816,
            0.74546
          ],
          [
            -0.08753,
            2.93329,
            0.74546
          ],
          [
            -1.22723,
            4.99285,
            0.74546
          ],
          [
            -2.45132,
            7.10013,
            0.74546
          ],
          [
            -3.72658,
            9.23332,
            0.74546
          ],
          [
            -4.90949,
            11.37338,
            0.74546
          ],
          [
            3.71708,
            0.71129,
            0.74546
          ],
          [
            2.42014,
            2.86944,
            0.74546
          ],
          [
            2.30229,
            5.52127,
            0.74546
          ],
          [
            0.09247,
            7.06399,
            0.74546
          ],
          [
            -1.21791,
            9.20562,
            0.74546
          ],
          [
            -2.43374,
            11.35386,
            0.74546
          ],
          [
            6.18182,
            0.68758,
            0.74546
          ],
          [
            4.89502,
            2.88103,
            0.74546
          ],
          [
            3.75898,
            5.37527,
            0.74546
          ],
          [
            1.32347,
            9.07634,
            0.74546
          ],
          [
            0.0779,
            11.30054,
            0.74546
          ],
          [
            8.66613,
            0.64897,
            0.74546
          ],
          [
            7.3847,
            2.82497,
            0.74546
          ],
          [
            6.10084,
            4.96555,
            0.74546
          ],
          [
            4.50476,
            6.68932,
            0.74546
          ],
          [
            4.50118,
            9.2122,
            0.74546
          ],
          [
            2.58317,
            11.25203,
            0.74546
          ],
          [
            11.10217,
            0.71703,
            0.74546
          ],
          [
            9.84143,
            2.84417,
            0.74546
          ],
          [
            8.57041,
            4.99333,
            0.74546
          ],
          [
            7.22176,
            7.14134,
            0.74546
          ],
          [
            5.99537,
            9.37826,
            0.74546
          ],
          [
            4.99333,
            11.4726,
            0.74546
          ],
          [
            13.57832,
            0.74552,
            0.74546
          ],
          [
            12.29948,
            2.86013,
            0.74546
          ],
          [
            11.06349,
            4.98886,
            0.74546
          ],
          [
            9.78983,
            7.1189,
            0.74546
          ],
          [
            8.53087,
            9.25477,
            0.74546
          ],
          [
            7.42435,
            11.43017,
            0.74546
          ],
          [
            1.38005,
            3.20839,
            1.60733
          ],
          [
            1.38005,
            3.20839,
            -0.1164
          ]
        ],
        "Stress": [
          [
            -33.56421,
            14.59469,
            0.0
          ],
          [
            14.59469,
            -10.17441,
            0.0
          ],
          [
            0.0,
            0.0,
            -1.56799
          ]
        ],
        "computation_code": "VASP",
        "pseudopotential_information": [
          [
            "PAW_PBE",
            "C",
            "08Apr2002"
          ],
          [
            "PAW_PBE",
            "H",
            "15Jun2001"
          ]
        ]
      }
    ],
    "EnergyStyle": "electronvolt",
    "ForcesStyle": "electronvoltperangstrom",
    "LatticeStyle": "angstrom",
    "PositionsStyle": "angstrom",
    "StressStyle": "kB"
  }
}