{
  "Dataset": {
    "AtomTypeStyle": "chemicalsymbol",
    "Data": [
      {
        "AtomTypes": [
          "C",
          "C",
          "C",
          "C",
          "C",
          "C",
          "C",
          "C",
          "C",
          "C",
          "C",
          "C",
          "C",
          "C",
          "C",
          "C",
          "C",
          "C",
          "C",
          "C",
          "C",
          "C",
          "C",
          "C",
          "C",
          "C",
          "C",
          "C",
          "C",
          "C",
          "C",
          "C",
          "C",
          "C",
          "C",
          "C",
          "C",
          "C",
          "C",
          "C",
          "C",
          "C",
          "C",
          "C",
          "C",
          "C",
          "C",
          "C",
          "C",
          "C",
          "C",
          "C",
          "C",
          "C",
          "C",
          "C",
          "C",
          "C",
          "C",
          "C",
          "C",
          "C",
          "C",
          "C",
          "C",
          "C",
          "C",
          "C",
          "C",
          "C",
          "H",
          "H"
        ],
        "Energy": -552.22815551,
        "Forces": [
          [
            -0.053502,
            0.062786,
            0.0
          ],
          [
            -0.159496,
            0.0078,
            0.0
          ],
          [
            -0.055365,
            -0.012423,
            0.0
          ],
          [
            0.045142,
            0.022647,
            0.0
          ],
          [
            -0.021265,
            0.040554,
            0.0
          ],
          [
            0.008793,
            0.017406,
            0.0
          ],
          [
            -0.026476,
            -0.001531,
            0.0
          ],
          [
            -0.058627,
            -0.055268,
            0.0
          ],
          [
            -0.109339,
            -0.055385,
            0.0
          ],
          [
            -0.010225,
            -0.075118,
            0.0
          ],
          [
            0.021063,
            0.021133,
            0.0
          ],
          [
            0.043621,
            0.072298,
            0.0
          ],
          [
            -0.020281,
            -0.054739,
            0.0
          ],
          [
            -0.032031,
            -0.000284,
            0.0
          ],
          [
            -0.026555,
            0.000716,
            0.0
          ],
          [
            0.07174,
            -0.02015,
            0.0
          ],
          [
            0.049994,
            -0.043462,
            0.0
          ],
          [
            0.0248,
            -0.003909,
            0.0
          ],
          [
            -0.022158,
            -0.080157,
            0.0
          ],
          [
            -0.033926,
            0.062365,
            0.0
          ],
          [
            0.041778,
            0.009123,
            0.0
          ],
          [
            0.028086,
            0.00327,
            0.0
          ],
          [
            0.005626,
            0.028875,
            0.0
          ],
          [
            0.047889,
            0.103677,
            0.0
          ],
          [
            0.148464,
            -0.008311,
            0.0
          ],
          [
            0.01658,
            0.096768,
            0.0
          ],
          [
            -0.05887,
            -0.004517,
            0.0
          ],
          [
            0.049425,
            -0.019672,
            0.0
          ],
          [
            0.080371,
            0.043404,
            0.0
          ],
          [
            -0.109816,
            0.165064,
            0.0
          ],
          [
            0.005666,
            -0.076106,
            0.0
          ],
          [
            0.036754,
            0.050034,
            0.0
          ],
          [
            0.045738,
            -0.042304,
            0.0
          ],
          [
            0.017793,
            0.059195,
            0.0
          ],
          [
            0.018393,
            0.04184,
            0.0
          ],
          [
            0.065896,
            -0.043265,
            0.0
          ],
          [
            0.033038,
            0.077375,
            0.0
          ],
          [
            0.02248,
            0.009662,
            0.0
          ],
          [
            0.098106,
            0.039028,
            0.0
          ],
          [
            -0.03964,
            0.15074,
            0.0
          ],
          [
            -0.056215,
            -0.019933,
            0.0
          ],
          [
            0.032164,
            -0.008734,
            0.0
          ],
          [
            0.039924,
            -0.046537,
            0.0
          ],
          [
            0.039443,
            -0.053489,
            0.0
          ],
          [
            0.04493,
            -0.004659,
            0.0
          ],
          [
            0.080195,
            0.080803,
            0.0
          ],
          [
            0.041939,
            0.046874,
            0.0
          ],
          [
            -0.040433,
            0.050442,
            0.0
          ],
          [
            -0.052548,
            -0.092871,
            0.0
          ],
          [
            -0.052005,
            0.002163,
            0.0
          ],
          [
            -0.008072,
            -0.003974,
            0.0
          ],
          [
            -0.013043,
            -0.01914,
            0.0
          ],
          [
            0.029849,
            -0.037617,
            0.0
          ],
          [
            -0.014621,
            -0.012351,
            0.0
          ],
          [
            -0.035766,
            0.055601,
            0.0
          ],
          [
            0.009202,
            0.069456,
            0.0
          ],
          [
            -0.011355,
            -0.029047,
            0.0
          ],
          [
            0.084238,
            -0.02918,
            0.0
          ],
          [
            -0.059575,
            -0.056927,
            0.0
          ],
          [
            -0.008989,
            0.050917,
            0.0
          ],
          [
            -0.008848,
            0.01163,
            0.0
          ],
          [
            -0.0191,
            0.024254,
            0.0
          ],
          [
            -0.05439,
            0.018412,
            0.0
          ],
          [
            -0.012062,
            -0.218361,
            0.0
          ],
          [
            -0.033316,
            -0.005104,
            0.0
          ],
          [
            -0.049609,
            0.049887,
            0.0
          ],
          [
            -0.042602,
            0.028785,
            0.0
          ],
          [
            -0.050229,
            -0.03325,
            0.0
          ],
          [
            0.03458,
            0.045486,
            0.0
          ],
          [
            -0.000174,
            -0.186461,
            0.0
          ],
          [
            -0.001587,
            -0.133117,
            0.013237
          ],
          [
            -0.001587,
            -0.133117,
            -0.013237
          ]
        ],
        "Lattice": [
          [
            14.789999008,
            0.0,
            0.0
          ],
          [
            -7.394999504,
            12.808514863,
            0.0
          ],
          [
            0.0,
            0.0,
            14.909274101
          ]
        ],
        "NumAtoms": 72,
        "Positions": [
          [
            -0.00796,
            -0.00355,
            0.74546
          ],
          [
            13.52218,
            2.10872,
            0.74546
          ],
          [
            -2.40924,
            4.24752,
            0.74546
          ],
          [
            -3.70695,
            6.37452,
            0.74546
          ],
          [
            9.78412,
            8.51035,
            0.74546
          ],
          [
            -6.17905,
            10.65349,
            0.74546
          ],
          [
            -4.94325,
            12.78203,
            0.74546
          ],
          [
            1.17729,
            2.05484,
            0.74546
          ],
          [
            0.13861,
            4.14421,
            0.74546
          ],
          [
            -1.14179,
            6.35405,
            0.74546
          ],
          [
            -2.492,
            8.48835,
            0.74546
          ],
          [
            -3.71227,
            10.63367,
            0.74546
          ],
          [
            4.8888,
            0.00445,
            0.74546
          ],
          [
            3.57088,
            2.21182,
            0.74546
          ],
          [
            1.64121,
            4.29107,
            0.74546
          ],
          [
            1.55986,
            6.77729,
            0.74546
          ],
          [
            -0.03774,
            8.50383,
            0.74546
          ],
          [
            -1.24011,
            10.64463,
            0.74546
          ],
          [
            -0.00967,
            12.7615,
            0.74546
          ],
          [
            6.0952,
            2.13228,
            0.74546
          ],
          [
            4.85023,
            4.31009,
            0.74546
          ],
          [
            2.20305,
            8.04254,
            0.74546
          ],
          [
            1.29278,
            10.56991,
            0.74546
          ],
          [
            2.48122,
            12.72875,
            0.74546
          ],
          [
            8.59817,
            2.08779,
            0.74546
          ],
          [
            7.37182,
            4.22772,
            0.74546
          ],
          [
            6.06056,
            6.34448,
            0.74546
          ],
          [
            3.6928,
            8.10421,
            0.74546
          ],
          [
            3.86171,
            10.61457,
            0.74546
          ],
          [
            12.32211,
            0.03872,
            0.74546
          ],
          [
            11.0577,
            2.127,
            0.74546
          ],
          [
            9.84656,
            4.25697,
            0.74546
          ],
          [
            8.54172,
            6.40287,
            0.74546
          ],
          [
            7.21053,
            8.56022,
            0.74546
          ],
          [
            6.18639,
            10.76575,
            0.74546
          ],
          [
            1.22067,
            0.66763,
            0.74546
          ],
          [
            -0.04727,
            2.76159,
            0.74546
          ],
          [
            -1.10666,
            4.92113,
            0.74546
          ],
          [
            -2.43997,
            7.062,
            0.74546
          ],
          [
            -3.74331,
            9.2029,
            0.74546
          ],
          [
            -4.9362,
            11.3506,
            0.74546
          ],
          [
            3.63973,
            0.74777,
            0.74546
          ],
          [
            2.27765,
            2.90839,
            0.74546
          ],
          [
            2.3316,
            5.49642,
            0.74546
          ],
          [
            0.07719,
            7.09046,
            0.74546
          ],
          [
            -1.26583,
            9.21562,
            0.74546
          ],
          [
            -2.48419,
            11.37163,
            0.74546
          ],
          [
            6.13164,
            0.69394,
            0.74546
          ],
          [
            4.83022,
            2.89106,
            0.74546
          ],
          [
            3.82105,
            5.40506,
            0.74546
          ],
          [
            1.24447,
            9.13096,
            0.74546
          ],
          [
            0.02558,
            11.32028,
            0.74546
          ],
          [
            8.62536,
            0.65107,
            0.74546
          ],
          [
            7.35429,
            2.80553,
            0.74546
          ],
          [
            6.13618,
            4.92321,
            0.74546
          ],
          [
            4.63045,
            6.5529,
            0.74546
          ],
          [
            4.48151,
            9.31631,
            0.74546
          ],
          [
            2.53941,
            11.27156,
            0.74546
          ],
          [
            11.0702,
            0.70817,
            0.74546
          ],
          [
            9.8229,
            2.82846,
            0.74546
          ],
          [
            8.59162,
            4.9683,
            0.74546
          ],
          [
            7.26067,
            7.12128,
            0.74546
          ],
          [
            5.96897,
            9.37611,
            0.74546
          ],
          [
            4.97775,
            11.48111,
            0.74546
          ],
          [
            13.55464,
            0.7109,
            0.74546
          ],
          [
            12.30579,
            2.83142,
            0.74546
          ],
          [
            11.10825,
            4.95436,
            0.74546
          ],
          [
            9.81058,
            7.08887,
            0.74546
          ],
          [
            8.51755,
            9.22909,
            0.74546
          ],
          [
            7.41036,
            11.40396,
            0.74546
          ],
          [
            4.07086,
            7.51913,
            1.69318
          ],
          [
            4.07086,
            7.51913,
            -0.20226
          ]
        ],
        "Stress": [
          [
            -30.89398,
            21.69992,
            0.0
          ],
          [
            21.69992,
            -2.24778,
            0.0
          ],
          [
            0.0,
            0.0,
            -1.63642
          ]
        ],
        "computation_code": "VASP",
        "pseudopotential_information": [
          [
            "PAW_PBE",
            "C",
            "08Apr2002"
          ],
          [
            "PAW_PBE",
            "H",
            "15Jun2001"
          ]
        ]
      }
    ],
    "EnergyStyle": "electronvolt",
    "ForcesStyle": "electronvoltperangstrom",
    "LatticeStyle": "angstrom",
    "PositionsStyle": "angstrom",
    "StressStyle": "kB"
  }
}