{
  "Dataset": {
    "AtomTypeStyle": "chemicalsymbol",
    "Data": [
      {
        "AtomTypes": [
          "C",
          "C",
          "C",
          "C",
          "C",
          "C",
          "C",
          "C",
          "C",
          "C",
          "C",
          "C",
          "C",
          "C",
          "C",
          "C",
          "C",
          "C",
          "C",
          "C",
          "C",
          "C",
          "C",
          "C",
          "C",
          "C",
          "C",
          "C",
          "C",
          "C",
          "C",
          "C",
          "C",
          "C",
          "C",
          "C",
          "C",
          "C",
          "C",
          "C",
          "C",
          "C",
          "C",
          "C",
          "C",
          "C",
          "C",
          "C",
          "C",
          "C",
          "C",
          "C",
          "C",
          "C",
          "C",
          "C",
          "C",
          "C",
          "C",
          "C",
          "C",
          "C",
          "C",
          "C",
          "C",
          "C",
          "C",
          "C",
          "C",
          "H",
          "H"
        ],
        "Energy": -545.12665397,
        "Forces": [
          [
            -0.056287,
            -0.035212,
            0.0
          ],
          [
            0.003111,
            0.035991,
            0.0
          ],
          [
            -0.011078,
            0.039256,
            0.0
          ],
          [
            -0.008394,
            -0.048643,
            0.0
          ],
          [
            -0.023581,
            0.010196,
            0.0
          ],
          [
            0.010396,
            0.032198,
            0.0
          ],
          [
            0.049614,
            -0.015942,
            0.0
          ],
          [
            0.053337,
            0.080851,
            0.0
          ],
          [
            0.057321,
            0.037786,
            0.0
          ],
          [
            -0.062366,
            0.006698,
            0.0
          ],
          [
            -0.030491,
            -0.000288,
            0.0
          ],
          [
            0.037872,
            0.021708,
            0.0
          ],
          [
            -0.017255,
            0.058706,
            0.0
          ],
          [
            -0.013524,
            0.004491,
            0.0
          ],
          [
            -0.008331,
            -0.01898,
            0.0
          ],
          [
            0.007869,
            0.019496,
            0.0
          ],
          [
            0.018856,
            -0.034937,
            0.0
          ],
          [
            0.034944,
            0.010805,
            0.0
          ],
          [
            -0.062283,
            0.001166,
            0.0
          ],
          [
            0.030588,
            0.038413,
            0.0
          ],
          [
            -0.037113,
            -0.029698,
            0.0
          ],
          [
            -0.042153,
            -0.036521,
            0.0
          ],
          [
            0.004805,
            -0.011517,
            0.0
          ],
          [
            0.014762,
            0.007785,
            0.0
          ],
          [
            0.01947,
            0.024158,
            0.0
          ],
          [
            -0.016382,
            -0.026268,
            0.0
          ],
          [
            0.062855,
            -0.04679,
            0.0
          ],
          [
            0.029792,
            -0.001858,
            0.0
          ],
          [
            0.009491,
            0.024404,
            0.0
          ],
          [
            -0.083191,
            -0.025923,
            0.0
          ],
          [
            0.006453,
            -0.009584,
            0.0
          ],
          [
            -0.032428,
            0.059402,
            0.0
          ],
          [
            -0.00628,
            0.003715,
            0.0
          ],
          [
            0.048121,
            -0.007577,
            0.0
          ],
          [
            -0.030269,
            0.015963,
            0.0
          ],
          [
            -0.027822,
            0.018026,
            0.0
          ],
          [
            0.034169,
            0.004087,
            0.0
          ],
          [
            -0.021061,
            -0.023103,
            0.0
          ],
          [
            0.003154,
            0.0208,
            0.0
          ],
          [
            0.015518,
            0.060121,
            0.0
          ],
          [
            -0.051639,
            0.03659,
            0.0
          ],
          [
            0.046427,
            0.018584,
            0.0
          ],
          [
            -0.026156,
            -0.085781,
            0.0
          ],
          [
            0.017672,
            -0.012121,
            0.0
          ],
          [
            -0.00502,
            0.011773,
            0.0
          ],
          [
            0.03602,
            0.002182,
            0.0
          ],
          [
            -0.012042,
            0.009014,
            0.0
          ],
          [
            -0.006724,
            0.01121,
            0.0
          ],
          [
            -0.001182,
            0.019026,
            0.0
          ],
          [
            -0.003023,
            -0.073154,
            0.0
          ],
          [
            0.048127,
            -0.033807,
            0.0
          ],
          [
            0.044228,
            -0.021978,
            0.0
          ],
          [
            -0.056432,
            -0.023895,
            0.0
          ],
          [
            -0.005835,
            0.01551,
            0.0
          ],
          [
            0.022696,
            -0.06048,
            0.0
          ],
          [
            -0.014386,
            -0.039242,
            0.0
          ],
          [
            -0.040887,
            -0.048144,
            0.0
          ],
          [
            -0.007414,
            -0.011363,
            0.0
          ],
          [
            -0.014114,
            -0.002221,
            0.0
          ],
          [
            0.020604,
            -0.023552,
            0.0
          ],
          [
            -0.002879,
            0.038377,
            0.0
          ],
          [
            -0.010103,
            -0.044663,
            0.0
          ],
          [
            0.064958,
            -0.029839,
            0.0
          ],
          [
            0.050108,
            0.000247,
            0.0
          ],
          [
            -0.019592,
            0.016065,
            0.0
          ],
          [
            0.002253,
            0.02464,
            0.0
          ],
          [
            -0.034578,
            0.006311,
            0.0
          ],
          [
            0.018605,
            0.009128,
            0.0
          ],
          [
            -0.038305,
            -0.026942,
            0.0
          ],
          [
            0.008201,
            0.027573,
            -0.007447
          ],
          [
            0.008201,
            0.027573,
            0.007447
          ]
        ],
        "Lattice": [
          [
            14.789999008,
            0.0,
            0.0
          ],
          [
            -7.394999504,
            12.808514863,
            0.0
          ],
          [
            0.0,
            0.0,
            14.909274101
          ]
        ],
        "NumAtoms": 71,
        "Positions": [
          [
            0.03107,
            0.0595,
            0.74546
          ],
          [
            -1.2379,
            2.15536,
            0.74546
          ],
          [
            -2.51367,
            4.28179,
            0.74546
          ],
          [
            11.06179,
            6.41702,
            0.74546
          ],
          [
            9.8029,
            8.55149,
            0.74546
          ],
          [
            -6.15267,
            10.69572,
            0.74546
          ],
          [
            2.48145,
            0.02885,
            0.74546
          ],
          [
            1.22994,
            2.20162,
            0.74546
          ],
          [
            -0.02008,
            4.29128,
            0.74546
          ],
          [
            -1.19843,
            6.36962,
            0.74546
          ],
          [
            -2.46818,
            8.52038,
            0.74546
          ],
          [
            -3.68216,
            10.66956,
            0.74546
          ],
          [
            4.94309,
            0.0012,
            0.74546
          ],
          [
            3.65434,
            2.22269,
            0.74546
          ],
          [
            1.61337,
            6.61904,
            0.74546
          ],
          [
            0.03716,
            8.44201,
            0.74546
          ],
          [
            -1.18423,
            10.62354,
            0.74546
          ],
          [
            0.0387,
            12.74601,
            0.74546
          ],
          [
            6.1493,
            2.14622,
            0.74546
          ],
          [
            4.90824,
            4.34156,
            0.74546
          ],
          [
            2.34435,
            7.92291,
            0.74546
          ],
          [
            1.34894,
            10.5131,
            0.74546
          ],
          [
            2.51796,
            12.72209,
            0.74546
          ],
          [
            8.62956,
            2.09733,
            0.74546
          ],
          [
            7.37962,
            4.26399,
            0.74546
          ],
          [
            6.0315,
            6.40821,
            0.74546
          ],
          [
            3.81382,
            7.96303,
            0.74546
          ],
          [
            3.89662,
            10.59257,
            0.74546
          ],
          [
            12.34757,
            0.0492,
            0.74546
          ],
          [
            11.07763,
            2.14139,
            0.74546
          ],
          [
            9.8167,
            4.28284,
            0.74546
          ],
          [
            8.5415,
            6.43635,
            0.74546
          ],
          [
            7.2462,
            8.58846,
            0.74546
          ],
          [
            6.21393,
            10.77795,
            0.74546
          ],
          [
            1.25954,
            0.75783,
            0.74546
          ],
          [
            -0.03057,
            2.83964,
            0.74546
          ],
          [
            -1.30638,
            4.98018,
            0.74546
          ],
          [
            -2.46123,
            7.10619,
            0.74546
          ],
          [
            -3.71848,
            9.24214,
            0.74546
          ],
          [
            -4.91321,
            11.39368,
            0.74546
          ],
          [
            3.70007,
            0.74771,
            0.74546
          ],
          [
            2.43495,
            2.9283,
            0.74546
          ],
          [
            2.49149,
            5.38208,
            0.74546
          ],
          [
            0.11386,
            7.01574,
            0.74546
          ],
          [
            -1.2015,
            9.19411,
            0.74546
          ],
          [
            -2.43404,
            11.36851,
            0.74546
          ],
          [
            6.18362,
            0.69472,
            0.74546
          ],
          [
            4.90518,
            2.92062,
            0.74546
          ],
          [
            3.88417,
            5.42976,
            0.74546
          ],
          [
            1.33422,
            9.04914,
            0.74546
          ],
          [
            0.08354,
            11.28878,
            0.74546
          ],
          [
            8.66073,
            0.64759,
            0.74546
          ],
          [
            7.39083,
            2.83174,
            0.74546
          ],
          [
            6.15971,
            4.98108,
            0.74546
          ],
          [
            4.58297,
            6.71873,
            0.74546
          ],
          [
            4.5235,
            9.20912,
            0.74546
          ],
          [
            2.59212,
            11.24119,
            0.74546
          ],
          [
            11.09581,
            0.70646,
            0.74546
          ],
          [
            9.83401,
            2.84696,
            0.74546
          ],
          [
            8.58425,
            5.00363,
            0.74546
          ],
          [
            7.25916,
            7.15708,
            0.74546
          ],
          [
            6.00601,
            9.3813,
            0.74546
          ],
          [
            4.99006,
            11.46887,
            0.74546
          ],
          [
            13.57541,
            0.74538,
            0.74546
          ],
          [
            12.29265,
            2.85413,
            0.74546
          ],
          [
            11.04257,
            4.99559,
            0.74546
          ],
          [
            9.80147,
            7.13163,
            0.74546
          ],
          [
            8.54462,
            9.26797,
            0.74546
          ],
          [
            7.43598,
            11.44555,
            0.74546
          ],
          [
            0.56229,
            4.63633,
            1.61627
          ],
          [
            0.56229,
            4.63633,
            -0.12534
          ]
        ],
        "Stress": [
          [
            -25.2471,
            17.33722,
            0.0
          ],
          [
            17.33722,
            -22.43638,
            0.0
          ],
          [
            0.0,
            0.0,
            -1.62286
          ]
        ],
        "computation_code": "VASP",
        "pseudopotential_information": [
          [
            "PAW_PBE",
            "C",
            "08Apr2002"
          ],
          [
            "PAW_PBE",
            "H",
            "15Jun2001"
          ]
        ]
      }
    ],
    "EnergyStyle": "electronvolt",
    "ForcesStyle": "electronvoltperangstrom",
    "LatticeStyle": "angstrom",
    "PositionsStyle": "angstrom",
    "StressStyle": "kB"
  }
}