{
  "Dataset": {
    "AtomTypeStyle": "chemicalsymbol",
    "Data": [
      {
        "AtomTypes": [
          "C",
          "C",
          "C",
          "C",
          "C",
          "C",
          "C",
          "C",
          "C",
          "C",
          "C",
          "C",
          "C",
          "C",
          "C",
          "C",
          "C",
          "C",
          "C",
          "C",
          "C",
          "C",
          "C",
          "C",
          "C",
          "C",
          "C",
          "C",
          "C",
          "C",
          "C",
          "C",
          "C",
          "C",
          "C",
          "C",
          "C",
          "C",
          "C",
          "C",
          "C",
          "C",
          "C",
          "C",
          "C",
          "C",
          "C",
          "C",
          "C",
          "C",
          "C",
          "C",
          "C",
          "C",
          "C",
          "C",
          "C",
          "C",
          "C",
          "C",
          "C",
          "C",
          "C",
          "C",
          "C",
          "C",
          "C",
          "C",
          "C",
          "H",
          "H"
        ],
        "Energy": -543.85722166,
        "Forces": [
          [
            -0.006726,
            0.003506,
            0.0
          ],
          [
            0.011995,
            -0.004507,
            0.0
          ],
          [
            0.002248,
            0.010691,
            0.0
          ],
          [
            0.004018,
            -0.001857,
            0.0
          ],
          [
            0.00158,
            0.002637,
            0.0
          ],
          [
            0.000852,
            -0.000165,
            0.0
          ],
          [
            -0.006055,
            0.002258,
            0.0
          ],
          [
            -0.014808,
            0.001801,
            0.0
          ],
          [
            0.00171,
            3.2e-05,
            0.0
          ],
          [
            0.002483,
            0.011867,
            0.0
          ],
          [
            -0.000487,
            -0.003315,
            0.0
          ],
          [
            -0.000173,
            -0.000961,
            0.0
          ],
          [
            0.004059,
            0.001033,
            0.0
          ],
          [
            0.015699,
            0.011601,
            0.0
          ],
          [
            -0.000538,
            -0.003736,
            0.0
          ],
          [
            0.001947,
            -0.004566,
            0.0
          ],
          [
            0.001935,
            0.000901,
            0.0
          ],
          [
            -9.3e-05,
            0.002162,
            0.0
          ],
          [
            -0.002923,
            0.002341,
            0.0
          ],
          [
            0.000144,
            0.001534,
            0.0
          ],
          [
            0.001806,
            0.00101,
            0.0
          ],
          [
            -0.001322,
            0.00046,
            0.0
          ],
          [
            -0.000681,
            0.002767,
            0.0
          ],
          [
            0.002912,
            -3e-05,
            0.0
          ],
          [
            -0.001486,
            0.001722,
            0.0
          ],
          [
            0.002722,
            0.00217,
            0.0
          ],
          [
            0.000272,
            0.000804,
            0.0
          ],
          [
            -0.001026,
            -0.001732,
            0.0
          ],
          [
            -0.002391,
            0.001912,
            0.0
          ],
          [
            -0.009145,
            -0.000861,
            0.0
          ],
          [
            -0.001603,
            0.001127,
            0.0
          ],
          [
            0.000245,
            0.002708,
            0.0
          ],
          [
            -0.001377,
            -0.000265,
            0.0
          ],
          [
            -0.005021,
            0.00052,
            0.0
          ],
          [
            0.010427,
            -0.010549,
            0.0
          ],
          [
            -0.005988,
            0.010261,
            0.0
          ],
          [
            0.003993,
            -0.02291,
            0.0
          ],
          [
            0.001244,
            0.001356,
            0.0
          ],
          [
            0.001165,
            -0.002521,
            0.0
          ],
          [
            0.001608,
            0.006436,
            0.0
          ],
          [
            -0.011871,
            -0.00774,
            0.0
          ],
          [
            0.003341,
            0.004629,
            0.0
          ],
          [
            0.00401,
            -0.000305,
            0.0
          ],
          [
            0.00489,
            -0.003648,
            0.0
          ],
          [
            0.000849,
            -0.00315,
            0.0
          ],
          [
            0.000466,
            -0.002448,
            0.0
          ],
          [
            -0.000345,
            0.00025,
            0.0
          ],
          [
            -0.015259,
            -0.004496,
            0.0
          ],
          [
            0.000718,
            0.002335,
            0.0
          ],
          [
            -0.00157,
            -0.001319,
            0.0
          ],
          [
            7.8e-05,
            0.002265,
            0.0
          ],
          [
            -0.002381,
            0.002869,
            0.0
          ],
          [
            0.002498,
            -1.7e-05,
            0.0
          ],
          [
            0.000601,
            0.00248,
            0.0
          ],
          [
            0.001513,
            -0.001568,
            0.0
          ],
          [
            -0.000545,
            0.001766,
            0.0
          ],
          [
            -0.000663,
            -0.001418,
            0.0
          ],
          [
            -0.000991,
            0.00087,
            0.0
          ],
          [
            -0.002019,
            3e-05,
            0.0
          ],
          [
            -0.003321,
            0.001729,
            0.0
          ],
          [
            0.00193,
            0.001056,
            0.0
          ],
          [
            -0.001199,
            -0.000956,
            0.0
          ],
          [
            -0.000943,
            -0.004296,
            0.0
          ],
          [
            -0.007067,
            0.00118,
            0.0
          ],
          [
            -0.004534,
            -0.002291,
            0.0
          ],
          [
            0.002893,
            -0.005104,
            0.0
          ],
          [
            0.001591,
            0.005058,
            0.0
          ],
          [
            0.000455,
            -0.000124,
            0.0
          ],
          [
            0.002799,
            -0.003816,
            0.0
          ],
          [
            0.005427,
            -0.005734,
            0.000963
          ],
          [
            0.005427,
            -0.005734,
            -0.000963
          ]
        ],
        "Lattice": [
          [
            14.789999008,
            0.0,
            0.0
          ],
          [
            -7.394999504,
            12.808514863,
            0.0
          ],
          [
            0.0,
            0.0,
            14.909274101
          ]
        ],
        "NumAtoms": 71,
        "Positions": [
          [
            0.02118,
            0.03442,
            0.74546
          ],
          [
            -1.23558,
            2.15741,
            0.74546
          ],
          [
            12.28471,
            4.27156,
            0.74546
          ],
          [
            11.05678,
            6.40806,
            0.74546
          ],
          [
            9.78648,
            8.53732,
            0.74546
          ],
          [
            -6.16865,
            10.67333,
            0.74546
          ],
          [
            2.48082,
            -0.0114,
            0.74546
          ],
          [
            1.27276,
            2.15011,
            0.74546
          ],
          [
            -0.10201,
            4.23698,
            0.74546
          ],
          [
            -1.18217,
            6.40242,
            0.74546
          ],
          [
            -2.48571,
            8.52011,
            0.74546
          ],
          [
            -3.69521,
            10.6525,
            0.74546
          ],
          [
            -2.44064,
            12.77086,
            0.74546
          ],
          [
            3.70398,
            2.11076,
            0.74546
          ],
          [
            1.56265,
            6.76354,
            0.74546
          ],
          [
            -0.0018,
            8.50616,
            0.74546
          ],
          [
            -1.19865,
            10.63336,
            0.74546
          ],
          [
            0.03197,
            12.74809,
            0.74546
          ],
          [
            6.1514,
            2.13306,
            0.74546
          ],
          [
            4.85804,
            4.32937,
            0.74546
          ],
          [
            2.29347,
            7.96951,
            0.74546
          ],
          [
            1.32701,
            10.53644,
            0.74546
          ],
          [
            2.51662,
            12.72061,
            0.74546
          ],
          [
            8.62983,
            2.08748,
            0.74546
          ],
          [
            7.36412,
            4.25086,
            0.74546
          ],
          [
            6.01994,
            6.38025,
            0.74546
          ],
          [
            3.78251,
            7.97455,
            0.74546
          ],
          [
            3.87912,
            10.58757,
            0.74546
          ],
          [
            12.34567,
            0.04535,
            0.74546
          ],
          [
            11.07407,
            2.13229,
            0.74546
          ],
          [
            9.81958,
            4.27274,
            0.74546
          ],
          [
            8.52739,
            6.41661,
            0.74546
          ],
          [
            7.21853,
            8.57571,
            0.74546
          ],
          [
            6.20166,
            10.7588,
            0.74546
          ],
          [
            1.25444,
            0.71986,
            0.74546
          ],
          [
            -0.00565,
            2.88806,
            0.74546
          ],
          [
            -1.25592,
            4.97517,
            0.74546
          ],
          [
            -2.46043,
            7.10515,
            0.74546
          ],
          [
            -3.7391,
            9.22854,
            0.74546
          ],
          [
            -4.92213,
            11.36717,
            0.74546
          ],
          [
            3.72023,
            0.67743,
            0.74546
          ],
          [
            2.4884,
            2.74202,
            0.74546
          ],
          [
            2.29605,
            5.40232,
            0.74546
          ],
          [
            0.08786,
            7.08437,
            0.74546
          ],
          [
            -1.23286,
            9.2149,
            0.74546
          ],
          [
            -2.44136,
            11.35182,
            0.74546
          ],
          [
            6.18419,
            0.68238,
            0.74546
          ],
          [
            4.90365,
            2.88862,
            0.74546
          ],
          [
            3.84223,
            5.4461,
            0.74546
          ],
          [
            1.28337,
            9.11592,
            0.74546
          ],
          [
            0.06148,
            11.30506,
            0.74546
          ],
          [
            8.66376,
            0.64697,
            0.74546
          ],
          [
            7.38933,
            2.81856,
            0.74546
          ],
          [
            6.13434,
            4.96247,
            0.74546
          ],
          [
            4.52183,
            6.682,
            0.74546
          ],
          [
            4.48799,
            9.19572,
            0.74546
          ],
          [
            2.58605,
            11.25091,
            0.74546
          ],
          [
            11.09641,
            0.70582,
            0.74546
          ],
          [
            9.84131,
            2.8373,
            0.74546
          ],
          [
            8.57573,
            4.98954,
            0.74546
          ],
          [
            7.22876,
            7.12814,
            0.74546
          ],
          [
            5.99771,
            9.3641,
            0.74546
          ],
          [
            4.98517,
            11.46131,
            0.74546
          ],
          [
            13.57806,
            0.74645,
            0.74546
          ],
          [
            12.30839,
            2.85398,
            0.74546
          ],
          [
            11.04818,
            4.98302,
            0.74546
          ],
          [
            9.79202,
            7.11258,
            0.74546
          ],
          [
            8.52617,
            9.25045,
            0.74546
          ],
          [
            7.42492,
            11.42516,
            0.74546
          ],
          [
            1.94446,
            4.79794,
            1.61902
          ],
          [
            1.94446,
            4.79794,
            -0.12809
          ]
        ],
        "Stress": [
          [
            -25.18615,
            12.52933,
            0.0
          ],
          [
            12.52933,
            -10.63358,
            0.0
          ],
          [
            0.0,
            0.0,
            -1.59794
          ]
        ],
        "computation_code": "VASP",
        "pseudopotential_information": [
          [
            "PAW_PBE",
            "C",
            "08Apr2002"
          ],
          [
            "PAW_PBE",
            "H",
            "15Jun2001"
          ]
        ]
      }
    ],
    "EnergyStyle": "electronvolt",
    "ForcesStyle": "electronvoltperangstrom",
    "LatticeStyle": "angstrom",
    "PositionsStyle": "angstrom",
    "StressStyle": "kB"
  }
}