{
  "Dataset": {
    "AtomTypeStyle": "chemicalsymbol",
    "Data": [
      {
        "AtomTypes": [
          "C",
          "C",
          "C",
          "C",
          "C",
          "C",
          "C",
          "C",
          "C",
          "C",
          "C",
          "C",
          "C",
          "C",
          "C",
          "C",
          "C",
          "C",
          "C",
          "C",
          "C",
          "C",
          "C",
          "C",
          "C",
          "C",
          "C",
          "C",
          "C",
          "C",
          "C",
          "C",
          "C",
          "C",
          "C",
          "C",
          "C",
          "C",
          "C",
          "C",
          "C",
          "C",
          "C",
          "C",
          "C",
          "C",
          "C",
          "C",
          "C",
          "C",
          "C",
          "C",
          "C",
          "C",
          "C",
          "C",
          "C",
          "C",
          "C",
          "C",
          "C",
          "C",
          "C",
          "C",
          "C",
          "C",
          "C",
          "C",
          "C",
          "C",
          "H",
          "H"
        ],
        "Energy": -552.84965684,
        "Forces": [
          [
            -0.040342,
            0.08574,
            0.0
          ],
          [
            0.042388,
            -0.067368,
            0.0
          ],
          [
            -0.080526,
            -0.100607,
            0.0
          ],
          [
            -0.027668,
            0.043402,
            0.0
          ],
          [
            -0.076115,
            -0.028635,
            0.0
          ],
          [
            -0.17584,
            -0.024937,
            0.0
          ],
          [
            0.075021,
            -0.036881,
            0.0
          ],
          [
            0.105959,
            0.088655,
            0.0
          ],
          [
            -0.03491,
            -0.0285,
            0.0
          ],
          [
            0.085303,
            -0.081972,
            0.0
          ],
          [
            -0.023341,
            -0.065377,
            0.0
          ],
          [
            -0.058081,
            0.004847,
            0.0
          ],
          [
            0.017279,
            -0.026914,
            0.0
          ],
          [
            0.04827,
            -0.114738,
            0.0
          ],
          [
            0.091214,
            -0.129511,
            0.0
          ],
          [
            0.057681,
            0.077086,
            0.0
          ],
          [
            -0.093051,
            0.036649,
            0.0
          ],
          [
            0.008837,
            0.033108,
            0.0
          ],
          [
            -0.096887,
            0.026007,
            0.0
          ],
          [
            0.063751,
            -0.131657,
            0.0
          ],
          [
            0.004697,
            -0.089498,
            0.0
          ],
          [
            0.130848,
            -0.069555,
            0.0
          ],
          [
            -0.133298,
            0.069778,
            0.0
          ],
          [
            0.006256,
            0.112876,
            0.0
          ],
          [
            0.069298,
            -0.09568,
            0.0
          ],
          [
            0.105884,
            -0.020795,
            0.0
          ],
          [
            0.030886,
            0.033371,
            0.0
          ],
          [
            0.0952,
            -0.042887,
            0.0
          ],
          [
            0.017716,
            0.146297,
            0.0
          ],
          [
            0.017015,
            0.085288,
            0.0
          ],
          [
            0.076323,
            0.081834,
            0.0
          ],
          [
            0.014641,
            -0.039204,
            0.0
          ],
          [
            -0.064918,
            -0.093503,
            0.0
          ],
          [
            -0.088066,
            -0.004319,
            0.0
          ],
          [
            -0.010207,
            0.025277,
            0.0
          ],
          [
            -0.012362,
            -0.018095,
            0.0
          ],
          [
            5.5e-05,
            0.028914,
            0.0
          ],
          [
            0.064587,
            -0.099628,
            0.0
          ],
          [
            0.012313,
            -0.084137,
            0.0
          ],
          [
            -0.016185,
            -0.073929,
            0.0
          ],
          [
            -0.184313,
            0.025791,
            0.0
          ],
          [
            -0.046806,
            -0.087285,
            0.0
          ],
          [
            0.04766,
            -0.072689,
            0.0
          ],
          [
            0.054762,
            -0.004737,
            0.0
          ],
          [
            -0.008248,
            0.002671,
            0.0
          ],
          [
            -0.014266,
            0.135197,
            0.0
          ],
          [
            0.007938,
            0.020339,
            0.0
          ],
          [
            0.029137,
            -0.076074,
            0.0
          ],
          [
            -0.00792,
            -0.157937,
            0.0
          ],
          [
            -0.038245,
            0.099234,
            0.0
          ],
          [
            -0.138374,
            -0.026536,
            0.0
          ],
          [
            -0.164348,
            0.038527,
            0.0
          ],
          [
            0.045515,
            0.02178,
            0.0
          ],
          [
            0.066399,
            -0.168933,
            0.0
          ],
          [
            -0.029451,
            -0.015772,
            0.0
          ],
          [
            0.027437,
            -0.111736,
            0.0
          ],
          [
            -0.01751,
            -0.004976,
            0.0
          ],
          [
            -0.021608,
            -0.044017,
            0.0
          ],
          [
            -0.018078,
            -0.026664,
            0.0
          ],
          [
            0.028506,
            0.068509,
            0.0
          ],
          [
            0.057563,
            0.004457,
            0.0
          ],
          [
            -0.029499,
            -0.00224,
            0.0
          ],
          [
            -0.052873,
            -0.053116,
            0.0
          ],
          [
            0.0943,
            0.080496,
            0.0
          ],
          [
            0.002219,
            0.078342,
            0.0
          ],
          [
            0.094077,
            0.091497,
            0.0
          ],
          [
            0.053823,
            0.020848,
            0.0
          ],
          [
            -0.056926,
            0.018104,
            0.0
          ],
          [
            -0.129777,
            -0.042402,
            0.0
          ],
          [
            -0.160265,
            -0.018133,
            0.0
          ],
          [
            0.149774,
            0.398325,
            -0.114499
          ],
          [
            0.149774,
            0.398325,
            0.114499
          ]
        ],
        "Lattice": [
          [
            14.789999008,
            0.0,
            0.0
          ],
          [
            -7.394999504,
            12.808514863,
            0.0
          ],
          [
            0.0,
            0.0,
            14.909274101
          ]
        ],
        "NumAtoms": 72,
        "Positions": [
          [
            0.00623,
            -0.00042,
            0.74546
          ],
          [
            -1.26203,
            2.11833,
            0.74546
          ],
          [
            -2.50109,
            4.27368,
            0.74546
          ],
          [
            -3.71898,
            6.43468,
            0.74546
          ],
          [
            9.81621,
            8.56461,
            0.74546
          ],
          [
            -6.14217,
            10.69052,
            0.74546
          ],
          [
            2.4845,
            -0.00189,
            0.74546
          ],
          [
            1.19158,
            2.04012,
            0.74546
          ],
          [
            0.28471,
            4.12714,
            0.74546
          ],
          [
            -1.16501,
            6.44944,
            0.74546
          ],
          [
            -2.46274,
            8.56051,
            0.74546
          ],
          [
            -3.66579,
            10.6859,
            0.74546
          ],
          [
            4.92456,
            0.04578,
            0.74546
          ],
          [
            3.61453,
            2.23942,
            0.74546
          ],
          [
            1.81549,
            4.25548,
            0.74546
          ],
          [
            1.59808,
            6.76813,
            0.74546
          ],
          [
            0.03145,
            8.52349,
            0.74546
          ],
          [
            -1.18922,
            10.67359,
            0.74546
          ],
          [
            7.41489,
            -0.00989,
            0.74546
          ],
          [
            6.10697,
            2.1999,
            0.74546
          ],
          [
            4.85581,
            4.40472,
            0.74546
          ],
          [
            2.3106,
            8.02652,
            0.74546
          ],
          [
            1.33427,
            10.5808,
            0.74546
          ],
          [
            2.49777,
            12.75044,
            0.74546
          ],
          [
            8.59944,
            2.1381,
            0.74546
          ],
          [
            7.35471,
            4.30509,
            0.74546
          ],
          [
            6.01888,
            6.44572,
            0.74546
          ],
          [
            3.79092,
            8.02509,
            0.74546
          ],
          [
            3.87694,
            10.60136,
            0.74546
          ],
          [
            12.32175,
            0.03766,
            0.74546
          ],
          [
            11.05687,
            2.15088,
            0.74546
          ],
          [
            9.811,
            4.29975,
            0.74546
          ],
          [
            8.53914,
            6.45987,
            0.74546
          ],
          [
            7.24904,
            8.60397,
            0.74546
          ],
          [
            6.20457,
            10.75879,
            0.74546
          ],
          [
            1.2406,
            0.65747,
            0.74546
          ],
          [
            -0.01291,
            2.70689,
            0.74546
          ],
          [
            -1.39448,
            5.10594,
            0.74546
          ],
          [
            -2.46261,
            7.14692,
            0.74546
          ],
          [
            -3.70827,
            9.26478,
            0.74546
          ],
          [
            -4.89455,
            11.39075,
            0.74546
          ],
          [
            3.68096,
            0.78002,
            0.74546
          ],
          [
            2.32668,
            2.90671,
            0.74546
          ],
          [
            2.40878,
            5.52,
            0.74546
          ],
          [
            0.1298,
            7.10328,
            0.74546
          ],
          [
            -1.20682,
            9.24915,
            0.74546
          ],
          [
            -2.43542,
            11.40917,
            0.74546
          ],
          [
            6.1577,
            0.75226,
            0.74546
          ],
          [
            4.84374,
            2.97079,
            0.74546
          ],
          [
            3.85462,
            5.53402,
            0.74546
          ],
          [
            1.31912,
            9.13479,
            0.74546
          ],
          [
            0.0762,
            11.34604,
            0.74546
          ],
          [
            8.64043,
            0.68962,
            0.74546
          ],
          [
            7.35704,
            2.87848,
            0.74546
          ],
          [
            6.12612,
            5.0238,
            0.74546
          ],
          [
            4.55838,
            6.76962,
            0.74546
          ],
          [
            4.49147,
            9.23398,
            0.74546
          ],
          [
            2.57549,
            11.28435,
            0.74546
          ],
          [
            11.08025,
            0.71924,
            0.74546
          ],
          [
            9.81653,
            2.86864,
            0.74546
          ],
          [
            8.57347,
            5.02732,
            0.74546
          ],
          [
            7.25777,
            7.17199,
            0.74546
          ],
          [
            6.00932,
            9.38256,
            0.74546
          ],
          [
            4.97639,
            11.46097,
            0.74546
          ],
          [
            13.55622,
            0.71217,
            0.74546
          ],
          [
            12.28806,
            2.84488,
            0.74546
          ],
          [
            11.04667,
            5.01053,
            0.74546
          ],
          [
            9.80893,
            7.14793,
            0.74546
          ],
          [
            8.55768,
            9.27344,
            0.74546
          ],
          [
            7.43441,
            11.40776,
            0.74546
          ],
          [
            -0.11039,
            4.51902,
            1.7231
          ],
          [
            -0.11039,
            4.51902,
            -0.23217
          ]
        ],
        "Stress": [
          [
            -26.78502,
            19.9067,
            0.0
          ],
          [
            19.9067,
            -4.76796,
            0.0
          ],
          [
            0.0,
            0.0,
            -1.75972
          ]
        ],
        "computation_code": "VASP",
        "pseudopotential_information": [
          [
            "PAW_PBE",
            "C",
            "08Apr2002"
          ],
          [
            "PAW_PBE",
            "H",
            "15Jun2001"
          ]
        ]
      }
    ],
    "EnergyStyle": "electronvolt",
    "ForcesStyle": "electronvoltperangstrom",
    "LatticeStyle": "angstrom",
    "PositionsStyle": "angstrom",
    "StressStyle": "kB"
  }
}