{
  "Dataset": {
    "AtomTypeStyle": "chemicalsymbol",
    "Data": [
      {
        "AtomTypes": [
          "C",
          "C",
          "C",
          "C",
          "C",
          "C",
          "C",
          "C",
          "C",
          "C",
          "C",
          "C",
          "C",
          "C",
          "C",
          "C",
          "C",
          "C",
          "C",
          "C",
          "C",
          "C",
          "C",
          "C",
          "C",
          "C",
          "C",
          "C",
          "C",
          "C",
          "C",
          "C",
          "C",
          "C",
          "C",
          "C",
          "C",
          "C",
          "C",
          "C",
          "C",
          "C",
          "C",
          "C",
          "C",
          "C",
          "C",
          "C",
          "C",
          "C",
          "C",
          "C",
          "C",
          "C",
          "C",
          "C",
          "C",
          "C",
          "C",
          "C",
          "C",
          "C",
          "C",
          "C",
          "C",
          "C",
          "C",
          "C",
          "C",
          "C",
          "H",
          "H"
        ],
        "Energy": -552.73925297,
        "Forces": [
          [
            -0.019744,
            0.085181,
            0.0
          ],
          [
            -0.269999,
            -0.237816,
            0.0
          ],
          [
            0.034412,
            -0.303564,
            0.0
          ],
          [
            -0.067496,
            -0.044721,
            0.0
          ],
          [
            -0.053763,
            -0.022599,
            0.0
          ],
          [
            0.017108,
            0.007353,
            0.0
          ],
          [
            -0.126676,
            -0.159719,
            0.0
          ],
          [
            0.177407,
            -0.115656,
            0.0
          ],
          [
            0.327148,
            -0.180813,
            0.0
          ],
          [
            -0.001244,
            -0.009073,
            0.0
          ],
          [
            0.217651,
            -0.155026,
            0.0
          ],
          [
            -0.22174,
            0.108105,
            0.0
          ],
          [
            0.038518,
            -0.216383,
            0.0
          ],
          [
            0.269603,
            -0.284969,
            0.0
          ],
          [
            -0.055018,
            -0.09575,
            0.0
          ],
          [
            -0.017607,
            -0.133827,
            0.0
          ],
          [
            -0.500332,
            -0.194697,
            0.0
          ],
          [
            0.025088,
            0.017458,
            0.0
          ],
          [
            -0.3141,
            -0.144513,
            0.0
          ],
          [
            0.030699,
            0.130154,
            0.0
          ],
          [
            0.282729,
            -0.234602,
            0.0
          ],
          [
            -0.210816,
            0.446123,
            0.0
          ],
          [
            0.087867,
            0.396179,
            0.0
          ],
          [
            0.092596,
            -0.21089,
            0.0
          ],
          [
            0.14055,
            0.205676,
            0.0
          ],
          [
            -0.019291,
            -0.046702,
            0.0
          ],
          [
            -0.227187,
            -0.467731,
            0.0
          ],
          [
            0.509341,
            0.216244,
            0.0
          ],
          [
            0.519109,
            0.439446,
            0.0
          ],
          [
            0.026469,
            0.592214,
            0.0
          ],
          [
            0.141286,
            0.135069,
            0.0
          ],
          [
            0.051823,
            -0.134096,
            0.0
          ],
          [
            -0.009847,
            -0.04171,
            0.0
          ],
          [
            -0.023414,
            0.097922,
            0.0
          ],
          [
            0.041841,
            0.070092,
            0.0
          ],
          [
            0.295783,
            -0.273629,
            0.0
          ],
          [
            0.205597,
            0.431688,
            0.0
          ],
          [
            -0.209417,
            0.102301,
            0.0
          ],
          [
            0.093029,
            0.190466,
            0.0
          ],
          [
            -0.322917,
            0.071418,
            0.0
          ],
          [
            0.075265,
            0.078383,
            0.0
          ],
          [
            -0.173028,
            0.070648,
            0.0
          ],
          [
            -0.052019,
            0.238279,
            0.0
          ],
          [
            -0.143133,
            -0.077855,
            0.0
          ],
          [
            0.015191,
            0.237247,
            0.0
          ],
          [
            0.068088,
            -0.083789,
            0.0
          ],
          [
            -0.094969,
            0.13081,
            0.0
          ],
          [
            0.022046,
            0.042657,
            0.0
          ],
          [
            0.005697,
            0.046369,
            0.0
          ],
          [
            0.644258,
            0.111553,
            0.0
          ],
          [
            -0.406864,
            -0.151231,
            0.0
          ],
          [
            -0.096255,
            0.088612,
            0.0
          ],
          [
            -0.042031,
            -0.006603,
            0.0
          ],
          [
            -0.25895,
            0.062662,
            0.0
          ],
          [
            0.112506,
            -0.523469,
            0.0
          ],
          [
            -0.213931,
            0.241837,
            0.0
          ],
          [
            -0.19707,
            0.179285,
            0.0
          ],
          [
            -0.266127,
            0.141386,
            0.0
          ],
          [
            -0.022428,
            -0.006238,
            0.0
          ],
          [
            0.109971,
            0.117964,
            0.0
          ],
          [
            -0.214917,
            -0.031605,
            0.0
          ],
          [
            0.38369,
            0.040004,
            0.0
          ],
          [
            0.07081,
            0.207548,
            0.0
          ],
          [
            -0.26383,
            -0.431463,
            0.0
          ],
          [
            -0.089575,
            -0.038073,
            0.0
          ],
          [
            -0.096252,
            0.134416,
            0.0
          ],
          [
            -0.293425,
            -0.059926,
            0.0
          ],
          [
            -0.22856,
            -0.137215,
            0.0
          ],
          [
            -0.276743,
            -0.211213,
            0.0
          ],
          [
            0.134773,
            -0.228,
            0.0
          ],
          [
            0.416382,
            -0.108792,
            0.258301
          ],
          [
            0.416382,
            -0.108792,
            -0.258301
          ]
        ],
        "Lattice": [
          [
            14.789999008,
            0.0,
            0.0
          ],
          [
            -7.394999504,
            12.808514863,
            0.0
          ],
          [
            0.0,
            0.0,
            14.909274101
          ]
        ],
        "NumAtoms": 72,
        "Positions": [
          [
            -0.02589,
            -0.01444,
            0.74546
          ],
          [
            13.49978,
            2.10405,
            0.74546
          ],
          [
            -2.41664,
            4.26412,
            0.74546
          ],
          [
            -3.68509,
            6.39597,
            0.74546
          ],
          [
            9.80893,
            8.53061,
            0.74546
          ],
          [
            -6.17781,
            10.66444,
            0.74546
          ],
          [
            -4.95072,
            12.79188,
            0.74546
          ],
          [
            1.14722,
            2.04826,
            0.74546
          ],
          [
            0.11491,
            4.13524,
            0.74546
          ],
          [
            -1.13291,
            6.35319,
            0.74546
          ],
          [
            -2.47244,
            8.50886,
            0.74546
          ],
          [
            -3.69255,
            10.65301,
            0.74546
          ],
          [
            4.88891,
            0.02741,
            0.74546
          ],
          [
            3.55212,
            2.22955,
            0.74546
          ],
          [
            1.60002,
            4.27918,
            0.74546
          ],
          [
            1.55447,
            6.75428,
            0.74546
          ],
          [
            -0.00763,
            8.51437,
            0.74546
          ],
          [
            -1.22693,
            10.65695,
            0.74546
          ],
          [
            -0.00071,
            12.77928,
            0.74546
          ],
          [
            6.08123,
            2.15597,
            0.74546
          ],
          [
            4.80104,
            4.34553,
            0.74546
          ],
          [
            2.21738,
            8.0343,
            0.74546
          ],
          [
            1.29061,
            10.57129,
            0.74546
          ],
          [
            2.47524,
            12.74534,
            0.74546
          ],
          [
            8.58848,
            2.10724,
            0.74546
          ],
          [
            7.36895,
            4.26021,
            0.74546
          ],
          [
            6.08025,
            6.36543,
            0.74546
          ],
          [
            3.56635,
            8.27103,
            0.74546
          ],
          [
            3.84106,
            10.63589,
            0.74546
          ],
          [
            12.30449,
            0.03038,
            0.74546
          ],
          [
            11.0483,
            2.13506,
            0.74546
          ],
          [
            9.85135,
            4.27746,
            0.74546
          ],
          [
            8.56088,
            6.42343,
            0.74546
          ],
          [
            7.23341,
            8.56354,
            0.74546
          ],
          [
            6.1743,
            10.73599,
            0.74546
          ],
          [
            1.19557,
            0.66225,
            0.74546
          ],
          [
            -0.07377,
            2.75006,
            0.74546
          ],
          [
            -1.11303,
            4.93046,
            0.74546
          ],
          [
            -2.4188,
            7.07345,
            0.74546
          ],
          [
            -3.71345,
            9.22316,
            0.74546
          ],
          [
            -4.93395,
            11.36245,
            0.74546
          ],
          [
            3.63789,
            0.75753,
            0.74546
          ],
          [
            2.24729,
            2.89435,
            0.74546
          ],
          [
            2.31595,
            5.47302,
            0.74546
          ],
          [
            0.11083,
            7.08061,
            0.74546
          ],
          [
            -1.24559,
            9.23375,
            0.74546
          ],
          [
            -2.47146,
            11.38761,
            0.74546
          ],
          [
            6.13202,
            0.71685,
            0.74546
          ],
          [
            4.81186,
            2.90173,
            0.74546
          ],
          [
            3.77254,
            5.35394,
            0.74546
          ],
          [
            1.24408,
            9.14769,
            0.74546
          ],
          [
            0.03816,
            11.33152,
            0.74546
          ],
          [
            8.62406,
            0.6675,
            0.74546
          ],
          [
            7.35293,
            2.83342,
            0.74546
          ],
          [
            6.12495,
            4.97729,
            0.74546
          ],
          [
            4.57701,
            6.6327,
            0.74546
          ],
          [
            4.47373,
            9.27037,
            0.74546
          ],
          [
            2.54622,
            11.27992,
            0.74546
          ],
          [
            11.06501,
            0.70879,
            0.74546
          ],
          [
            9.816,
            2.84711,
            0.74546
          ],
          [
            8.59898,
            4.9934,
            0.74546
          ],
          [
            7.2693,
            7.13286,
            0.74546
          ],
          [
            5.97889,
            9.35199,
            0.74546
          ],
          [
            4.9605,
            11.46373,
            0.74546
          ],
          [
            13.53085,
            0.70582,
            0.74546
          ],
          [
            12.2894,
            2.83725,
            0.74546
          ],
          [
            11.11937,
            4.97565,
            0.74546
          ],
          [
            9.83342,
            7.11366,
            0.74546
          ],
          [
            8.53879,
            9.24266,
            0.74546
          ],
          [
            7.3988,
            11.39422,
            0.74546
          ],
          [
            4.23269,
            7.15594,
            1.68474
          ],
          [
            4.23269,
            7.15594,
            -0.19381
          ]
        ],
        "Stress": [
          [
            -30.4417,
            20.58506,
            0.0
          ],
          [
            20.58506,
            -1.30778,
            0.0
          ],
          [
            0.0,
            0.0,
            -1.35395
          ]
        ],
        "computation_code": "VASP",
        "pseudopotential_information": [
          [
            "PAW_PBE",
            "C",
            "08Apr2002"
          ],
          [
            "PAW_PBE",
            "H",
            "15Jun2001"
          ]
        ]
      }
    ],
    "EnergyStyle": "electronvolt",
    "ForcesStyle": "electronvoltperangstrom",
    "LatticeStyle": "angstrom",
    "PositionsStyle": "angstrom",
    "StressStyle": "kB"
  }
}