{
  "Dataset": {
    "AtomTypeStyle": "chemicalsymbol",
    "Data": [
      {
        "AtomTypes": [
          "C",
          "C",
          "C",
          "C",
          "C",
          "C",
          "C",
          "C",
          "C",
          "C",
          "C",
          "C",
          "C",
          "C",
          "C",
          "C",
          "C",
          "C",
          "C",
          "C",
          "C",
          "C",
          "C",
          "C",
          "C",
          "C",
          "C",
          "C",
          "C",
          "C",
          "C",
          "C",
          "C",
          "C",
          "C",
          "C",
          "C",
          "C",
          "C",
          "C",
          "C",
          "C",
          "C",
          "C",
          "C",
          "C",
          "C",
          "C",
          "C",
          "C",
          "C",
          "C",
          "C",
          "C",
          "C",
          "C",
          "C",
          "C",
          "C",
          "C",
          "C",
          "C",
          "C",
          "C",
          "C",
          "C",
          "C",
          "C",
          "C",
          "H",
          "H"
        ],
        "Energy": -545.13180881,
        "Forces": [
          [
            0.009795,
            -0.020376,
            0.0
          ],
          [
            -2.2e-05,
            0.006008,
            0.0
          ],
          [
            0.009675,
            0.00916,
            0.0
          ],
          [
            -0.014284,
            -0.008912,
            0.0
          ],
          [
            0.017727,
            -0.001165,
            0.0
          ],
          [
            0.001431,
            -0.008123,
            0.0
          ],
          [
            -0.025121,
            -0.004892,
            0.0
          ],
          [
            -0.018981,
            -0.007924,
            0.0
          ],
          [
            -0.000667,
            0.007431,
            0.0
          ],
          [
            0.005082,
            0.015595,
            0.0
          ],
          [
            0.025274,
            -0.001588,
            0.0
          ],
          [
            0.030759,
            -0.003746,
            0.0
          ],
          [
            -0.004096,
            -0.009355,
            0.0
          ],
          [
            -0.015315,
            0.005656,
            0.0
          ],
          [
            -0.006506,
            -0.003416,
            0.0
          ],
          [
            -0.015101,
            -0.002752,
            0.0
          ],
          [
            -0.012096,
            -0.009312,
            0.0
          ],
          [
            0.007056,
            0.001173,
            0.0
          ],
          [
            -0.00882,
            0.019988,
            0.0
          ],
          [
            0.007142,
            0.002373,
            0.0
          ],
          [
            -0.000503,
            -0.026179,
            0.0
          ],
          [
            -0.000361,
            0.014295,
            0.0
          ],
          [
            0.022421,
            0.004341,
            0.0
          ],
          [
            0.014438,
            0.025137,
            0.0
          ],
          [
            -0.0009,
            0.003768,
            0.0
          ],
          [
            -0.014004,
            -0.017332,
            0.0
          ],
          [
            -0.000758,
            -0.020885,
            0.0
          ],
          [
            0.001004,
            -0.00012,
            0.0
          ],
          [
            0.030801,
            -0.020624,
            0.0
          ],
          [
            -0.010384,
            0.032258,
            0.0
          ],
          [
            0.009449,
            0.018707,
            0.0
          ],
          [
            0.01628,
            0.002909,
            0.0
          ],
          [
            -0.016531,
            0.025228,
            0.0
          ],
          [
            -0.008755,
            -0.013019,
            0.0
          ],
          [
            0.003557,
            0.00043,
            0.0
          ],
          [
            -0.006757,
            0.010172,
            0.0
          ],
          [
            0.032496,
            -0.003388,
            0.0
          ],
          [
            0.009903,
            0.008252,
            0.0
          ],
          [
            0.02131,
            -0.011289,
            0.0
          ],
          [
            0.016015,
            -0.012338,
            0.0
          ],
          [
            0.009467,
            -0.001947,
            0.0
          ],
          [
            0.008431,
            -0.004076,
            0.0
          ],
          [
            -0.033404,
            0.002359,
            0.0
          ],
          [
            0.013452,
            -0.004047,
            0.0
          ],
          [
            0.003284,
            0.018515,
            0.0
          ],
          [
            0.013055,
            -0.013835,
            0.0
          ],
          [
            0.008159,
            -0.001932,
            0.0
          ],
          [
            0.021173,
            -0.007607,
            0.0
          ],
          [
            -0.025296,
            0.005492,
            0.0
          ],
          [
            -0.006358,
            0.012308,
            0.0
          ],
          [
            -0.004286,
            -0.002287,
            0.0
          ],
          [
            -0.013614,
            0.005085,
            0.0
          ],
          [
            0.006392,
            -0.002927,
            0.0
          ],
          [
            -0.010593,
            -0.019127,
            0.0
          ],
          [
            -0.022799,
            -0.013052,
            0.0
          ],
          [
            0.007483,
            0.010229,
            0.0
          ],
          [
            -0.002403,
            0.006459,
            0.0
          ],
          [
            -0.03138,
            0.032441,
            0.0
          ],
          [
            -0.018025,
            0.023569,
            0.0
          ],
          [
            -0.012593,
            -0.013,
            0.0
          ],
          [
            -0.010753,
            0.012446,
            0.0
          ],
          [
            -0.001853,
            -0.001172,
            0.0
          ],
          [
            -0.012121,
            -0.0464,
            0.0
          ],
          [
            0.002068,
            0.014412,
            0.0
          ],
          [
            0.006372,
            -0.003905,
            0.0
          ],
          [
            -0.006862,
            0.00295,
            0.0
          ],
          [
            0.016304,
            0.003577,
            0.0
          ],
          [
            -0.020093,
            -0.003271,
            0.0
          ],
          [
            -0.000478,
            0.000565,
            0.0
          ],
          [
            0.002808,
            -0.008984,
            0.008891
          ],
          [
            0.002808,
            -0.008984,
            -0.008891
          ]
        ],
        "Lattice": [
          [
            14.789999008,
            0.0,
            0.0
          ],
          [
            -7.394999504,
            12.808514863,
            0.0
          ],
          [
            0.0,
            0.0,
            14.909274101
          ]
        ],
        "NumAtoms": 71,
        "Positions": [
          [
            -0.0091,
            0.01641,
            0.74546
          ],
          [
            -1.23072,
            2.16475,
            0.74546
          ],
          [
            -2.4612,
            4.2713,
            0.74546
          ],
          [
            11.03367,
            6.39438,
            0.74546
          ],
          [
            9.74995,
            8.51585,
            0.74546
          ],
          [
            -6.20392,
            10.65365,
            0.74546
          ],
          [
            2.45874,
            -0.04512,
            0.74546
          ],
          [
            1.21775,
            2.08924,
            0.74546
          ],
          [
            0.06478,
            4.27242,
            0.74546
          ],
          [
            -1.18873,
            6.40083,
            0.74546
          ],
          [
            -2.51087,
            8.50612,
            0.74546
          ],
          [
            -3.71824,
            10.62962,
            0.74546
          ],
          [
            -2.45798,
            12.75113,
            0.74546
          ],
          [
            3.70494,
            2.04973,
            0.74546
          ],
          [
            1.49026,
            6.76779,
            0.74546
          ],
          [
            -0.03285,
            8.51806,
            0.74546
          ],
          [
            -1.22437,
            10.62752,
            0.74546
          ],
          [
            0.01419,
            12.74298,
            0.74546
          ],
          [
            6.12362,
            2.10832,
            0.74546
          ],
          [
            4.75275,
            4.29404,
            0.74546
          ],
          [
            2.2569,
            8.01758,
            0.74546
          ],
          [
            1.30569,
            10.55556,
            0.74546
          ],
          [
            2.49203,
            12.72667,
            0.74546
          ],
          [
            8.60241,
            2.09156,
            0.74546
          ],
          [
            7.29804,
            4.24581,
            0.74546
          ],
          [
            5.89805,
            6.36799,
            0.74546
          ],
          [
            3.71745,
            7.97474,
            0.74546
          ],
          [
            3.85477,
            10.58392,
            0.74546
          ],
          [
            12.32625,
            0.0478,
            0.74546
          ],
          [
            11.06466,
            2.13616,
            0.74546
          ],
          [
            9.79911,
            4.2693,
            0.74546
          ],
          [
            8.46416,
            6.40776,
            0.74546
          ],
          [
            7.16845,
            8.55405,
            0.74546
          ],
          [
            6.1698,
            10.75049,
            0.74546
          ],
          [
            1.22581,
            0.70047,
            0.74546
          ],
          [
            0.03594,
            2.86422,
            0.74546
          ],
          [
            -1.16183,
            4.97012,
            0.74546
          ],
          [
            -2.48212,
            7.08859,
            0.74546
          ],
          [
            -3.76695,
            9.2124,
            0.74546
          ],
          [
            -4.95034,
            11.35335,
            0.74546
          ],
          [
            3.70307,
            0.6549,
            0.74546
          ],
          [
            2.46895,
            2.82476,
            0.74546
          ],
          [
            2.13406,
            5.53086,
            0.74546
          ],
          [
            0.03815,
            7.11563,
            0.74546
          ],
          [
            -1.2644,
            9.21468,
            0.74546
          ],
          [
            -2.46525,
            11.33356,
            0.74546
          ],
          [
            6.1591,
            0.66723,
            0.74546
          ],
          [
            4.85501,
            2.83439,
            0.74546
          ],
          [
            3.65439,
            5.39241,
            0.74546
          ],
          [
            1.26768,
            9.11777,
            0.74546
          ],
          [
            0.04126,
            11.30508,
            0.74546
          ],
          [
            8.63833,
            0.64738,
            0.74546
          ],
          [
            7.35098,
            2.81127,
            0.74546
          ],
          [
            6.02568,
            4.94256,
            0.74546
          ],
          [
            4.41642,
            6.67821,
            0.74546
          ],
          [
            4.44416,
            9.21258,
            0.74546
          ],
          [
            2.55086,
            11.26152,
            0.74546
          ],
          [
            11.07815,
            0.71352,
            0.74546
          ],
          [
            9.82036,
            2.83901,
            0.74546
          ],
          [
            8.52614,
            4.97736,
            0.74546
          ],
          [
            7.1587,
            7.11285,
            0.74546
          ],
          [
            5.95608,
            9.36369,
            0.74546
          ],
          [
            4.96041,
            11.46488,
            0.74546
          ],
          [
            13.5648,
            0.75025,
            0.74546
          ],
          [
            12.31512,
            2.85769,
            0.74546
          ],
          [
            11.05827,
            4.97392,
            0.74546
          ],
          [
            9.74958,
            7.09832,
            0.74546
          ],
          [
            8.48855,
            9.23233,
            0.74546
          ],
          [
            7.39311,
            11.41228,
            0.74546
          ],
          [
            2.48074,
            3.5038,
            1.61472
          ],
          [
            2.48074,
            3.5038,
            -0.12379
          ]
        ],
        "Stress": [
          [
            -38.80908,
            9.39755,
            0.0
          ],
          [
            9.39755,
            -9.9543,
            0.0
          ],
          [
            0.0,
            0.0,
            -1.61181
          ]
        ],
        "computation_code": "VASP",
        "pseudopotential_information": [
          [
            "PAW_PBE",
            "C",
            "08Apr2002"
          ],
          [
            "PAW_PBE",
            "H",
            "15Jun2001"
          ]
        ]
      }
    ],
    "EnergyStyle": "electronvolt",
    "ForcesStyle": "electronvoltperangstrom",
    "LatticeStyle": "angstrom",
    "PositionsStyle": "angstrom",
    "StressStyle": "kB"
  }
}