{
  "Dataset": {
    "AtomTypeStyle": "chemicalsymbol",
    "Data": [
      {
        "AtomTypes": [
          "C",
          "C",
          "C",
          "C",
          "C",
          "C",
          "C",
          "C",
          "C",
          "C",
          "C",
          "C",
          "C",
          "C",
          "C",
          "C",
          "C",
          "C",
          "C",
          "C",
          "C",
          "C",
          "C",
          "C",
          "C",
          "C",
          "C",
          "C",
          "C",
          "C",
          "C",
          "C",
          "C",
          "C",
          "C",
          "C",
          "C",
          "C",
          "C",
          "C",
          "C",
          "C",
          "C",
          "C",
          "C",
          "C",
          "C",
          "C",
          "C",
          "C",
          "C",
          "C",
          "C",
          "C",
          "C",
          "C",
          "C",
          "C",
          "C",
          "C",
          "C",
          "C",
          "C",
          "C",
          "C",
          "C",
          "C",
          "C",
          "C",
          "H",
          "H"
        ],
        "Energy": -544.64141054,
        "Forces": [
          [
            -0.314174,
            0.041313,
            0.0
          ],
          [
            -0.025057,
            -0.094658,
            0.0
          ],
          [
            0.076604,
            0.005662,
            0.0
          ],
          [
            0.225185,
            -0.087645,
            0.0
          ],
          [
            -0.10609,
            0.150446,
            0.0
          ],
          [
            -0.300684,
            -0.155071,
            0.0
          ],
          [
            -0.279089,
            0.00419,
            0.0
          ],
          [
            0.208292,
            -0.543154,
            0.0
          ],
          [
            0.192469,
            0.385587,
            0.0
          ],
          [
            -0.107126,
            -0.041628,
            0.0
          ],
          [
            -0.172649,
            0.133536,
            0.0
          ],
          [
            -0.080877,
            -0.189556,
            0.0
          ],
          [
            -0.254436,
            -0.139787,
            0.0
          ],
          [
            0.892918,
            -0.549494,
            0.0
          ],
          [
            -0.388971,
            -0.052292,
            0.0
          ],
          [
            0.030027,
            -0.226541,
            0.0
          ],
          [
            -0.284096,
            -0.125581,
            0.0
          ],
          [
            -0.250714,
            0.342331,
            0.0
          ],
          [
            0.347393,
            -0.058427,
            0.0
          ],
          [
            -0.08901,
            -0.047315,
            0.0
          ],
          [
            0.082254,
            -0.124762,
            0.0
          ],
          [
            0.061655,
            -0.108026,
            0.0
          ],
          [
            -0.1812,
            -0.03488,
            0.0
          ],
          [
            -0.241084,
            0.001162,
            0.0
          ],
          [
            -0.247794,
            -0.0477,
            0.0
          ],
          [
            -0.2544,
            -0.06291,
            0.0
          ],
          [
            0.052142,
            -0.057028,
            0.0
          ],
          [
            -0.181321,
            0.015095,
            0.0
          ],
          [
            0.123969,
            0.088894,
            0.0
          ],
          [
            -0.024575,
            -0.045314,
            0.0
          ],
          [
            0.122955,
            -0.097566,
            0.0
          ],
          [
            -0.003762,
            -0.132855,
            0.0
          ],
          [
            0.214372,
            0.184833,
            0.0
          ],
          [
            0.109646,
            0.096072,
            0.0
          ],
          [
            0.685841,
            -0.358847,
            0.0
          ],
          [
            -0.010912,
            0.616909,
            0.0
          ],
          [
            0.022089,
            0.157161,
            0.0
          ],
          [
            -0.152578,
            0.25675,
            0.0
          ],
          [
            -0.057018,
            -0.240077,
            0.0
          ],
          [
            -0.067114,
            -0.091097,
            0.0
          ],
          [
            0.347696,
            -0.152723,
            0.0
          ],
          [
            0.774972,
            -0.136315,
            0.0
          ],
          [
            -0.056255,
            0.303592,
            0.0
          ],
          [
            -0.035814,
            -0.174469,
            0.0
          ],
          [
            0.062957,
            -0.181782,
            0.0
          ],
          [
            -0.176413,
            0.038152,
            0.0
          ],
          [
            -0.261541,
            0.172937,
            0.0
          ],
          [
            0.516604,
            -0.030771,
            0.0
          ],
          [
            -0.334,
            -0.343895,
            0.0
          ],
          [
            -0.056715,
            -0.287977,
            0.0
          ],
          [
            -0.285074,
            0.040936,
            0.0
          ],
          [
            -0.014853,
            0.149376,
            0.0
          ],
          [
            0.113185,
            -0.036599,
            0.0
          ],
          [
            -0.262008,
            0.017789,
            0.0
          ],
          [
            -0.233264,
            -0.107353,
            0.0
          ],
          [
            -0.02737,
            0.046694,
            0.0
          ],
          [
            -0.013172,
            0.278496,
            0.0
          ],
          [
            -0.250492,
            -0.099068,
            0.0
          ],
          [
            -0.24308,
            -0.046469,
            0.0
          ],
          [
            -0.043944,
            -0.276298,
            0.0
          ],
          [
            -0.094653,
            0.231974,
            0.0
          ],
          [
            -0.180965,
            -0.077135,
            0.0
          ],
          [
            -0.094533,
            -0.003622,
            0.0
          ],
          [
            0.28801,
            0.086562,
            0.0
          ],
          [
            0.260121,
            -0.071292,
            0.0
          ],
          [
            0.084494,
            -0.185156,
            0.0
          ],
          [
            0.169798,
            0.100359,
            0.0
          ],
          [
            -0.215519,
            -0.13248,
            0.0
          ],
          [
            0.012467,
            0.321492,
            0.0
          ],
          [
            0.438142,
            0.893659,
            0.126376
          ],
          [
            0.438142,
            0.893659,
            -0.126376
          ]
        ],
        "Lattice": [
          [
            14.789999008,
            0.0,
            0.0
          ],
          [
            -7.394999504,
            12.808514863,
            0.0
          ],
          [
            0.0,
            0.0,
            14.909274101
          ]
        ],
        "NumAtoms": 71,
        "Positions": [
          [
            -0.03341,
            -0.01859,
            0.74546
          ],
          [
            -1.29315,
            2.12635,
            0.74546
          ],
          [
            12.30065,
            4.26812,
            0.74546
          ],
          [
            11.05319,
            6.40706,
            0.74546
          ],
          [
            9.79319,
            8.52722,
            0.74546
          ],
          [
            -6.16974,
            10.65684,
            0.74546
          ],
          [
            2.4494,
            -0.03494,
            0.74546
          ],
          [
            1.12778,
            2.04383,
            0.74546
          ],
          [
            -0.01903,
            4.20136,
            0.74546
          ],
          [
            -1.15591,
            6.39451,
            0.74546
          ],
          [
            -2.46996,
            8.51302,
            0.74546
          ],
          [
            -3.68282,
            10.65262,
            0.74546
          ],
          [
            -2.45863,
            12.78646,
            0.74546
          ],
          [
            3.62134,
            2.09252,
            0.74546
          ],
          [
            1.54783,
            6.7805,
            0.74546
          ],
          [
            -0.00151,
            8.5288,
            0.74546
          ],
          [
            -1.19223,
            10.64972,
            0.74546
          ],
          [
            0.02804,
            12.75089,
            0.74546
          ],
          [
            6.08507,
            2.13315,
            0.74546
          ],
          [
            4.76947,
            4.32344,
            0.74546
          ],
          [
            2.29171,
            8.03547,
            0.74546
          ],
          [
            1.32822,
            10.56626,
            0.74546
          ],
          [
            2.50185,
            12.72295,
            0.74546
          ],
          [
            8.59508,
            2.09875,
            0.74546
          ],
          [
            7.31843,
            4.25816,
            0.74546
          ],
          [
            5.94822,
            6.38061,
            0.74546
          ],
          [
            3.75474,
            7.98499,
            0.74546
          ],
          [
            3.87645,
            10.56768,
            0.74546
          ],
          [
            12.30805,
            0.02105,
            0.74546
          ],
          [
            11.04134,
            2.13391,
            0.74546
          ],
          [
            9.79703,
            4.28301,
            0.74546
          ],
          [
            8.49702,
            6.42395,
            0.74546
          ],
          [
            7.20299,
            8.5532,
            0.74546
          ],
          [
            6.18431,
            10.73012,
            0.74546
          ],
          [
            1.17629,
            0.67421,
            0.74546
          ],
          [
            -0.04452,
            2.80215,
            0.74546
          ],
          [
            -1.18731,
            4.95091,
            0.74546
          ],
          [
            -2.44592,
            7.0884,
            0.74546
          ],
          [
            -3.72445,
            9.23153,
            0.74546
          ],
          [
            -4.92438,
            11.36745,
            0.74546
          ],
          [
            3.67501,
            0.69081,
            0.74546
          ],
          [
            2.34243,
            2.79684,
            0.74546
          ],
          [
            2.23647,
            5.56368,
            0.74546
          ],
          [
            0.07737,
            7.11716,
            0.74546
          ],
          [
            -1.23222,
            9.23319,
            0.74546
          ],
          [
            -2.43741,
            11.36237,
            0.74546
          ],
          [
            6.16157,
            0.68807,
            0.74546
          ],
          [
            4.79183,
            2.86477,
            0.74546
          ],
          [
            3.71658,
            5.43051,
            0.74546
          ],
          [
            1.29493,
            9.13362,
            0.74546
          ],
          [
            0.0704,
            11.31823,
            0.74546
          ],
          [
            8.64588,
            0.65025,
            0.74546
          ],
          [
            7.33335,
            2.82269,
            0.74546
          ],
          [
            6.05737,
            4.95222,
            0.74546
          ],
          [
            4.47999,
            6.70848,
            0.74546
          ],
          [
            4.4745,
            9.20727,
            0.74546
          ],
          [
            2.57234,
            11.25356,
            0.74546
          ],
          [
            11.07438,
            0.70896,
            0.74546
          ],
          [
            9.80955,
            2.84858,
            0.74546
          ],
          [
            8.5419,
            4.99612,
            0.74546
          ],
          [
            7.20335,
            7.11733,
            0.74546
          ],
          [
            5.98646,
            9.35093,
            0.74546
          ],
          [
            4.97119,
            11.44317,
            0.74546
          ],
          [
            13.52957,
            0.71449,
            0.74546
          ],
          [
            12.27375,
            2.85143,
            0.74546
          ],
          [
            11.05134,
            4.98742,
            0.74546
          ],
          [
            9.77972,
            7.11145,
            0.74546
          ],
          [
            8.53109,
            9.23942,
            0.74546
          ],
          [
            7.40461,
            11.38356,
            0.74546
          ],
          [
            2.25904,
            3.39592,
            1.64509
          ],
          [
            2.25904,
            3.39592,
            -0.15416
          ]
        ],
        "Stress": [
          [
            -33.9873,
            14.53458,
            0.0
          ],
          [
            14.53458,
            -6.55957,
            0.0
          ],
          [
            0.0,
            0.0,
            -1.49986
          ]
        ],
        "computation_code": "VASP",
        "pseudopotential_information": [
          [
            "PAW_PBE",
            "C",
            "08Apr2002"
          ],
          [
            "PAW_PBE",
            "H",
            "15Jun2001"
          ]
        ]
      }
    ],
    "EnergyStyle": "electronvolt",
    "ForcesStyle": "electronvoltperangstrom",
    "LatticeStyle": "angstrom",
    "PositionsStyle": "angstrom",
    "StressStyle": "kB"
  }
}