{
  "Dataset": {
    "AtomTypeStyle": "chemicalsymbol",
    "Data": [
      {
        "AtomTypes": [
          "C",
          "C",
          "C",
          "C",
          "C",
          "C",
          "C",
          "C",
          "C",
          "C",
          "C",
          "C",
          "C",
          "C",
          "C",
          "C",
          "C",
          "C",
          "C",
          "C",
          "C",
          "C",
          "C",
          "C",
          "C",
          "C",
          "C",
          "C",
          "C",
          "C",
          "C",
          "C",
          "C",
          "C",
          "C",
          "C",
          "C",
          "C",
          "C",
          "C",
          "C",
          "C",
          "C",
          "C",
          "C",
          "C",
          "C",
          "C",
          "C",
          "C",
          "C",
          "C",
          "C",
          "C",
          "C",
          "C",
          "C",
          "C",
          "C",
          "C",
          "C",
          "C",
          "C",
          "C",
          "C",
          "C",
          "C",
          "C",
          "C",
          "H",
          "H"
        ],
        "Energy": -545.13108824,
        "Forces": [
          [
            -0.007339,
            0.00947,
            0.0
          ],
          [
            0.043118,
            0.006366,
            0.0
          ],
          [
            0.009598,
            0.006103,
            0.0
          ],
          [
            -0.009926,
            0.044613,
            0.0
          ],
          [
            0.040122,
            0.01799,
            0.0
          ],
          [
            0.00138,
            -0.001406,
            0.0
          ],
          [
            -0.007839,
            -0.006934,
            0.0
          ],
          [
            0.01628,
            -0.013887,
            0.0
          ],
          [
            0.001514,
            0.019823,
            0.0
          ],
          [
            0.018364,
            0.010633,
            0.0
          ],
          [
            0.005291,
            -0.019085,
            0.0
          ],
          [
            0.024107,
            -0.042149,
            0.0
          ],
          [
            0.036081,
            0.006801,
            0.0
          ],
          [
            0.041023,
            -0.016665,
            0.0
          ],
          [
            0.012015,
            0.022974,
            0.0
          ],
          [
            0.003812,
            -0.008985,
            0.0
          ],
          [
            0.032193,
            0.016485,
            0.0
          ],
          [
            -0.0089,
            0.012119,
            0.0
          ],
          [
            0.025602,
            -0.003777,
            0.0
          ],
          [
            0.013183,
            -0.012474,
            0.0
          ],
          [
            0.011938,
            -0.003691,
            0.0
          ],
          [
            0.012863,
            0.005047,
            0.0
          ],
          [
            -0.010713,
            0.014149,
            0.0
          ],
          [
            -0.013102,
            0.013336,
            0.0
          ],
          [
            -0.024908,
            -0.019116,
            0.0
          ],
          [
            -0.021963,
            -0.037994,
            0.0
          ],
          [
            0.006014,
            0.003046,
            0.0
          ],
          [
            -0.01037,
            -0.036728,
            0.0
          ],
          [
            -0.029126,
            -0.029695,
            0.0
          ],
          [
            -0.031733,
            0.017504,
            0.0
          ],
          [
            -0.01441,
            -0.01483,
            0.0
          ],
          [
            0.006119,
            -0.008225,
            0.0
          ],
          [
            0.024728,
            0.006429,
            0.0
          ],
          [
            -0.025407,
            -0.014517,
            0.0
          ],
          [
            -0.016001,
            0.021321,
            0.0
          ],
          [
            0.00072,
            0.020614,
            0.0
          ],
          [
            -0.01016,
            0.011982,
            0.0
          ],
          [
            -0.03204,
            -0.014759,
            0.0
          ],
          [
            0.030481,
            -0.005215,
            0.0
          ],
          [
            -0.006113,
            -0.032559,
            0.0
          ],
          [
            -0.012599,
            -0.012565,
            0.0
          ],
          [
            -0.015119,
            -0.00851,
            0.0
          ],
          [
            -0.04575,
            -0.013688,
            0.0
          ],
          [
            -0.014325,
            0.044201,
            0.0
          ],
          [
            -0.001201,
            -0.000613,
            0.0
          ],
          [
            0.00696,
            0.014205,
            0.0
          ],
          [
            0.000375,
            -0.008689,
            0.0
          ],
          [
            -0.009546,
            -0.004047,
            0.0
          ],
          [
            -0.028562,
            0.002253,
            0.0
          ],
          [
            -0.015197,
            -0.038148,
            0.0
          ],
          [
            -0.022494,
            0.001638,
            0.0
          ],
          [
            0.02082,
            0.002331,
            0.0
          ],
          [
            -0.026712,
            0.006473,
            0.0
          ],
          [
            0.011107,
            0.000137,
            0.0
          ],
          [
            -0.028606,
            -0.004637,
            0.0
          ],
          [
            -0.013492,
            -0.018414,
            0.0
          ],
          [
            -0.002444,
            0.019645,
            0.0
          ],
          [
            0.01489,
            0.014616,
            0.0
          ],
          [
            0.007319,
            0.064965,
            0.0
          ],
          [
            0.006953,
            0.025832,
            0.0
          ],
          [
            -0.021885,
            -0.001007,
            0.0
          ],
          [
            -0.024552,
            0.043058,
            0.0
          ],
          [
            0.037959,
            -0.039143,
            0.0
          ],
          [
            0.040554,
            -0.028934,
            0.0
          ],
          [
            -0.0252,
            0.033292,
            0.0
          ],
          [
            0.023567,
            0.007916,
            0.0
          ],
          [
            0.028776,
            0.004601,
            0.0
          ],
          [
            -0.030785,
            -0.001261,
            0.0
          ],
          [
            0.004642,
            -0.013595,
            0.0
          ],
          [
            -0.000975,
            -0.018015,
            0.010731
          ],
          [
            -0.000975,
            -0.018015,
            -0.010731
          ]
        ],
        "Lattice": [
          [
            14.789999008,
            0.0,
            0.0
          ],
          [
            -7.394999504,
            12.808514863,
            0.0
          ],
          [
            0.0,
            0.0,
            14.909274101
          ]
        ],
        "NumAtoms": 71,
        "Positions": [
          [
            -0.00914,
            0.01603,
            0.74546
          ],
          [
            -1.2323,
            2.16396,
            0.74546
          ],
          [
            -2.46114,
            4.27029,
            0.74546
          ],
          [
            11.03442,
            6.39276,
            0.74546
          ],
          [
            9.74968,
            8.515,
            0.74546
          ],
          [
            -6.20353,
            10.65375,
            0.74546
          ],
          [
            2.45838,
            -0.04438,
            0.74546
          ],
          [
            1.21639,
            2.08935,
            0.74546
          ],
          [
            0.06357,
            4.27034,
            0.74546
          ],
          [
            -1.18794,
            6.39986,
            0.74546
          ],
          [
            -2.51038,
            8.50613,
            0.74546
          ],
          [
            -3.71838,
            10.63014,
            0.74546
          ],
          [
            -2.45927,
            12.75125,
            0.74546
          ],
          [
            3.70336,
            2.05151,
            0.74546
          ],
          [
            1.49091,
            6.76708,
            0.74546
          ],
          [
            -0.03272,
            8.51741,
            0.74546
          ],
          [
            -1.2254,
            10.6269,
            0.74546
          ],
          [
            0.01369,
            12.74269,
            0.74546
          ],
          [
            6.12282,
            2.10915,
            0.74546
          ],
          [
            4.75324,
            4.29511,
            0.74546
          ],
          [
            2.25693,
            8.01719,
            0.74546
          ],
          [
            1.30507,
            10.556,
            0.74546
          ],
          [
            2.49209,
            12.72634,
            0.74546
          ],
          [
            8.60267,
            2.09116,
            0.74546
          ],
          [
            7.29874,
            4.24588,
            0.74546
          ],
          [
            5.89929,
            6.36878,
            0.74546
          ],
          [
            3.71781,
            7.97473,
            0.74546
          ],
          [
            3.85477,
            10.58478,
            0.74546
          ],
          [
            12.32661,
            0.04808,
            0.74546
          ],
          [
            11.0646,
            2.13598,
            0.74546
          ],
          [
            9.79933,
            4.26895,
            0.74546
          ],
          [
            8.46485,
            6.40757,
            0.74546
          ],
          [
            7.16803,
            8.55456,
            0.74546
          ],
          [
            6.16988,
            10.75049,
            0.74546
          ],
          [
            1.22568,
            0.70022,
            0.74546
          ],
          [
            0.03434,
            2.86278,
            0.74546
          ],
          [
            -1.16128,
            4.96873,
            0.74546
          ],
          [
            -2.48065,
            7.08829,
            0.74546
          ],
          [
            -3.76721,
            9.21214,
            0.74546
          ],
          [
            -4.94996,
            11.35423,
            0.74546
          ],
          [
            3.70259,
            0.6563,
            0.74546
          ],
          [
            2.46784,
            2.8263,
            0.74546
          ],
          [
            2.13811,
            5.53234,
            0.74546
          ],
          [
            0.03943,
            7.1139,
            0.74546
          ],
          [
            -1.2642,
            9.2145,
            0.74546
          ],
          [
            -2.46577,
            11.33313,
            0.74546
          ],
          [
            6.15831,
            0.66755,
            0.74546
          ],
          [
            4.8548,
            2.83531,
            0.74546
          ],
          [
            3.6561,
            5.39356,
            0.74546
          ],
          [
            1.26761,
            9.11847,
            0.74546
          ],
          [
            0.04077,
            11.30481,
            0.74546
          ],
          [
            8.63748,
            0.64696,
            0.74546
          ],
          [
            7.35155,
            2.81113,
            0.74546
          ],
          [
            6.02604,
            4.94271,
            0.74546
          ],
          [
            4.41809,
            6.67899,
            0.74546
          ],
          [
            4.44452,
            9.21328,
            0.74546
          ],
          [
            2.55063,
            11.26145,
            0.74546
          ],
          [
            11.07738,
            0.71368,
            0.74546
          ],
          [
            9.82003,
            2.83801,
            0.74546
          ],
          [
            8.52629,
            4.97655,
            0.74546
          ],
          [
            7.15975,
            7.11344,
            0.74546
          ],
          [
            5.95639,
            9.36322,
            0.74546
          ],
          [
            4.95985,
            11.46508,
            0.74546
          ],
          [
            13.56398,
            0.75049,
            0.74546
          ],
          [
            12.31507,
            2.85661,
            0.74546
          ],
          [
            11.0581,
            4.97277,
            0.74546
          ],
          [
            9.74997,
            7.09737,
            0.74546
          ],
          [
            8.48882,
            9.23237,
            0.74546
          ],
          [
            7.39307,
            11.41234,
            0.74546
          ],
          [
            2.47983,
            3.50612,
            1.61424
          ],
          [
            2.47983,
            3.50612,
            -0.12331
          ]
        ],
        "Stress": [
          [
            -38.7095,
            9.48115,
            0.0
          ],
          [
            9.48115,
            -9.96189,
            0.0
          ],
          [
            0.0,
            0.0,
            -1.60837
          ]
        ],
        "computation_code": "VASP",
        "pseudopotential_information": [
          [
            "PAW_PBE",
            "C",
            "08Apr2002"
          ],
          [
            "PAW_PBE",
            "H",
            "15Jun2001"
          ]
        ]
      }
    ],
    "EnergyStyle": "electronvolt",
    "ForcesStyle": "electronvoltperangstrom",
    "LatticeStyle": "angstrom",
    "PositionsStyle": "angstrom",
    "StressStyle": "kB"
  }
}