{
  "Dataset": {
    "AtomTypeStyle": "chemicalsymbol",
    "Data": [
      {
        "AtomTypes": [
          "C",
          "C",
          "C",
          "C",
          "C",
          "C",
          "C",
          "C",
          "C",
          "C",
          "C",
          "C",
          "C",
          "C",
          "C",
          "C",
          "C",
          "C",
          "C",
          "C",
          "C",
          "C",
          "C",
          "C",
          "C",
          "C",
          "C",
          "C",
          "C",
          "C",
          "C",
          "C",
          "C",
          "C",
          "C",
          "C",
          "C",
          "C",
          "C",
          "C",
          "C",
          "C",
          "C",
          "C",
          "C",
          "C",
          "C",
          "C",
          "C",
          "C",
          "C",
          "C",
          "C",
          "C",
          "C",
          "C",
          "C",
          "C",
          "C",
          "C",
          "C",
          "C",
          "C",
          "C",
          "C",
          "C",
          "C",
          "C",
          "C",
          "C",
          "H",
          "H"
        ],
        "Energy": -552.93788188,
        "Forces": [
          [
            0.014509,
            0.006106,
            0.0
          ],
          [
            0.013333,
            -0.024865,
            0.0
          ],
          [
            -0.008407,
            -0.024083,
            0.0
          ],
          [
            0.017209,
            0.005241,
            0.0
          ],
          [
            0.00431,
            0.002914,
            0.0
          ],
          [
            0.004022,
            0.011948,
            0.0
          ],
          [
            0.005325,
            -0.00582,
            0.0
          ],
          [
            -0.005237,
            -0.036849,
            0.0
          ],
          [
            -0.017685,
            -0.011794,
            0.0
          ],
          [
            -0.004739,
            0.012729,
            0.0
          ],
          [
            0.011901,
            -0.014366,
            0.0
          ],
          [
            -0.00776,
            -0.002487,
            0.0
          ],
          [
            0.002385,
            0.007596,
            0.0
          ],
          [
            0.00588,
            0.014514,
            0.0
          ],
          [
            -0.002501,
            -0.000353,
            0.0
          ],
          [
            0.001696,
            0.005013,
            0.0
          ],
          [
            0.002136,
            -0.001294,
            0.0
          ],
          [
            0.000107,
            -0.003195,
            0.0
          ],
          [
            -0.014645,
            -0.000813,
            0.0
          ],
          [
            -0.005847,
            0.003518,
            0.0
          ],
          [
            0.012221,
            0.005736,
            0.0
          ],
          [
            -0.001866,
            -0.008233,
            0.0
          ],
          [
            0.004957,
            0.003549,
            0.0
          ],
          [
            0.003572,
            0.001948,
            0.0
          ],
          [
            -0.013211,
            0.004621,
            0.0
          ],
          [
            0.003051,
            0.018678,
            0.0
          ],
          [
            0.014262,
            -0.008778,
            0.0
          ],
          [
            -0.010741,
            -0.028636,
            0.0
          ],
          [
            -0.008131,
            -0.002758,
            0.0
          ],
          [
            0.004175,
            -0.006247,
            0.0
          ],
          [
            -0.007898,
            -0.0031,
            0.0
          ],
          [
            -0.007228,
            -0.000198,
            0.0
          ],
          [
            0.001059,
            0.003546,
            0.0
          ],
          [
            0.004346,
            0.008102,
            0.0
          ],
          [
            0.019956,
            -0.009454,
            0.0
          ],
          [
            0.002737,
            0.01241,
            0.0
          ],
          [
            0.005408,
            -0.003515,
            0.0
          ],
          [
            0.007655,
            0.004276,
            0.0
          ],
          [
            -0.009688,
            -0.015164,
            0.0
          ],
          [
            0.006691,
            -0.01629,
            0.0
          ],
          [
            -0.003799,
            0.012867,
            0.0
          ],
          [
            -0.008235,
            0.004693,
            0.0
          ],
          [
            -0.009987,
            -0.008087,
            0.0
          ],
          [
            -0.012358,
            0.013738,
            0.0
          ],
          [
            -0.00906,
            0.004136,
            0.0
          ],
          [
            0.006678,
            -0.001155,
            0.0
          ],
          [
            0.008854,
            -0.001066,
            0.0
          ],
          [
            0.004626,
            0.032925,
            0.0
          ],
          [
            -0.004494,
            0.009694,
            0.0
          ],
          [
            0.004063,
            0.002373,
            0.0
          ],
          [
            -0.00696,
            -0.003947,
            0.0
          ],
          [
            0.00911,
            0.009591,
            0.0
          ],
          [
            -0.007201,
            0.001986,
            0.0
          ],
          [
            -0.012485,
            0.023885,
            0.0
          ],
          [
            -0.003789,
            0.006003,
            0.0
          ],
          [
            -0.008633,
            -0.000177,
            0.0
          ],
          [
            0.017261,
            0.004105,
            0.0
          ],
          [
            -0.002356,
            -0.013894,
            0.0
          ],
          [
            -0.022942,
            0.00606,
            0.0
          ],
          [
            -0.007173,
            -0.006355,
            0.0
          ],
          [
            -0.0056,
            0.001359,
            0.0
          ],
          [
            -0.008305,
            0.011445,
            0.0
          ],
          [
            0.002281,
            0.010099,
            0.0
          ],
          [
            -0.006551,
            -0.019399,
            0.0
          ],
          [
            0.016805,
            -0.010376,
            0.0
          ],
          [
            0.003128,
            0.0009,
            0.0
          ],
          [
            -0.01894,
            -0.006164,
            0.0
          ],
          [
            0.003032,
            -0.009713,
            0.0
          ],
          [
            0.013927,
            0.00375,
            0.0
          ],
          [
            -0.008953,
            0.012465,
            0.0
          ],
          [
            0.01537,
            0.002053,
            -0.000208
          ],
          [
            0.01537,
            0.002053,
            0.000208
          ]
        ],
        "Lattice": [
          [
            14.789999008,
            0.0,
            0.0
          ],
          [
            -7.394999504,
            12.808514863,
            0.0
          ],
          [
            0.0,
            0.0,
            14.909274101
          ]
        ],
        "NumAtoms": 72,
        "Positions": [
          [
            -0.02701,
            -0.01,
            0.74546
          ],
          [
            13.50638,
            2.11474,
            0.74546
          ],
          [
            -2.41593,
            4.26226,
            0.74546
          ],
          [
            -3.69561,
            6.38785,
            0.74546
          ],
          [
            9.78051,
            8.51468,
            0.74546
          ],
          [
            -6.195,
            10.65151,
            0.74546
          ],
          [
            -4.96221,
            12.7779,
            0.74546
          ],
          [
            1.16071,
            2.05056,
            0.74546
          ],
          [
            0.13439,
            4.14461,
            0.74546
          ],
          [
            -1.13839,
            6.35474,
            0.74546
          ],
          [
            -2.49587,
            8.50332,
            0.74546
          ],
          [
            -3.7202,
            10.64387,
            0.74546
          ],
          [
            4.87379,
            0.01212,
            0.74546
          ],
          [
            3.55961,
            2.21175,
            0.74546
          ],
          [
            1.62178,
            4.28753,
            0.74546
          ],
          [
            1.55778,
            6.76673,
            0.74546
          ],
          [
            -0.0403,
            8.51288,
            0.74546
          ],
          [
            -1.25071,
            10.65327,
            0.74546
          ],
          [
            -0.02222,
            12.77666,
            0.74546
          ],
          [
            6.07855,
            2.14313,
            0.74546
          ],
          [
            4.81563,
            4.32731,
            0.74546
          ],
          [
            2.20112,
            8.06437,
            0.74546
          ],
          [
            1.26817,
            10.59008,
            0.74546
          ],
          [
            2.46642,
            12.75126,
            0.74546
          ],
          [
            8.59179,
            2.10111,
            0.74546
          ],
          [
            7.37725,
            4.22876,
            0.74546
          ],
          [
            6.10953,
            6.31436,
            0.74546
          ],
          [
            3.54179,
            8.3366,
            0.74546
          ],
          [
            3.83611,
            10.67553,
            0.74546
          ],
          [
            12.30273,
            0.05769,
            0.74546
          ],
          [
            11.05271,
            2.14305,
            0.74546
          ],
          [
            9.85002,
            4.26739,
            0.74546
          ],
          [
            8.55771,
            6.40256,
            0.74546
          ],
          [
            7.20991,
            8.55084,
            0.74546
          ],
          [
            6.16685,
            10.7488,
            0.74546
          ],
          [
            1.19875,
            0.65842,
            0.74546
          ],
          [
            -0.0588,
            2.76457,
            0.74546
          ],
          [
            -1.1131,
            4.93468,
            0.74546
          ],
          [
            -2.42967,
            7.07319,
            0.74546
          ],
          [
            -3.74752,
            9.21421,
            0.74546
          ],
          [
            -4.95272,
            11.35187,
            0.74546
          ],
          [
            3.62641,
            0.74381,
            0.74546
          ],
          [
            2.26046,
            2.89789,
            0.74546
          ],
          [
            2.3398,
            5.48356,
            0.74546
          ],
          [
            0.10465,
            7.08714,
            0.74546
          ],
          [
            -1.2729,
            9.23078,
            0.74546
          ],
          [
            -2.49636,
            11.37873,
            0.74546
          ],
          [
            6.11669,
            0.70711,
            0.74546
          ],
          [
            4.81439,
            2.8866,
            0.74546
          ],
          [
            3.81164,
            5.36933,
            0.74546
          ],
          [
            1.20467,
            9.16346,
            0.74546
          ],
          [
            0.01161,
            11.33674,
            0.74546
          ],
          [
            8.61233,
            0.66443,
            0.74546
          ],
          [
            7.35168,
            2.81189,
            0.74546
          ],
          [
            6.14149,
            4.93117,
            0.74546
          ],
          [
            4.61851,
            6.63884,
            0.74546
          ],
          [
            4.46073,
            9.30642,
            0.74546
          ],
          [
            2.52727,
            11.29858,
            0.74546
          ],
          [
            11.06024,
            0.7203,
            0.74546
          ],
          [
            9.81955,
            2.845,
            0.74546
          ],
          [
            8.59439,
            4.97333,
            0.74546
          ],
          [
            7.27536,
            7.11094,
            0.74546
          ],
          [
            5.96602,
            9.36629,
            0.74546
          ],
          [
            4.95568,
            11.48463,
            0.74546
          ],
          [
            13.53292,
            0.71913,
            0.74546
          ],
          [
            12.29336,
            2.84317,
            0.74546
          ],
          [
            11.11177,
            4.96891,
            0.74546
          ],
          [
            9.81819,
            7.09689,
            0.74546
          ],
          [
            8.50802,
            9.22603,
            0.74546
          ],
          [
            7.39452,
            11.39434,
            0.74546
          ],
          [
            4.42113,
            7.17641,
            1.70632
          ],
          [
            4.42113,
            7.17641,
            -0.2154
          ]
        ],
        "Stress": [
          [
            -28.82889,
            19.13987,
            0.0
          ],
          [
            19.13987,
            -0.05403,
            0.0
          ],
          [
            0.0,
            0.0,
            -1.63892
          ]
        ],
        "computation_code": "VASP",
        "pseudopotential_information": [
          [
            "PAW_PBE",
            "C",
            "08Apr2002"
          ],
          [
            "PAW_PBE",
            "H",
            "15Jun2001"
          ]
        ]
      }
    ],
    "EnergyStyle": "electronvolt",
    "ForcesStyle": "electronvoltperangstrom",
    "LatticeStyle": "angstrom",
    "PositionsStyle": "angstrom",
    "StressStyle": "kB"
  }
}