{
  "Dataset": {
    "AtomTypeStyle": "chemicalsymbol",
    "Data": [
      {
        "AtomTypes": [
          "C",
          "C",
          "C",
          "C",
          "C",
          "C",
          "C",
          "C",
          "C",
          "C",
          "C",
          "C",
          "C",
          "C",
          "C",
          "C",
          "C",
          "C",
          "C",
          "C",
          "C",
          "C",
          "C",
          "C",
          "C",
          "C",
          "C",
          "C",
          "C",
          "C",
          "C",
          "C",
          "C",
          "C",
          "C",
          "C",
          "C",
          "C",
          "C",
          "C",
          "C",
          "C",
          "C",
          "C",
          "C",
          "C",
          "C",
          "C",
          "C",
          "C",
          "C",
          "C",
          "C",
          "C",
          "C",
          "C",
          "C",
          "C",
          "C",
          "C",
          "C",
          "C",
          "C",
          "C",
          "C",
          "C",
          "C",
          "C",
          "C",
          "C",
          "H",
          "H"
        ],
        "Energy": -551.42066614,
        "Forces": [
          [
            0.199827,
            -0.114215,
            0.0
          ],
          [
            0.132709,
            -0.012899,
            0.0
          ],
          [
            0.087479,
            0.046987,
            0.0
          ],
          [
            -0.050688,
            -0.177651,
            0.0
          ],
          [
            0.056608,
            0.065611,
            0.0
          ],
          [
            -0.020607,
            -0.049784,
            0.0
          ],
          [
            0.025447,
            0.037076,
            0.0
          ],
          [
            0.058562,
            0.028327,
            0.0
          ],
          [
            0.053191,
            -0.110106,
            0.0
          ],
          [
            -0.105262,
            0.141981,
            0.0
          ],
          [
            -0.013131,
            0.063361,
            0.0
          ],
          [
            0.035062,
            -0.031783,
            0.0
          ],
          [
            -0.021797,
            -0.120257,
            0.0
          ],
          [
            0.015801,
            0.063455,
            0.0
          ],
          [
            -0.001559,
            0.02593,
            0.0
          ],
          [
            -0.156457,
            -0.074187,
            0.0
          ],
          [
            0.104363,
            -0.304832,
            0.0
          ],
          [
            -0.073134,
            -0.105634,
            0.0
          ],
          [
            0.117837,
            0.097769,
            0.0
          ],
          [
            0.027026,
            0.109974,
            0.0
          ],
          [
            0.017862,
            -0.048705,
            0.0
          ],
          [
            0.014629,
            0.040979,
            0.0
          ],
          [
            -0.198369,
            -0.051573,
            0.0
          ],
          [
            -0.007013,
            -0.126324,
            0.0
          ],
          [
            -0.010775,
            -0.037004,
            0.0
          ],
          [
            -0.045657,
            0.024583,
            0.0
          ],
          [
            0.063481,
            -0.009909,
            0.0
          ],
          [
            -0.130961,
            -0.043846,
            0.0
          ],
          [
            0.119716,
            -0.020111,
            0.0
          ],
          [
            0.073447,
            -0.110932,
            0.0
          ],
          [
            0.000144,
            -0.010624,
            0.0
          ],
          [
            0.023883,
            0.017177,
            0.0
          ],
          [
            -0.097146,
            -0.090724,
            0.0
          ],
          [
            -0.059757,
            -0.045428,
            0.0
          ],
          [
            0.005636,
            -0.063158,
            0.0
          ],
          [
            -0.178527,
            -0.018301,
            0.0
          ],
          [
            0.13212,
            -0.167739,
            0.0
          ],
          [
            -0.042305,
            0.110336,
            0.0
          ],
          [
            -0.051372,
            0.011365,
            0.0
          ],
          [
            -0.213162,
            0.04973,
            0.0
          ],
          [
            -0.140281,
            0.080337,
            0.0
          ],
          [
            0.029823,
            -0.018923,
            0.0
          ],
          [
            -0.082917,
            -0.035616,
            0.0
          ],
          [
            -0.067704,
            0.141196,
            0.0
          ],
          [
            -0.147005,
            0.101759,
            0.0
          ],
          [
            0.228287,
            -0.236328,
            0.0
          ],
          [
            -0.134316,
            0.095065,
            0.0
          ],
          [
            -0.00882,
            0.086174,
            0.0
          ],
          [
            0.048891,
            0.023477,
            0.0
          ],
          [
            -0.055174,
            0.013975,
            0.0
          ],
          [
            -0.054022,
            -0.006896,
            0.0
          ],
          [
            -0.050383,
            -0.054909,
            0.0
          ],
          [
            -0.039867,
            0.108148,
            0.0
          ],
          [
            0.194781,
            0.119496,
            0.0
          ],
          [
            0.051637,
            -0.037019,
            0.0
          ],
          [
            -0.039389,
            0.02101,
            0.0
          ],
          [
            -0.023991,
            -0.024783,
            0.0
          ],
          [
            -0.152163,
            -0.052234,
            0.0
          ],
          [
            0.091115,
            0.130484,
            0.0
          ],
          [
            0.096432,
            -0.058185,
            0.0
          ],
          [
            -0.008809,
            -0.23855,
            0.0
          ],
          [
            0.006993,
            -0.067356,
            0.0
          ],
          [
            -0.01163,
            0.087574,
            0.0
          ],
          [
            0.206024,
            -0.038334,
            0.0
          ],
          [
            0.163865,
            -0.097611,
            0.0
          ],
          [
            -0.074192,
            -0.163429,
            0.0
          ],
          [
            -0.134049,
            -0.053961,
            0.0
          ],
          [
            -0.104655,
            -0.044489,
            0.0
          ],
          [
            0.009037,
            -0.02111,
            0.0
          ],
          [
            -0.078882,
            0.159785,
            0.0
          ],
          [
            0.197106,
            0.54617,
            -0.08421
          ],
          [
            0.197106,
            0.54617,
            0.08421
          ]
        ],
        "Lattice": [
          [
            14.789999008,
            0.0,
            0.0
          ],
          [
            -7.394999504,
            12.808514863,
            0.0
          ],
          [
            0.0,
            0.0,
            14.909274101
          ]
        ],
        "NumAtoms": 72,
        "Positions": [
          [
            7.39455,
            12.79467,
            0.74546
          ],
          [
            13.5174,
            2.09992,
            0.74546
          ],
          [
            -2.40692,
            4.24038,
            0.74546
          ],
          [
            -3.66041,
            6.3905,
            0.74546
          ],
          [
            9.81753,
            8.52182,
            0.74546
          ],
          [
            -6.1479,
            10.6607,
            0.74546
          ],
          [
            -4.92294,
            12.78162,
            0.74546
          ],
          [
            1.18458,
            2.0417,
            0.74546
          ],
          [
            0.1556,
            4.12241,
            0.74546
          ],
          [
            -1.1086,
            6.2977,
            0.74546
          ],
          [
            -2.46199,
            8.49874,
            0.74546
          ],
          [
            -3.67178,
            10.64437,
            0.74546
          ],
          [
            4.91319,
            0.02228,
            0.74546
          ],
          [
            3.59292,
            2.21817,
            0.74546
          ],
          [
            1.6738,
            4.26577,
            0.74546
          ],
          [
            1.61535,
            6.73403,
            0.74546
          ],
          [
            -0.02479,
            8.47605,
            0.74546
          ],
          [
            -1.20702,
            10.65713,
            0.74546
          ],
          [
            0.01843,
            12.75902,
            0.74546
          ],
          [
            6.10275,
            2.15208,
            0.74546
          ],
          [
            4.85881,
            4.36129,
            0.74546
          ],
          [
            2.36298,
            8.00733,
            0.74546
          ],
          [
            1.36907,
            10.59294,
            0.74546
          ],
          [
            2.50537,
            12.74925,
            0.74546
          ],
          [
            8.60923,
            2.10807,
            0.74546
          ],
          [
            7.3816,
            4.26347,
            0.74546
          ],
          [
            6.03622,
            6.39829,
            0.74546
          ],
          [
            3.86357,
            7.97734,
            0.74546
          ],
          [
            3.89046,
            10.58942,
            0.74546
          ],
          [
            12.32245,
            0.02992,
            0.74546
          ],
          [
            11.06582,
            2.13487,
            0.74546
          ],
          [
            9.86141,
            4.27697,
            0.74546
          ],
          [
            8.57011,
            6.42694,
            0.74546
          ],
          [
            7.25804,
            8.56736,
            0.74546
          ],
          [
            6.20672,
            10.74045,
            0.74546
          ],
          [
            1.23266,
            0.65361,
            0.74546
          ],
          [
            -0.041,
            2.75065,
            0.74546
          ],
          [
            -1.09345,
            4.88714,
            0.74546
          ],
          [
            -2.3874,
            7.05243,
            0.74546
          ],
          [
            -3.70685,
            9.21544,
            0.74546
          ],
          [
            -4.90519,
            11.35731,
            0.74546
          ],
          [
            3.66413,
            0.75597,
            0.74546
          ],
          [
            2.28576,
            2.89271,
            0.74546
          ],
          [
            2.39946,
            5.45463,
            0.74546
          ],
          [
            0.18262,
            6.93429,
            0.74546
          ],
          [
            -1.28326,
            9.25253,
            0.74546
          ],
          [
            -2.44835,
            11.38504,
            0.74546
          ],
          [
            6.15128,
            0.70859,
            0.74546
          ],
          [
            4.83869,
            2.91673,
            0.74546
          ],
          [
            3.85431,
            5.4616,
            0.74546
          ],
          [
            1.50766,
            9.15325,
            0.74546
          ],
          [
            0.07983,
            11.32133,
            0.74546
          ],
          [
            8.64905,
            0.66026,
            0.74546
          ],
          [
            7.36321,
            2.83354,
            0.74546
          ],
          [
            6.14003,
            4.98048,
            0.74546
          ],
          [
            4.57986,
            6.71622,
            0.74546
          ],
          [
            4.5261,
            9.20349,
            0.74546
          ],
          [
            2.60141,
            11.28597,
            0.74546
          ],
          [
            11.08603,
            0.71191,
            0.74546
          ],
          [
            9.83321,
            2.84707,
            0.74546
          ],
          [
            8.6102,
            4.99439,
            0.74546
          ],
          [
            7.27569,
            7.13925,
            0.74546
          ],
          [
            6.02053,
            9.36149,
            0.74546
          ],
          [
            4.97943,
            11.44655,
            0.74546
          ],
          [
            13.54703,
            0.70296,
            0.74546
          ],
          [
            12.30797,
            2.82869,
            0.74546
          ],
          [
            11.1343,
            4.96563,
            0.74546
          ],
          [
            9.8433,
            7.10623,
            0.74546
          ],
          [
            8.55894,
            9.23699,
            0.74546
          ],
          [
            7.43287,
            11.39341,
            0.74546
          ],
          [
            0.41145,
            8.39294,
            1.77128
          ],
          [
            0.41145,
            8.39294,
            -0.28035
          ]
        ],
        "Stress": [
          [
            -32.27396,
            23.9187,
            0.0
          ],
          [
            23.9187,
            -5.94594,
            0.0
          ],
          [
            0.0,
            0.0,
            -1.73803
          ]
        ],
        "computation_code": "VASP",
        "pseudopotential_information": [
          [
            "PAW_PBE",
            "C",
            "08Apr2002"
          ],
          [
            "PAW_PBE",
            "H",
            "15Jun2001"
          ]
        ]
      }
    ],
    "EnergyStyle": "electronvolt",
    "ForcesStyle": "electronvoltperangstrom",
    "LatticeStyle": "angstrom",
    "PositionsStyle": "angstrom",
    "StressStyle": "kB"
  }
}