{
  "Dataset": {
    "AtomTypeStyle": "chemicalsymbol",
    "Data": [
      {
        "AtomTypes": [
          "C",
          "C",
          "C",
          "C",
          "C",
          "C",
          "C",
          "C",
          "C",
          "C",
          "C",
          "C",
          "C",
          "C",
          "C",
          "C",
          "C",
          "C",
          "C",
          "C",
          "C",
          "C",
          "C",
          "C",
          "C",
          "C",
          "C",
          "C",
          "C",
          "C",
          "C",
          "C",
          "C",
          "C",
          "C",
          "C",
          "C",
          "C",
          "C",
          "C",
          "C",
          "C",
          "C",
          "C",
          "C",
          "C",
          "C",
          "C",
          "C",
          "C",
          "C",
          "C",
          "C",
          "C",
          "C",
          "C",
          "C",
          "C",
          "C",
          "C",
          "C",
          "C",
          "C",
          "C",
          "C",
          "C",
          "C",
          "C",
          "C",
          "C",
          "H",
          "H"
        ],
        "Energy": -552.52042826,
        "Forces": [
          [
            -0.161165,
            -0.197841,
            0.0
          ],
          [
            0.028285,
            -0.003197,
            0.0
          ],
          [
            0.137514,
            0.079906,
            0.0
          ],
          [
            -0.236068,
            -0.150262,
            0.0
          ],
          [
            -0.047137,
            -0.062812,
            0.0
          ],
          [
            0.120598,
            -0.286665,
            0.0
          ],
          [
            0.114369,
            0.130968,
            0.0
          ],
          [
            0.031026,
            0.264193,
            0.0
          ],
          [
            0.011083,
            0.152967,
            0.0
          ],
          [
            -0.04041,
            0.001365,
            0.0
          ],
          [
            -0.002645,
            0.110637,
            0.0
          ],
          [
            0.251664,
            -0.031377,
            0.0
          ],
          [
            0.171591,
            0.073207,
            0.0
          ],
          [
            -0.086251,
            -0.134643,
            0.0
          ],
          [
            0.214412,
            -0.119018,
            0.0
          ],
          [
            -0.014463,
            0.035809,
            0.0
          ],
          [
            -0.115431,
            0.08223,
            0.0
          ],
          [
            0.029827,
            -0.032606,
            0.0
          ],
          [
            -0.046092,
            0.00532,
            0.0
          ],
          [
            -0.05805,
            0.021511,
            0.0
          ],
          [
            0.039359,
            0.052798,
            0.0
          ],
          [
            0.046801,
            -0.210196,
            0.0
          ],
          [
            -0.177549,
            -0.193709,
            0.0
          ],
          [
            -0.094955,
            -0.165217,
            0.0
          ],
          [
            -0.139733,
            0.018218,
            0.0
          ],
          [
            0.028045,
            0.038514,
            0.0
          ],
          [
            -0.053075,
            0.203579,
            0.0
          ],
          [
            0.093076,
            -0.240932,
            0.0
          ],
          [
            0.155637,
            -0.094488,
            0.0
          ],
          [
            -0.11466,
            -0.299387,
            0.0
          ],
          [
            -0.132907,
            -0.020858,
            0.0
          ],
          [
            -0.06589,
            -0.089769,
            0.0
          ],
          [
            -0.092427,
            0.139706,
            0.0
          ],
          [
            0.061874,
            0.092395,
            0.0
          ],
          [
            -0.272745,
            -0.256291,
            0.0
          ],
          [
            -0.165376,
            0.089169,
            0.0
          ],
          [
            -0.195883,
            -0.022628,
            0.0
          ],
          [
            -0.24564,
            0.24332,
            0.0
          ],
          [
            -0.023863,
            0.03392,
            0.0
          ],
          [
            0.036847,
            0.105461,
            0.0
          ],
          [
            -0.16512,
            0.107504,
            0.0
          ],
          [
            0.093708,
            -0.069016,
            0.0
          ],
          [
            -0.031585,
            -0.062025,
            0.0
          ],
          [
            -0.053857,
            0.096407,
            0.0
          ],
          [
            0.022439,
            0.241085,
            0.0
          ],
          [
            0.06447,
            -0.022402,
            0.0
          ],
          [
            0.154971,
            0.038846,
            0.0
          ],
          [
            -0.044585,
            -0.18378,
            0.0
          ],
          [
            -0.255465,
            0.016559,
            0.0
          ],
          [
            0.062208,
            0.06567,
            0.0
          ],
          [
            -0.092917,
            -0.16348,
            0.0
          ],
          [
            0.055438,
            0.092806,
            0.0
          ],
          [
            -0.30515,
            -0.223723,
            0.0
          ],
          [
            -0.122544,
            0.076491,
            0.0
          ],
          [
            -0.072134,
            0.149352,
            0.0
          ],
          [
            -0.060501,
            0.118284,
            0.0
          ],
          [
            -0.076812,
            -0.112083,
            0.0
          ],
          [
            -0.042409,
            0.052148,
            0.0
          ],
          [
            0.037671,
            0.286552,
            0.0
          ],
          [
            0.083776,
            0.00096,
            0.0
          ],
          [
            0.10636,
            -0.099349,
            0.0
          ],
          [
            -0.082118,
            0.072034,
            0.0
          ],
          [
            -0.101961,
            -0.132205,
            0.0
          ],
          [
            0.13219,
            0.065047,
            0.0
          ],
          [
            0.188433,
            0.181404,
            0.0
          ],
          [
            0.047487,
            0.026791,
            0.0
          ],
          [
            0.033771,
            0.169499,
            0.0
          ],
          [
            -0.035355,
            -0.15744,
            0.0
          ],
          [
            0.061117,
            0.043602,
            0.0
          ],
          [
            0.251555,
            0.247432,
            0.0
          ],
          [
            0.578665,
            -0.143134,
            0.173195
          ],
          [
            0.578665,
            -0.143134,
            -0.173195
          ]
        ],
        "Lattice": [
          [
            14.789999008,
            0.0,
            0.0
          ],
          [
            -7.394999504,
            12.808514863,
            0.0
          ],
          [
            0.0,
            0.0,
            14.909274101
          ]
        ],
        "NumAtoms": 72,
        "Positions": [
          [
            0.01411,
            0.00798,
            0.74546
          ],
          [
            -1.24864,
            2.11714,
            0.74546
          ],
          [
            -2.48631,
            4.26841,
            0.74546
          ],
          [
            -3.69268,
            6.43406,
            0.74546
          ],
          [
            9.81296,
            8.55727,
            0.74546
          ],
          [
            -6.16064,
            10.68629,
            0.74546
          ],
          [
            -4.91187,
            12.79431,
            0.74546
          ],
          [
            1.2089,
            2.0423,
            0.74546
          ],
          [
            0.27664,
            4.11204,
            0.74546
          ],
          [
            -1.13805,
            6.44892,
            0.74546
          ],
          [
            -2.45572,
            8.54962,
            0.74546
          ],
          [
            -3.68314,
            10.67306,
            0.74546
          ],
          [
            4.91733,
            0.03886,
            0.74546
          ],
          [
            3.61786,
            2.2412,
            0.74546
          ],
          [
            1.76614,
            4.28184,
            0.74546
          ],
          [
            1.61888,
            6.78821,
            0.74546
          ],
          [
            0.03739,
            8.53439,
            0.74546
          ],
          [
            -1.19831,
            10.68003,
            0.74546
          ],
          [
            0.02675,
            12.80358,
            0.74546
          ],
          [
            6.12527,
            2.18251,
            0.74546
          ],
          [
            4.86492,
            4.38229,
            0.74546
          ],
          [
            2.32416,
            8.04458,
            0.74546
          ],
          [
            1.33345,
            10.60028,
            0.74546
          ],
          [
            2.51194,
            12.76232,
            0.74546
          ],
          [
            8.62601,
            2.13232,
            0.74546
          ],
          [
            7.37333,
            4.28461,
            0.74546
          ],
          [
            6.03064,
            6.41924,
            0.74546
          ],
          [
            3.80935,
            8.03152,
            0.74546
          ],
          [
            3.87529,
            10.61786,
            0.74546
          ],
          [
            12.33284,
            0.05011,
            0.74546
          ],
          [
            11.0761,
            2.15545,
            0.74546
          ],
          [
            9.83431,
            4.2994,
            0.74546
          ],
          [
            8.55259,
            6.44435,
            0.74546
          ],
          [
            7.24075,
            8.59005,
            0.74546
          ],
          [
            6.20511,
            10.76855,
            0.74546
          ],
          [
            1.24884,
            0.65685,
            0.74546
          ],
          [
            -0.00204,
            2.71437,
            0.74546
          ],
          [
            -1.27763,
            5.05153,
            0.74546
          ],
          [
            -2.42805,
            7.13386,
            0.74546
          ],
          [
            -3.71097,
            9.24877,
            0.74546
          ],
          [
            -4.90852,
            11.37637,
            0.74546
          ],
          [
            3.67331,
            0.77457,
            0.74546
          ],
          [
            2.32565,
            2.91769,
            0.74546
          ],
          [
            2.4118,
            5.52789,
            0.74546
          ],
          [
            0.14118,
            7.10823,
            0.74546
          ],
          [
            -1.20749,
            9.25452,
            0.74546
          ],
          [
            -2.45293,
            11.40447,
            0.74546
          ],
          [
            6.16268,
            0.74269,
            0.74546
          ],
          [
            4.8618,
            2.94995,
            0.74546
          ],
          [
            3.85609,
            5.51927,
            0.74546
          ],
          [
            1.32141,
            9.15466,
            0.74546
          ],
          [
            0.0671,
            11.35419,
            0.74546
          ],
          [
            8.66003,
            0.69528,
            0.74546
          ],
          [
            7.38086,
            2.85741,
            0.74546
          ],
          [
            6.13833,
            4.9958,
            0.74546
          ],
          [
            4.57335,
            6.75588,
            0.74546
          ],
          [
            4.49841,
            9.24534,
            0.74546
          ],
          [
            2.57757,
            11.29602,
            0.74546
          ],
          [
            11.09265,
            0.72321,
            0.74546
          ],
          [
            9.83895,
            2.87183,
            0.74546
          ],
          [
            8.5892,
            5.01632,
            0.74546
          ],
          [
            7.26717,
            7.15306,
            0.74546
          ],
          [
            6.01319,
            9.38966,
            0.74546
          ],
          [
            4.97687,
            11.47317,
            0.74546
          ],
          [
            13.56425,
            0.7192,
            0.74546
          ],
          [
            12.30351,
            2.85274,
            0.74546
          ],
          [
            11.07916,
            5.00099,
            0.74546
          ],
          [
            9.82687,
            7.13915,
            0.74546
          ],
          [
            8.54568,
            9.26361,
            0.74546
          ],
          [
            7.42428,
            11.413,
            0.74546
          ],
          [
            -0.39967,
            4.59603,
            1.66368
          ],
          [
            -0.39967,
            4.59603,
            -0.17275
          ]
        ],
        "Stress": [
          [
            -29.89215,
            20.96634,
            0.0
          ],
          [
            20.96634,
            -5.2269,
            0.0
          ],
          [
            0.0,
            0.0,
            -1.46122
          ]
        ],
        "computation_code": "VASP",
        "pseudopotential_information": [
          [
            "PAW_PBE",
            "C",
            "08Apr2002"
          ],
          [
            "PAW_PBE",
            "H",
            "15Jun2001"
          ]
        ]
      }
    ],
    "EnergyStyle": "electronvolt",
    "ForcesStyle": "electronvoltperangstrom",
    "LatticeStyle": "angstrom",
    "PositionsStyle": "angstrom",
    "StressStyle": "kB"
  }
}