{
  "Dataset": {
    "AtomTypeStyle": "chemicalsymbol",
    "Data": [
      {
        "AtomTypes": [
          "C",
          "C",
          "C",
          "C",
          "C",
          "C",
          "C",
          "C",
          "C",
          "C",
          "C",
          "C",
          "C",
          "C",
          "C",
          "C",
          "C",
          "C",
          "C",
          "C",
          "C",
          "C",
          "C",
          "C",
          "C",
          "C",
          "C",
          "C",
          "C",
          "C",
          "C",
          "C",
          "C",
          "C",
          "C",
          "C",
          "C",
          "C",
          "C",
          "C",
          "C",
          "C",
          "C",
          "C",
          "C",
          "C",
          "C",
          "C",
          "C",
          "C",
          "C",
          "C",
          "C",
          "C",
          "C",
          "C",
          "C",
          "C",
          "C",
          "C",
          "C",
          "C",
          "C",
          "C",
          "C",
          "C",
          "C",
          "C",
          "C",
          "H",
          "H"
        ],
        "Energy": -545.12730124,
        "Forces": [
          [
            -0.011429,
            -0.036668,
            0.0
          ],
          [
            -0.034946,
            -0.017713,
            0.0
          ],
          [
            -0.002848,
            -0.020467,
            0.0
          ],
          [
            0.013589,
            -0.021854,
            0.0
          ],
          [
            -0.013552,
            0.038832,
            0.0
          ],
          [
            -0.026133,
            -0.028427,
            0.0
          ],
          [
            -0.003772,
            -0.000504,
            0.0
          ],
          [
            0.007908,
            -0.075378,
            0.0
          ],
          [
            0.003415,
            0.010426,
            0.0
          ],
          [
            0.022958,
            0.002967,
            0.0
          ],
          [
            0.003254,
            -0.02906,
            0.0
          ],
          [
            0.006268,
            0.009544,
            0.0
          ],
          [
            -0.006337,
            -0.003688,
            0.0
          ],
          [
            0.001181,
            -0.003405,
            0.0
          ],
          [
            -0.000853,
            0.046296,
            0.0
          ],
          [
            0.006629,
            -0.035111,
            0.0
          ],
          [
            0.020461,
            0.050134,
            0.0
          ],
          [
            -0.000679,
            -0.000953,
            0.0
          ],
          [
            0.003922,
            -0.006235,
            0.0
          ],
          [
            0.004848,
            0.011747,
            0.0
          ],
          [
            0.010989,
            0.022403,
            0.0
          ],
          [
            -0.019419,
            0.02151,
            0.0
          ],
          [
            0.017625,
            0.008662,
            0.0
          ],
          [
            -0.015962,
            0.031222,
            0.0
          ],
          [
            0.018791,
            -0.036001,
            0.0
          ],
          [
            0.036027,
            0.019051,
            0.0
          ],
          [
            0.009841,
            0.014012,
            0.0
          ],
          [
            0.031633,
            0.02783,
            0.0
          ],
          [
            -0.020252,
            -0.023336,
            0.0
          ],
          [
            0.02448,
            -0.026674,
            0.0
          ],
          [
            0.02351,
            0.019971,
            0.0
          ],
          [
            -0.025654,
            0.009578,
            0.0
          ],
          [
            0.018995,
            0.003686,
            0.0
          ],
          [
            0.029929,
            -0.017858,
            0.0
          ],
          [
            0.000256,
            0.000956,
            0.0
          ],
          [
            -0.021534,
            -0.051726,
            0.0
          ],
          [
            -0.007468,
            -0.006309,
            0.0
          ],
          [
            0.048576,
            -0.016662,
            0.0
          ],
          [
            0.002531,
            0.002816,
            0.0
          ],
          [
            0.017699,
            -0.000807,
            0.0
          ],
          [
            -0.005702,
            0.011672,
            0.0
          ],
          [
            -0.004009,
            -0.02162,
            0.0
          ],
          [
            -0.018834,
            0.032219,
            0.0
          ],
          [
            -0.004519,
            -0.004383,
            0.0
          ],
          [
            -0.011353,
            0.039492,
            0.0
          ],
          [
            -0.01261,
            -0.028725,
            0.0
          ],
          [
            0.027614,
            -0.000159,
            0.0
          ],
          [
            -0.012018,
            -0.016465,
            0.0
          ],
          [
            -0.016071,
            0.033199,
            0.0
          ],
          [
            0.006098,
            0.029354,
            0.0
          ],
          [
            0.002024,
            0.029649,
            0.0
          ],
          [
            -0.017901,
            0.016519,
            0.0
          ],
          [
            0.006136,
            0.016453,
            0.0
          ],
          [
            -0.027315,
            -0.017997,
            0.0
          ],
          [
            0.003114,
            0.026161,
            0.0
          ],
          [
            -0.012408,
            -0.022861,
            0.0
          ],
          [
            -0.037582,
            -0.013977,
            0.0
          ],
          [
            0.005035,
            0.033399,
            0.0
          ],
          [
            -0.003329,
            0.000653,
            0.0
          ],
          [
            0.001042,
            0.021161,
            0.0
          ],
          [
            0.046179,
            0.013938,
            0.0
          ],
          [
            -0.003057,
            -0.02069,
            0.0
          ],
          [
            0.002246,
            0.034224,
            0.0
          ],
          [
            -0.005432,
            -0.034933,
            0.0
          ],
          [
            -0.004216,
            0.010656,
            0.0
          ],
          [
            0.03313,
            -5.6e-05,
            0.0
          ],
          [
            -0.016382,
            0.016994,
            0.0
          ],
          [
            -0.02378,
            -0.038665,
            0.0
          ],
          [
            -0.060945,
            0.001049,
            0.0
          ],
          [
            -0.004815,
            -0.019534,
            0.004379
          ],
          [
            -0.004815,
            -0.019534,
            -0.004379
          ]
        ],
        "Lattice": [
          [
            14.789999008,
            0.0,
            0.0
          ],
          [
            -7.394999504,
            12.808514863,
            0.0
          ],
          [
            0.0,
            0.0,
            14.909274101
          ]
        ],
        "NumAtoms": 71,
        "Positions": [
          [
            0.00119,
            0.09421,
            0.74546
          ],
          [
            -1.27065,
            2.18751,
            0.74546
          ],
          [
            12.23496,
            4.30589,
            0.74546
          ],
          [
            11.01883,
            6.44012,
            0.74546
          ],
          [
            9.76727,
            8.57891,
            0.74546
          ],
          [
            -6.18163,
            10.72898,
            0.74546
          ],
          [
            2.44963,
            0.06605,
            0.74546
          ],
          [
            1.20069,
            2.25019,
            0.74546
          ],
          [
            -0.05935,
            4.32796,
            0.74546
          ],
          [
            -1.24455,
            6.39317,
            0.74546
          ],
          [
            -2.50738,
            8.5445,
            0.74546
          ],
          [
            -3.71386,
            10.69997,
            0.74546
          ],
          [
            4.91025,
            0.02964,
            0.74546
          ],
          [
            3.62057,
            2.26175,
            0.74546
          ],
          [
            1.57864,
            6.6119,
            0.74546
          ],
          [
            0.00317,
            8.45307,
            0.74546
          ],
          [
            -1.21564,
            10.63932,
            0.74546
          ],
          [
            0.00988,
            12.7586,
            0.74546
          ],
          [
            6.11816,
            2.16424,
            0.74546
          ],
          [
            4.88581,
            4.35921,
            0.74546
          ],
          [
            2.31021,
            7.9157,
            0.74546
          ],
          [
            1.32011,
            10.51661,
            0.74546
          ],
          [
            2.48756,
            12.7327,
            0.74546
          ],
          [
            8.59704,
            2.11135,
            0.74546
          ],
          [
            7.34952,
            4.28322,
            0.74546
          ],
          [
            5.99707,
            6.42667,
            0.74546
          ],
          [
            3.78254,
            7.96844,
            0.74546
          ],
          [
            3.86866,
            10.6062,
            0.74546
          ],
          [
            12.31888,
            0.07175,
            0.74546
          ],
          [
            11.04044,
            2.15915,
            0.74546
          ],
          [
            9.77969,
            4.30176,
            0.74546
          ],
          [
            8.50386,
            6.46045,
            0.74546
          ],
          [
            7.21386,
            8.61408,
            0.74546
          ],
          [
            6.18604,
            10.80208,
            0.74546
          ],
          [
            1.22858,
            0.80045,
            0.74546
          ],
          [
            -0.06462,
            2.87816,
            0.74546
          ],
          [
            -1.34953,
            5.00559,
            0.74546
          ],
          [
            -2.50614,
            7.13022,
            0.74546
          ],
          [
            -3.75425,
            9.27103,
            0.74546
          ],
          [
            -4.94361,
            11.4293,
            0.74546
          ],
          [
            3.66624,
            0.7845,
            0.74546
          ],
          [
            2.40457,
            2.98832,
            0.74546
          ],
          [
            2.46339,
            5.34661,
            0.74546
          ],
          [
            0.07519,
            7.02557,
            0.74546
          ],
          [
            -1.23597,
            9.20965,
            0.74546
          ],
          [
            -2.46401,
            11.39455,
            0.74546
          ],
          [
            6.15373,
            0.71332,
            0.74546
          ],
          [
            4.87784,
            2.94242,
            0.74546
          ],
          [
            3.85492,
            5.43269,
            0.74546
          ],
          [
            1.30244,
            9.05002,
            0.74546
          ],
          [
            0.05548,
            11.29807,
            0.74546
          ],
          [
            8.6317,
            0.65949,
            0.74546
          ],
          [
            7.35855,
            2.8482,
            0.74546
          ],
          [
            6.13314,
            5.00144,
            0.74546
          ],
          [
            4.54848,
            6.72604,
            0.74546
          ],
          [
            4.49229,
            9.22216,
            0.74546
          ],
          [
            2.56234,
            11.24955,
            0.74546
          ],
          [
            11.06326,
            0.72217,
            0.74546
          ],
          [
            9.79805,
            2.86432,
            0.74546
          ],
          [
            8.55059,
            5.02458,
            0.74546
          ],
          [
            7.2223,
            7.18133,
            0.74546
          ],
          [
            5.97576,
            9.40298,
            0.74546
          ],
          [
            4.96196,
            11.4886,
            0.74546
          ],
          [
            13.54497,
            0.77621,
            0.74546
          ],
          [
            12.25443,
            2.8777,
            0.74546
          ],
          [
            11.0016,
            5.01841,
            0.74546
          ],
          [
            9.76163,
            7.15722,
            0.74546
          ],
          [
            8.51303,
            9.29869,
            0.74546
          ],
          [
            7.40666,
            11.4768,
            0.74546
          ],
          [
            0.5194,
            4.68247,
            1.61541
          ],
          [
            0.5194,
            4.68247,
            -0.12448
          ]
        ],
        "Stress": [
          [
            -25.14038,
            17.09224,
            0.0
          ],
          [
            17.09224,
            -25.21888,
            0.0
          ],
          [
            0.0,
            0.0,
            -1.61063
          ]
        ],
        "computation_code": "VASP",
        "pseudopotential_information": [
          [
            "PAW_PBE",
            "C",
            "08Apr2002"
          ],
          [
            "PAW_PBE",
            "H",
            "15Jun2001"
          ]
        ]
      }
    ],
    "EnergyStyle": "electronvolt",
    "ForcesStyle": "electronvoltperangstrom",
    "LatticeStyle": "angstrom",
    "PositionsStyle": "angstrom",
    "StressStyle": "kB"
  }
}