{
  "Dataset": {
    "AtomTypeStyle": "chemicalsymbol",
    "Data": [
      {
        "AtomTypes": [
          "C",
          "C",
          "C",
          "C",
          "C",
          "C",
          "C",
          "C",
          "C",
          "C",
          "C",
          "C",
          "C",
          "C",
          "C",
          "C",
          "C",
          "C",
          "C",
          "C",
          "C",
          "C",
          "C",
          "C",
          "C",
          "C",
          "C",
          "C",
          "C",
          "C",
          "C",
          "C",
          "C",
          "C",
          "C",
          "C",
          "C",
          "C",
          "C",
          "C",
          "C",
          "C",
          "C",
          "C",
          "C",
          "C",
          "C",
          "C",
          "C",
          "C",
          "C",
          "C",
          "C",
          "C",
          "C",
          "C",
          "C",
          "C",
          "C",
          "C",
          "C",
          "C",
          "C",
          "C",
          "C",
          "C",
          "C",
          "C",
          "C",
          "C",
          "H",
          "H"
        ],
        "Energy": -553.03527836,
        "Forces": [
          [
            -0.026249,
            0.161625,
            0.0
          ],
          [
            -0.031903,
            -0.095023,
            0.0
          ],
          [
            -0.049302,
            -0.099002,
            0.0
          ],
          [
            0.023186,
            0.012692,
            0.0
          ],
          [
            0.036355,
            -0.06858,
            0.0
          ],
          [
            -0.048724,
            -0.024808,
            0.0
          ],
          [
            -0.033581,
            0.024989,
            0.0
          ],
          [
            -0.119071,
            0.110665,
            0.0
          ],
          [
            0.012283,
            0.092639,
            0.0
          ],
          [
            0.075682,
            0.127743,
            0.0
          ],
          [
            0.130305,
            -0.03886,
            0.0
          ],
          [
            -0.012228,
            -0.047598,
            0.0
          ],
          [
            -0.044701,
            -0.087904,
            0.0
          ],
          [
            -0.062728,
            0.103845,
            0.0
          ],
          [
            0.05174,
            0.058137,
            0.0
          ],
          [
            -0.281803,
            -0.060544,
            0.0
          ],
          [
            0.136953,
            0.017812,
            0.0
          ],
          [
            -0.135845,
            -0.083427,
            0.0
          ],
          [
            -0.090996,
            0.117301,
            0.0
          ],
          [
            -0.023582,
            -0.147617,
            0.0
          ],
          [
            -0.051376,
            -0.001091,
            0.0
          ],
          [
            0.060589,
            -0.188077,
            0.0
          ],
          [
            0.013023,
            0.023517,
            0.0
          ],
          [
            0.059608,
            0.014338,
            0.0
          ],
          [
            0.007769,
            -0.051705,
            0.0
          ],
          [
            0.073556,
            -0.071104,
            0.0
          ],
          [
            0.058241,
            -0.06078,
            0.0
          ],
          [
            0.100018,
            -0.074135,
            0.0
          ],
          [
            0.127179,
            0.042636,
            0.0
          ],
          [
            -0.020114,
            0.024061,
            0.0
          ],
          [
            0.006451,
            -0.148208,
            0.0
          ],
          [
            -0.087195,
            -0.057559,
            0.0
          ],
          [
            -0.005085,
            -0.052862,
            0.0
          ],
          [
            0.186902,
            -0.100227,
            0.0
          ],
          [
            0.084485,
            0.293533,
            0.0
          ],
          [
            0.025475,
            0.024886,
            0.0
          ],
          [
            -0.028253,
            0.054762,
            0.0
          ],
          [
            0.005157,
            0.050931,
            0.0
          ],
          [
            0.07395,
            -0.119867,
            0.0
          ],
          [
            0.06375,
            -0.077598,
            0.0
          ],
          [
            -0.114408,
            -0.056508,
            0.0
          ],
          [
            0.011111,
            0.086166,
            0.0
          ],
          [
            -0.008938,
            0.049931,
            0.0
          ],
          [
            0.029576,
            0.026,
            0.0
          ],
          [
            0.099006,
            -0.048425,
            0.0
          ],
          [
            0.121378,
            -0.00624,
            0.0
          ],
          [
            0.022387,
            -0.030571,
            0.0
          ],
          [
            -0.020113,
            0.006116,
            0.0
          ],
          [
            0.003112,
            -0.058456,
            0.0
          ],
          [
            -0.007108,
            0.187134,
            0.0
          ],
          [
            0.182987,
            -0.030321,
            0.0
          ],
          [
            -0.172551,
            0.122418,
            0.0
          ],
          [
            0.048274,
            0.038001,
            0.0
          ],
          [
            -0.012602,
            -0.071517,
            0.0
          ],
          [
            0.011032,
            -0.051277,
            0.0
          ],
          [
            0.038136,
            0.216681,
            0.0
          ],
          [
            -0.007588,
            -0.057372,
            0.0
          ],
          [
            -0.018881,
            0.106269,
            0.0
          ],
          [
            0.065526,
            -0.073441,
            0.0
          ],
          [
            -0.034138,
            -0.065116,
            0.0
          ],
          [
            -0.049617,
            0.016276,
            0.0
          ],
          [
            -0.037602,
            -0.161962,
            0.0
          ],
          [
            0.331062,
            0.177856,
            0.0
          ],
          [
            0.058255,
            0.049007,
            0.0
          ],
          [
            0.028844,
            -0.063587,
            0.0
          ],
          [
            0.055235,
            -0.186812,
            0.0
          ],
          [
            -0.110459,
            -0.108097,
            0.0
          ],
          [
            -0.033479,
            -0.087697,
            0.0
          ],
          [
            -0.022594,
            -0.117411,
            0.0
          ],
          [
            0.113789,
            0.059575,
            0.0
          ],
          [
            -0.414779,
            0.266923,
            -0.10713
          ],
          [
            -0.414779,
            0.266923,
            0.10713
          ]
        ],
        "Lattice": [
          [
            14.789999008,
            0.0,
            0.0
          ],
          [
            -7.394999504,
            12.808514863,
            0.0
          ],
          [
            0.0,
            0.0,
            14.909274101
          ]
        ],
        "NumAtoms": 72,
        "Positions": [
          [
            7.38166,
            12.77421,
            0.74546
          ],
          [
            13.52301,
            2.10107,
            0.74546
          ],
          [
            -2.40326,
            4.25116,
            0.74546
          ],
          [
            -3.72502,
            6.39114,
            0.74546
          ],
          [
            9.79106,
            8.53108,
            0.74546
          ],
          [
            8.62046,
            10.65643,
            0.74546
          ],
          [
            -4.93031,
            12.7755,
            0.74546
          ],
          [
            1.18359,
            2.01728,
            0.74546
          ],
          [
            0.16941,
            4.12935,
            0.74546
          ],
          [
            -1.21901,
            6.32792,
            0.74546
          ],
          [
            -2.48791,
            8.51271,
            0.74546
          ],
          [
            -3.69126,
            10.65153,
            0.74546
          ],
          [
            4.91632,
            0.01375,
            0.74546
          ],
          [
            3.60216,
            2.19681,
            0.74546
          ],
          [
            1.70093,
            4.22557,
            0.74546
          ],
          [
            1.74037,
            6.69611,
            0.74546
          ],
          [
            -0.0036,
            8.52155,
            0.74546
          ],
          [
            -1.21388,
            10.65808,
            0.74546
          ],
          [
            0.01858,
            12.75491,
            0.74546
          ],
          [
            6.11965,
            2.14928,
            0.74546
          ],
          [
            4.90446,
            4.3303,
            0.74546
          ],
          [
            2.35562,
            8.05108,
            0.74546
          ],
          [
            1.32022,
            10.54934,
            0.74546
          ],
          [
            2.49492,
            12.72424,
            0.74546
          ],
          [
            8.61879,
            2.10199,
            0.74546
          ],
          [
            7.39129,
            4.26013,
            0.74546
          ],
          [
            6.02198,
            6.39751,
            0.74546
          ],
          [
            3.81903,
            7.98723,
            0.74546
          ],
          [
            3.86296,
            10.57962,
            0.74546
          ],
          [
            12.31798,
            0.01969,
            0.74546
          ],
          [
            11.06939,
            2.13196,
            0.74546
          ],
          [
            9.86343,
            4.27447,
            0.74546
          ],
          [
            8.54239,
            6.42273,
            0.74546
          ],
          [
            7.22667,
            8.56181,
            0.74546
          ],
          [
            6.17821,
            10.71921,
            0.74546
          ],
          [
            1.21975,
            0.63319,
            0.74546
          ],
          [
            -0.03336,
            2.74598,
            0.74546
          ],
          [
            -1.10453,
            4.90483,
            0.74546
          ],
          [
            -2.4806,
            7.08543,
            0.74546
          ],
          [
            -3.73563,
            9.22943,
            0.74546
          ],
          [
            -4.92365,
            11.3557,
            0.74546
          ],
          [
            3.66399,
            0.74012,
            0.74546
          ],
          [
            2.29442,
            2.84976,
            0.74546
          ],
          [
            2.50096,
            5.34831,
            0.74546
          ],
          [
            -0.12821,
            7.16527,
            0.74546
          ],
          [
            -1.25761,
            9.24184,
            0.74546
          ],
          [
            -2.45804,
            11.3837,
            0.74546
          ],
          [
            6.1592,
            0.70255,
            0.74546
          ],
          [
            4.85837,
            2.90085,
            0.74546
          ],
          [
            3.90474,
            5.41838,
            0.74546
          ],
          [
            1.32415,
            9.09259,
            0.74546
          ],
          [
            0.06442,
            11.30953,
            0.74546
          ],
          [
            8.64631,
            0.65206,
            0.74546
          ],
          [
            7.37688,
            2.8337,
            0.74546
          ],
          [
            6.15944,
            4.9721,
            0.74546
          ],
          [
            4.57739,
            6.69982,
            0.74546
          ],
          [
            4.50901,
            9.19382,
            0.74546
          ],
          [
            2.56661,
            11.24679,
            0.74546
          ],
          [
            11.07911,
            0.70163,
            0.74546
          ],
          [
            9.83982,
            2.84198,
            0.74546
          ],
          [
            8.61221,
            4.98952,
            0.74546
          ],
          [
            7.2558,
            7.14076,
            0.74546
          ],
          [
            5.98033,
            9.34032,
            0.74546
          ],
          [
            4.95949,
            11.43449,
            0.74546
          ],
          [
            13.54506,
            0.69541,
            0.74546
          ],
          [
            12.30965,
            2.83235,
            0.74546
          ],
          [
            11.11937,
            4.97208,
            0.74546
          ],
          [
            9.80107,
            7.11171,
            0.74546
          ],
          [
            8.53142,
            9.23998,
            0.74546
          ],
          [
            7.40174,
            11.37709,
            0.74546
          ],
          [
            1.17039,
            6.51404,
            1.71153
          ],
          [
            1.17039,
            6.51404,
            -0.22061
          ]
        ],
        "Stress": [
          [
            -26.86467,
            21.12625,
            0.0
          ],
          [
            21.12625,
            -6.02263,
            0.0
          ],
          [
            0.0,
            0.0,
            -1.75863
          ]
        ],
        "computation_code": "VASP",
        "pseudopotential_information": [
          [
            "PAW_PBE",
            "C",
            "08Apr2002"
          ],
          [
            "PAW_PBE",
            "H",
            "15Jun2001"
          ]
        ]
      }
    ],
    "EnergyStyle": "electronvolt",
    "ForcesStyle": "electronvoltperangstrom",
    "LatticeStyle": "angstrom",
    "PositionsStyle": "angstrom",
    "StressStyle": "kB"
  }
}